/*
 Navicat Premium Data Transfer

 Source Server         : dtcmsdb4
 Source Server Type    : MySQL
 Source Server Version : 50649
 Source Host           : 8.129.165.170:3306
 Source Schema         : dtcmsdb4

 Target Server Type    : MySQL
 Target Server Version : 50649
 File Encoding         : 65001

 Date: 12/11/2021 19:14:28
*/

SET NAMES utf8mb4;
SET FOREIGN_KEY_CHECKS = 0;

-- ----------------------------
-- Table structure for dt_article
-- ----------------------------
DROP TABLE IF EXISTS `dt_article`;
CREATE TABLE `dt_article`  (
  `id` int(11) NULL DEFAULT NULL,
  `channel_id` int(11) NULL DEFAULT NULL,
  `category_id` int(11) NULL DEFAULT NULL,
  `call_index` varchar(50) CHARACTER SET utf8 COLLATE utf8_general_ci NULL DEFAULT NULL,
  `title` varchar(100) CHARACTER SET utf8 COLLATE utf8_general_ci NULL DEFAULT NULL,
  `link_url` varchar(255) CHARACTER SET utf8 COLLATE utf8_general_ci NULL DEFAULT NULL,
  `img_url` varchar(255) CHARACTER SET utf8 COLLATE utf8_general_ci NULL DEFAULT NULL,
  `seo_title` varchar(255) CHARACTER SET utf8 COLLATE utf8_general_ci NULL DEFAULT NULL,
  `seo_keywords` varchar(255) CHARACTER SET utf8 COLLATE utf8_general_ci NULL DEFAULT NULL,
  `seo_description` varchar(255) CHARACTER SET utf8 COLLATE utf8_general_ci NULL DEFAULT NULL,
  `tags` varchar(255) CHARACTER SET utf8 COLLATE utf8_general_ci NULL DEFAULT NULL,
  `zhaiyao` varchar(255) CHARACTER SET utf8 COLLATE utf8_general_ci NULL DEFAULT NULL,
  `content` longtext CHARACTER SET utf8 COLLATE utf8_general_ci NULL,
  `sort_id` int(11) NULL DEFAULT NULL,
  `click` int(11) NULL DEFAULT NULL,
  `status` int(11) NULL DEFAULT NULL,
  `is_msg` int(11) NULL DEFAULT NULL,
  `is_top` int(11) NULL DEFAULT NULL,
  `is_red` int(11) NULL DEFAULT NULL,
  `is_hot` int(11) NULL DEFAULT NULL,
  `is_slide` int(11) NULL DEFAULT NULL,
  `is_sys` int(11) NULL DEFAULT NULL,
  `user_name` varchar(100) CHARACTER SET utf8 COLLATE utf8_general_ci NULL DEFAULT NULL,
  `add_time` timestamp NOT NULL DEFAULT CURRENT_TIMESTAMP ON UPDATE CURRENT_TIMESTAMP,
  `update_time` timestamp NOT NULL DEFAULT '2019-01-01 00:00:00'
) ENGINE = InnoDB AVG_ROW_LENGTH = 4778 CHARACTER SET = utf8 COLLATE = utf8_general_ci ROW_FORMAT = DYNAMIC;

-- ----------------------------
-- Records of dt_article
-- ----------------------------
INSERT INTO `dt_article` VALUES (13, 6, 13, '', '校级优秀团员', '', '/校级优秀团员.jpg', '1季度多家房企利润跌幅超50% 去库存促销战打响', '房企利润,跌幅,无理由退房,超过', '1季度多家房企利润跌幅超50% 去库存促销战打响,房企利润 跌幅 无理由退房 超过', '房企利润,跌幅', '房企一季度销售业绩已经陆续公布，克而瑞研究中心统计数据显示，今年一季度，TOP20的房企仅6家实现业绩同比增长。多家企业销售下滑 记者了解到，虽然恒大、融创一季度交出了不错的答卷，但是，万科等排名靠前的房企均出现销售下滑。其中万科公布前三个月销售金额为460.6亿元，…', '<p>\r\n	拾得地点：图书馆门口\r\n</p>\r\n<p>\r\n	拾得时间：2021.10.19\r\n</p>\r\n<p>\r\n	联系QQ：1357388630\r\n</p>\r\n<p align=\"center\">\r\n	<span style=\"color:#FF0000;font-size:16px;\"><img class=\"gomeImgLoad\" alt=\"\" src=\"http://photo.tdl.cool/校级优秀团员.jpg\" /></span> \r\n</p>', 99, 1, 0, 1, 0, 1, 0, 0, 1, 'admin', '2021-10-26 21:24:30', '2016-12-06 17:04:16');
INSERT INTO `dt_article` VALUES (14, 6, 13, '', '电脑', '', '/电脑.jpg', '买房还是炒股，2015年买房无法拒绝的5大理由', '买房,炒股', '关于买房还是炒股的话题再次老生常谈。炒股好还是买房好，当一路高歌猛进的股市遇到大手笔的楼市新政，人们如何在炒股与买房之间做出选择，似乎更加困难', '买房,炒股', '转眼间2015年已经过去了4个月，在这短短的四个月，股市攀升到了4000点， 这让很多原本对股市不抱期望的人再度春心萌动。同样，在这个四个月的时间里，楼市经历了死而复活聚变，一浪高过一浪的救市政策把楼市推到风口浪尖至少，房价涨声再起', '<p>\r\n	拾得地点：图书馆门口\r\n</p>\r\n<p>\r\n	拾得时间：2021.10.19\r\n</p>\r\n<p>\r\n	联系QQ：1357388630\r\n</p>\r\n<p align=\"center\">\r\n	<span style=\"color:#FF0000;font-size:16px;\"><img class=\"gomeImgLoad\" alt=\"\" src=\"http://photo.tdl.cool/电脑.jpg\" /></span> \r\n</p>', 99, 2, 0, 1, 0, 1, 0, 0, 1, 'admin', '2021-11-10 19:41:49', '2015-04-16 12:06:02');
INSERT INTO `dt_article` VALUES (15, 6, 12, '', '干脆面', '', '/干脆面.jpg', '抢先实拍猎豹CS10 霸气时尚2.0T涡轮增压', '猎豹CS10,上海车展', '', '猎豹CS10', '在SUV当道的天下，许多自主品牌相继推出了旗下多款SUV，想要在这个大市场划分一块田地。此次，作为多年生产硬派越野车的汽车企业猎豹汽车也紧随其后，即将推出量产SUV-猎豹CS10，这一越野车型会不会在市场上掀起波澜？又是否能真正帮助猎豹品牌在市场重塑地位？这一切我们不得…', '<p>\r\n	拾得地点：图书馆门口\r\n</p>\r\n<p>\r\n	拾得时间：2021.10.19\r\n</p>\r\n<p>\r\n	联系QQ：1357388630\r\n</p>\r\n<p align=\"center\">\r\n	<span style=\"color:#FF0000;font-size:16px;\"><img class=\"gomeImgLoad\" alt=\"\" src=\"http://photo.tdl.cool/干脆面.jpg\" /></span> \r\n</p>', 99, 1, 0, 1, 0, 0, 0, 1, 1, 'admin', '2021-11-10 19:41:54', '2016-12-06 17:04:16');
INSERT INTO `dt_article` VALUES (16, 6, 12, '', '充电宝', '', '/充电宝.jpg', '长城汽车不走高端很快就会死 哈弗H8卷土重来', '长城汽车不走高端很快就会死 哈弗H8卷土重来,长城', '一辆豪华日系SUV是他的座驾，魏建军几乎是尾随参与试驾的媒体记者们而来。这位平素一贯喜欢一门心思扎在车间不爱应酬的长城汽车掌门人这天为何表现出少有的兴奋与热情', '哈弗H8', '&amp;emsp;&amp;emsp;一辆豪华日系SUV是他的座驾，魏建军几乎是尾随参与试驾的媒体记者们而来。这位平素一贯喜欢一门心思扎在车间不爱应酬的长城汽车掌门人这天为何表现出少有的兴奋与热情？&amp;emsp;&amp;emsp;或许他是迫切地想知道，这些在道路试驾中前半段路程中试乘了保时…', '<p>\r\n	拾得地点：图书馆门口\r\n</p>\r\n<p>\r\n	拾得时间：2021.10.19\r\n</p>\r\n<p>\r\n	联系QQ：1357388630\r\n</p>\r\n<p align=\"center\">\r\n	<span style=\"color:#FF0000;font-size:16px;\"><img class=\"gomeImgLoad\" alt=\"\" src=\"http://photo.tdl.cool/充电宝.jpg\" /></span> \r\n</p>', 99, 0, 0, 1, 0, 0, 0, 0, 1, 'admin', '2021-11-10 19:45:11', '2016-12-06 17:04:16');
INSERT INTO `dt_article` VALUES (17, 6, 12, '', '充电宝', '', '/充电宝1.jpg', '哈弗H6 比亚迪S7 长安CS75怎么样 看看车主说法', '哈弗H6,比亚迪S7,长安CS75', '国产SUV车型当中，最当红的3款非哈弗H6、比亚迪S7与长安CS75了。那么分属不同企业的3款车型，用着到底怎么样，看看车主怎么说', '哈弗H6,比亚迪S7,长安CS75', '&amp;emsp;&amp;emsp;国产SUV车型当中，最当红的3款非哈弗H6、比亚迪S7与长安CS75了。那么分属不同企业的3款车型，用着到底怎么样，看看车主怎么说。&amp;emsp;&amp;emsp;月销3万已经不再是哈弗H6的新闻，随着哈弗H6 Coupe的上市，这款车的目标应该是月销5万了。在H6的口碑调查…', '<p>\r\n	拾得地点：图书馆门口\r\n</p>\r\n<p>\r\n	拾得时间：2021.10.19\r\n</p>\r\n<p>\r\n	联系QQ：1357388630\r\n</p>\r\n<p align=\"center\">\r\n	<span style=\"color:#FF0000;font-size:16px;\"><img class=\"gomeImgLoad\" alt=\"\" src=\"http://photo.tdl.cool/充电宝1.jpg\" /></span> \r\n</p>', 99, 10, 0, 1, 0, 0, 0, 0, 1, 'admin', '2021-11-10 19:44:50', '2016-12-06 17:04:16');
INSERT INTO `dt_article` VALUES (18, 6, 10, '', '剪刀', '', '/剪刀.jpg', '工信部回应李克强呼吁：让网速更快 价格更优惠', '工信部,李克强,网速提速,价格更优惠', '今年宽带专项行动中加快4G建设、大幅提升网速等工作的力度，使老百姓上网速度更快，价格更优惠', '', '近年来，关于手机流量资费贵和网速慢是社会关注和领导关切的热点问题，我部一直与相关部委共同深入落实宽带中国战略，推动企业加大网络投资、降低手机流量资费。为落实李克强总理指示，我部将加大今年宽带专项行动中加快4G建设、大幅提升网速等工作的力度，使老百姓上网速度更…', '<p>\r\n	拾得地点：图书馆门口\r\n</p>\r\n<p>\r\n	拾得时间：2021.10.19\r\n</p>\r\n<p>\r\n	联系QQ：1357388630\r\n</p>\r\n<p align=\"center\">\r\n	<span style=\"color:#FF0000;font-size:16px;\"><img class=\"gomeImgLoad\" alt=\"\" src=\"http://photo.tdl.cool/校级优秀团员.jpg\" /></span> \r\n<p>\r\n	拾得地点：图书馆门口\r\n</p>\r\n<p>\r\n	拾得时间：2021.10.19\r\n</p>\r\n<p>\r\n	联系QQ：1357388630\r\n</p>\r\n<p align=\"center\">\r\n	<span style=\"color:#FF0000;font-size:16px;\"><img class=\"gomeImgLoad\" alt=\"\" src=\"http://photo.tdl.cool/剪刀.jpg\" /></span> \r\n</p>', 99, 0, 0, 1, 0, 0, 0, 0, 1, 'admin', '2021-11-10 19:45:51', '2015-04-16 12:40:26');
INSERT INTO `dt_article` VALUES (19, 6, 11, '', '大宝', '', '/大宝.jpg', '三星S6造价更高 卖得却比iPhone 6便宜', '三星S6,iPhone 6', '根据调研公司IHS的拆机分析，三星最新推出的旗舰智能手机Galaxy S6 Edge是目前制造和组装成本最高的主流手机。', '三星S6', '根据调研公司IHS的拆机分析，三星最新推出的旗舰智能手机Galaxy S6 Edge是目前制造和组装成本最高的主流手机。IHS拆解了提供给美国无线运营商Verizon Wireless出售的64GB版本的Galaxy S6 Edge手机，估计其零件和组装成本为290美元。这个成本比去年发布的Galaxy S5手机高34美元…', '<p>\r\n	拾得地点：图书馆门口\r\n</p>\r\n<p>\r\n	拾得时间：2021.10.19\r\n</p>\r\n<p>\r\n	联系QQ：1357388630\r\n</p>\r\n<p align=\"center\">\r\n	<span style=\"color:#FF0000;font-size:16px;\"><img class=\"gomeImgLoad\" alt=\"\" src=\"http://photo.tdl.cool/大宝.jpg\" /></span> \r\n</p>', 99, 0, 0, 1, 0, 0, 0, 0, 1, 'admin', '2021-11-10 19:46:16', '2016-12-06 17:04:16');
INSERT INTO `dt_article` VALUES (20, 6, 11, '', '纯牛奶', '', '/纯牛奶.jpg', '乐视手机遭疯狂吐槽 忽不忽悠看了再说', '手机,苹果,乐视手机', '乐视手机好不好，会不会热卖。你我说了不算，机构说了不算，最终还是市场说了算，乐视手机的核心优势是移动端的视频娱乐，也就是核心生态。小米也宣传自己卖的不是手机，而是生态，既然是生态，就得有内容，有配套，有实质的产品要客户去消费', '乐视手机', '昨天，乐视发布了3款手机，乐1、乐1Pro和乐Max，定价分别为1499、2499，乐Max采用全民定价尚未披露价格。一时间，乐视网[0.17% 资金 研报]和贾跃亭再次被推上风口。这年头，传统的制造企业转型造手机屡见不鲜,不可否认，这是一个门槛很低的行业，乐视发布其手机虽是意料之中，…', '<p>\r\n	拾得地点：图书馆门口\r\n</p>\r\n<p>\r\n	拾得时间：2021.10.19\r\n</p>\r\n<p>\r\n	联系QQ：1357388630\r\n</p>\r\n<p align=\"center\">\r\n	<span style=\"color:#FF0000;font-size:16px;\"><img class=\"gomeImgLoad\" alt=\"\" src=\"http://photo.tdl.cool/纯牛奶.jpg\" /></span> \r\n</p>', 99, 0, 0, 1, 1, 0, 0, 0, 1, 'admin', '2021-11-10 19:46:32', '2016-12-06 17:04:16');
INSERT INTO `dt_article` VALUES (21, 6, 10, '', '假宽带频现 什么是真正的光纤宽带？', '', '', '假宽带频现 什么是真正的光纤宽带？', '光纤宽带,光纤,宽带', '宽带已经是大家日常生活必不可少的必须品，也是国民经济的基础建设。不过大家会不会经常有这样的感觉，各大商家打出来的广告十分诱人，超低的价格，超高的带宽', '', '&amp;emsp;&amp;emsp;OFweek光通讯网讯 宽带已经是大家日常生活必不可少的必须品，也是国民经济的基础建设。不过大家会不会经常有这样的感觉，各大商家打出来的广告十分诱人，超低的价格，超高的带宽。可是越来越多的人发现，在办理了所谓的超高带宽的光纤宽带之后，网速却没有…', '<p>\r\n	拾得地点：图书馆门口\r\n</p>\r\n<p>\r\n	拾得时间：2021.10.19\r\n</p>\r\n<p>\r\n	联系QQ：1357388630\r\n</p>\r\n<p align=\"center\">\r\n	<span style=\"color:#FF0000;font-size:16px;\"><img class=\"gomeImgLoad\" alt=\"\" src=\"http://photo.tdl.cool/校级优秀团员.jpg\" /></span> \r\n</p>', 99, 0, 0, 1, 0, 0, 0, 0, 1, 'admin', '2021-10-26 21:26:02', '2016-12-06 17:04:16');
INSERT INTO `dt_article` VALUES (22, 6, 8, '', '58同城与赶集网最快今日将宣布合并', '', '', '58同城与赶集网最快今日将宣布合并', '58同城与赶集网最快今日将宣布合并', '外媒援引消息人士称，58同城和赶集网合并后的新公司估值最高将达到100亿美元', '', '北京时间4月16日消息，腾讯科技通过可靠渠道获知，58同城与赶集网将正式合并，消息最快将于今天公布。此前，据外媒援引消息人士称，58同城和赶集网合并后的新公司估值最高将达到100亿美元。58同城和赶集网都成立于2005年，分类信息平台的模式使得双方在创立后的多年里基本处于…', '<p>\r\n	拾得地点：图书馆门口\r\n</p>\r\n<p>\r\n	拾得时间：2021.10.19\r\n</p>\r\n<p>\r\n	联系QQ：1357388630\r\n</p>\r\n<p align=\"center\">\r\n	<span style=\"color:#FF0000;font-size:16px;\"><img class=\"gomeImgLoad\" alt=\"\" src=\"http://photo.tdl.cool/校级优秀团员.jpg\" /></span> \r\n</p>', 99, 0, 0, 1, 0, 0, 0, 1, 1, 'admin', '2021-10-26 21:26:06', '2015-04-16 13:03:18');
INSERT INTO `dt_article` VALUES (23, 6, 7, '', '电商下乡，京东、苏宁、阿里农村遭遇战打响？', '', '', '电商下乡，京东、苏宁、阿里农村遭遇战打响？', '电商下乡,苏宁,京东,阿里', '2015年，各大电商逐鹿广袤的农村市场，一场圈地运动正在上演，焦点之战在家电市场首先展开。4月9日，京东公布农村电商发展的阶段性成果，其中定位于农村大家电营销', '', '2015年，各大电商逐鹿广袤的农村市场，一场圈地运动正在上演，焦点之战在家电市场首先展开。4月9日，京东公布农村电商发展的阶段性成果，其中定位于农村大家电营销、配送、安装、维修的京东帮服务店表现抢眼——4个月时间，开设了超过…', '<p>\r\n	&emsp;&emsp;2015年，各大电商逐鹿广袤的农村市场，一场圈地运动正在上演，焦点之战在家电市场首先展开。\r\n</p>\r\n<p>\r\n	&emsp;&emsp;4月9日，京东公布农村电商发展的阶段性成果，其中定位于农村大家电营销、配送、安装、维修的京东帮服务店表现抢眼——4个月时间，开设了超过400家服务店，服务范围辐射超过10万个行政村。从去年11月20日在河北赵县开通第一家服务店以来，京东帮服务店展开迅猛，日均开店3家，单日开店最高55家。2015年，京东将电商下乡的目标确定为开设500家县级服务中心、招募数万名乡村推广员，建立1000家左右的京东帮服务店。\r\n</p>\r\n<p>\r\n	&emsp;&emsp;最近，苏宁宣布在2015年计划建成1500家苏宁易购服务站，并计划在5年内建立10000家，深入全国乡村，从渠道建设层面打通“农村电商”发展壁垒。阿里巴巴则在去年10月提出“千县万村”计划，将在3至5年内投资100亿元在县级地和农村建立线下服务点，具体将建立1000个县级运营中心和10万个村级服务站。\r\n</p>\r\n<p>\r\n	&emsp;&emsp;在电商下乡的拓展中，京东、苏宁和阿里巴巴在策略上，都是物流先行，构建起一张从县到村的线下服务点组成的地网。不同的是，京东还选择了第三方合作的方式，在每个县选择一家有经验的合作伙伴开通京东帮服务店，并通过系列服务和支持将其纳入到京东物流体系中，并基于农村的特点，承担起大家电营销、配送、安装、维修等综合职能。苏宁和阿里巴巴则整合第三方物流，构建覆盖农村的服务网络。\r\n</p>\r\n<p>\r\n	&emsp;&emsp;京东、苏宁和阿里巴巴挺进农村，首当其冲受到影响的是苏宁。苏宁在全国拥有1400家线下店，其中很多都是在三到六线地区，就像一线城市昔日电商的发展冲击线下店一样，当电商进入农村，最先受到影响的就是线下实体店。以家电为例，以前农民买电视，基本上只有去县城的电器实体店购买一条路径，现在他们可以选择像京东帮一样的电商服务店，价格便宜、服务到家、安装售后一条龙，农民又何乐而不为呢？\r\n</p>\r\n<p>\r\n	&emsp;&emsp;正如当年京东家电对苏宁的冲击一样，一场新的京东苏宁家电大战在农村拉开序幕，这次可能真的要革线下的命。在北京、上海、广州这样的一线城市，人们已经习惯在网上买东西，尤其在互联网环境下长大的80后也要买房装修购家电时，他们已经不再去线下实体店买东西了。苏宁现在赖以生存的就是三到六线地区的线下实体店，当京东在农村采用第三方合作的方式，快速拓店、服务到村的时候，对苏宁线下实体店的冲击将非常大。据京东披露的数据，京东帮服务店拉动的订单增长环比开店前已超过105%，其中华南区域已超过200%。\r\n</p>\r\n<p>\r\n	&emsp;&emsp;更重要的是，京东正在将自营的管理模式运用到京东帮服务店的运营中，这与苏宁的第三方物流模式形成鲜明的对比。据了解，京东帮服务店采用第三方合作的方式，因为申请者众多，京东选择合作方非常严格，最终入选的京东帮帮主都是具有丰富的家电配送、安装、维修等方面的经验。因为每个县只有一个京东帮，加之京东提供了系统、技术、品牌、营销等方面的支持，并为京东帮提供销售返点、配送安装补贴等服务，使得京东帮与京东结成了紧密的利益共同体，形成了类京东自营的体验。相比之下，苏宁采用第三方配送与供应商安装的模式则劣势明显，无法做到类似京东的一站式服务。从这个角度来看，京东帮虽然一个县只有一个，但能实现更好的体验，少而精。苏宁和阿里巴巴虽然通过第三方加盟的方式能够快速拓点，但造成了互相之间的竞争，服务参差不齐，多而杂。\r\n</p>\r\n<p>\r\n	&emsp;&emsp;无论是京东、苏宁，还是阿里巴巴，都在将触角伸向农村，目的很简单，就是在一线城市网购市场日渐饱和的情况下，开辟新的增长蓝海。相比京东和阿里巴巴的轻装上阵，苏宁则比较纠结为难，京东在迅速实现家电在一线地区崛起的同时，利用京东帮这样的独特模式，快速铺开，真正危机到了苏宁的根本。\r\n</p>\r\n<p>\r\n	&emsp;&emsp;京东、苏宁与阿里巴巴，在2015年的农村，正在激发一场新的战役。“得农村者，得天下”，让我们拭目以待！\r\n</p>\r\n<p>\r\n	&emsp;&emsp;南冥一鲨(微信公众号：southsharker)：解读行业发展的大势，揭示新闻背后的真相，总结互联网化的经验教训。关注南冥一鲨，在这里读懂互联网，因为知大势，方能赢未来。\r\n</p>', 99, 0, 0, 0, 1, 1, 0, 0, 1, 'admin', '2021-10-26 21:03:38', '2015-04-16 13:30:06');
INSERT INTO `dt_article` VALUES (24, 6, 6, '', '易车总裁邵京宁：汽车行业电商化的三个阶段', '', '', '易车总裁邵京宁：汽车行业电商化的三个阶段', '车电商 易车 4S店 电商 O2O', '电商只是噱头，产品仍以传统产品为主，4S店主要还是线下的销售渠道，汽车厂商也并没有销售的增长，它的运营的效率和成效也并没有实质性的提升。购车的环节从C端体验来看也没有获得更大的优化，用户并没有获得更好的用户体验', '', '易车总裁邵京宁在艾瑞年度高峰会议上表示，汽车行业作为一个体量大且精英化的行业，与互联网的结合较其他行业相比更为缓慢。邵京宁认为，汽车作为一个拥有百年历史的重要的民用固造产业，拥有很深的制造业思维，是非常“骄傲和顽固”的，这造成了与互联网融合的缓慢。易车对国…', '易车总裁邵京宁在艾瑞年度高峰会议上表示，汽车行业作为一个体量大且精英化的行业，与互联网的结合较其他行业相比更为缓慢。\r\n<p>\r\n	邵京宁认为，汽车作为一个拥有百年历史的重要的民用固造产业，拥有很深的制造业思维，是非常“骄傲和顽固”的，这造成了与互联网融合的缓慢。\r\n</p>\r\n<p>\r\n	易车对国内51家汽车企业做的调查显示，有55%的互联网营销部门设置在市场部门下面，有10%左右是在销售部下面，有12%没有设定，仅有有3%是独特的销售互联网营销部门。\r\n</p>\r\n<p>\r\n	邵京宁认为，汽车行业的营销和电商还处于一体化阶段，概念还没有成型，还在业务的尝试和摸索当中。可能未来几年之后这个界限会看得更清楚。而过程会经历以下三个阶段：\r\n</p>\r\n<p>\r\n	第一个阶段，电商只是拿来作为噱头，这也是目前的主要的阶段。电商只是噱头，产品仍以传统产品为主，4S店主要还是线下的销售渠道，汽车厂商也并没有销售的增长，它的运营的效率和成效也并没有实质性的提升。购车的环节从C端体验来看也没有获得更大的优化，用户并没有获得更好的用户体验。\r\n</p>\r\n<p>\r\n	第二阶段，依托4S店体系进行厂下销售，这一阶段，从消费者体验来看是最新的尝试体验。依托4S店体系进行厂下销售，经销商负责展示和服务，承担轻库存。邵京宁认为，这种方式可以解决因产定销造成的厂商批发任务刚性，一旦市场销售不出去导致的大量存货、价格下降等问题。\r\n</p>\r\n<p>\r\n	第三阶段是C2B模式研发与生产，即建立以消费者为中心的服务体系，用户可以深度地参与品牌研发和营销的过程。从而最终影响到最高级别的品牌层级的变化，产生互联网思维的以人为本思维的汽车品牌。邵京宁认为，这应该是目前行业可以想象和预见到的最高级阶段。\r\n</p>', 99, 0, 0, 1, 0, 0, 0, 0, 1, 'admin', '2021-10-26 21:03:36', '2016-12-06 17:04:16');
INSERT INTO `dt_article` VALUES (25, 6, 6, '', '小米董事长雷军：手把手教你做新电商', '', '', '小米董事长雷军：手把手教你做新电商', '小米,雷军,电商', '米电商的崛起，胜在重新制定生态规则的整体打法，从销售模式、电商系统搭建、物流系统支撑、社会化媒体运营等各维度构成一个业界从未见过的新架构整体', '', '小米电商的崛起，胜在重新制定生态规则的整体打法，从销售模式、电商系统搭建、物流系统支撑、社会化媒体运营等各维度构成一个业界从未见过的新架构整体。这也是为何很多对手尝试用小米模式围堵小米时，从一些单点切入模仿，却又浑身别扭的症结所在。用体系化的思维来看小米电…', '<p>\r\n	小米电商的崛起，胜在重新制定生态规则的整体打法，从销售模式、电商系统搭建、物流系统支撑、社会化媒体运营等各维度构成一个业界从未见过的新架构整体。这也是为何很多对手尝试用小米模式围堵小米时，从一些单点切入模仿，却又浑身别扭的症结所在。\r\n</p>\r\n<p>\r\n	用体系化的思维来看小米电商这个新事物，或许能对所谓“小米思维”有一些新的理解：\r\n</p>\r\n<p>\r\n	<strong>一、极致产品“混搭”强峰值承载力</strong>\r\n</p>\r\n<p>\r\n	先看一个小米网在2011年时的电商雏形实验：为了跑顺从零起步的电商系统，小米联合创始人黎万强跟团队商量先做一个“小米小卖部”，并特地从外面购来若干箱的可乐，准备做线上特卖。刚开始有人建议一元一罐，黎万强说“要做就做狠的，一毛钱！”于是，黎万强统发了内部邮件，鼓励小米员工在午饭时间下单抢可乐，并安排专人在领取处询问购买体验。\r\n</p>\r\n<p>\r\n	从这个故事基本能梳理出小米网的一些模式特点：一是销售具有引爆力的拳头产品，价格贴着成本走，以高性价比提供稀缺价值。此次米粉节首轮放出的50万台手机15分钟内即告售罄，小米移动电源（49元/69元价位）则成为首个破10万件销售的明星配件；二是特定时间段集中售卖，这要求配备一个强悍的系统可以负载峰值访问冲击。此次米粉节峰值访问高达1500万人次，后台大秒系统安然无恙，相比此前易迅、微博等平台与小米合作时的宕机窘态，足以说明小米电商的峰值承载能力早已走在前列。\r\n</p>\r\n<p>\r\n	我得到的消息是小米网的数据中心服务器数还不到1000台，与阿里、京东等巨头的庞大机器规模相比，堪称小而精悍，但单位投入效益极高。这是在过去2年半中几乎每周一次的峰值冲击中，逐渐磨合出来的。\r\n</p>\r\n<p>\r\n	<strong>二、“JustInTime+”物流体系</strong>\r\n</p>\r\n<p>\r\n	4月8日下午13：29分，顺丰快递员将米粉节第一单交到了南京一位女用户的手中，从下单、出库到妥投仅用3个多小时。\r\n</p>\r\n<p>\r\n	小米正越来越快。在创业之初，小米是在卷石大厦的紫米会议室现场发货，最开始的一两个月库存周转要30天。此后，小米迅速铺开全国物流、售后体系的建设。至今已陆续在全国开设了10个仓储物流中心，团队规模从400人扩充到1500人，据说库存周期时间逐渐缩短到了7天，同城极速配服务基本可以做到48小时上门，由此基本构筑了支撑小米电商崛起的物流配送网络。\r\n</p>\r\n<p>\r\n	实际上，小米的物流体系在起步之初就借鉴了丰田的JIT（JustInTime准时生产）模式，打造一套力求库存最小化的敏捷生产系统。但小米模式的独特之处在于，它的线上打法缩减了递增的中间渠道环节，极大缩减了终端需求数据的回流时间，并由此发展出了一种极速供应链玩法：提前一周收集预售订单数据，并结合当周的销售额、百度指数、论坛与微博话题热度等指数，制定下一周的生产量级，即本周生产量为下周销售量，货到仓库后即时发出，整个流程接近于零库存。\r\n</p>\r\n<p>\r\n	这种“JustInTime+”模式需要极强的系统对接能力，以及敏捷的生产与精准的配送能力。比如，小米的销售部门会照每月、每周给代工厂传递总体订单信息，但一定会每天实时调整排产计划。而小米物流运营中心会实时对接上游代工厂与下游物流配送商，车辆守在车间外，出货即装载，到仓即发货，以此达到物流发货能力最大化、库存积压最小化。\r\n</p>', 99, 0, 0, 1, 0, 0, 0, 0, 1, 'admin', '2015-04-16 13:42:05', '2016-12-06 17:04:16');
INSERT INTO `dt_article` VALUES (26, 6, 6, '', '走小米的路子就想颠覆苹果？乐视君，你还是醒醒吧', '', '', '走小米的路子就想颠覆苹果？乐视君，你还是醒醒吧', '科技资讯,商业评论,明星公司动态,宏观趋势,精选,有料,干货,有用,细节,内幕', '贾跃亭终于在万事达中心发布了久违的3款乐视超级手机。此前贾跃亭曾放言要颠覆苹果，在看完这场发布会后，嗅君觉得乐视要颠覆苹果还为时尚早', '', '在北京气温骤升的4月14日，贾跃亭终于在万事达中心发布了久违的3款乐视超级手机。此前贾跃亭曾放言要颠覆苹果，在看完这场发布会后，嗅君觉得乐视要颠覆苹果还为时尚早。背景复习：乐视手机可能是贾跃亭的豪赌“乐视手机此次跟代工厂签订的首批订单量为30万台，目前代工厂已交…', '<p>\r\n	在北京气温骤升的4月14日，贾跃亭终于在万事达中心发布了久违的3款乐视超级手机。此前贾跃亭曾放言要颠覆苹果，在看完这场发布会后，嗅君觉得乐视要颠覆苹果还为时尚早。\r\n</p>\r\n<p>\r\n	<strong>背景复习：乐视手机可能是贾跃亭的豪赌</strong>\r\n</p>\r\n<p>\r\n	“乐视手机此次跟代工厂签订的首批订单量为30万台，目前代工厂已交付21万台”。如果这一消息可靠，结论有二：\r\n</p>\r\n<p>\r\n	1、贾跃亭乐视手机上的投入堪称豪赌：即便以平均每台成本1000元估算，这批订单就要花去3亿。这不是一笔小数，根据乐视网发布的年报，其2014年净利润不过3.64亿元。\r\n</p>\r\n<p>\r\n	2、贾跃亭似乎并不是只想讲一个故事就算了，而是真想卖手机，根据此前驱动之家的报道，当初锤子手机对富士康的首批签单为也不过20万台左右。\r\n</p>\r\n<p class=\"text-big-title\">\r\n	<strong>像小米，但比小米更狠</strong>\r\n</p>\r\n<p>\r\n	小米已经是国内手机行业绕不开的一个存在，也是乐视在智能电视市场的老对手。但乐视手机发布会上透露的信息和战略思路，却像极了小米的路子，在“不靠硬件赚钱，靠服务赚钱”的道路上，乐视似乎走得更远。\r\n</p>\r\n<p>\r\n	单看参数，确实都已经达到了旗舰级别。虽然“不服跑个分”这个梗已经被国内手机厂商玩坏，但贾跃亭还是秀了乐1突破5万的安兔兔跑分。\r\n</p>\r\n<p>\r\n	除了展示旗舰级别的配置参数、跑分，乐视还请来了供应商高通和夏普的高管为自己站台。利用顶级供应商的品牌为自己背书，这也是小米早期用过的策略。\r\n</p>\r\n<p>\r\n	这估计是最让友商们无语的一段。雷军总说小米“贴着成本定价”、“不靠硬件赚钱”，贾跃亭则更加激进，为了显示乐视不靠硬件赚钱，直接就公布了乐1和乐1Pro的BOM成本\r\n</p>\r\n<p>\r\n	对大多数行业而言，详细的成本计算即便不算商业机密，也是不便公开讨论的事项，毕竟很少有企业会把自己的账本给外人看。乐视此举，确实前无古人。\r\n</p>\r\n<p>\r\n	除了公布BOM，贾跃亭又使出另一个激进的新招，即按量产成本定价。如果手机厂商按照手机的初期整机成本定价（发布会上贾跃亭公布乐1Pro的初期整机成本定价为2800元左右），则手机实现一定规模量产后，因为规模效应，元器件的采购成本降低，整机的实际成本下降，手机厂商仍然能通过销售硬件获得利润。贾跃亭声称按量产成本定价，就意味着放弃了此后量产规模效应带来的硬件利润。\r\n</p>\r\n<p>\r\n	看起来乐视手机准备在“不靠硬件赚钱”这条路上一直走到黑。靠前面的这两招，再加上贾跃亭又对比了“别家加价率”和“自家加价率”，乐视俨然成为了手机行业的“业界良心”。\r\n</p>\r\n<p>\r\n	但单就发布会上乐视的信息呈现，这个“业界良心”实在容易贻人口实。\r\n</p>\r\n<p>\r\n	<strong>不严谨之处一，“别家成本”的数据来源。</strong>据贾跃亭在发布会上称，别家成本的数据来源是“国外专业的拆机网站”和“乐视的供应链团队”，也就是第三方和乐视自己的推算，用这种推测出来的数据，在公开场合谴责友商定价过高，这样真的好吗？\r\n</p>\r\n<p>\r\n	<strong>不严谨之处二，量产成本应该是个动态概念。</strong>根据常识，考虑手机量产的规模经济，不同数量级（十万级、百万级、千万级）的量产成本肯定不一样，乐视只提量产成本，却不提是在什么规模下达到的量产成本，严格地说，这不科学。\r\n</p>\r\n<p>\r\n	贾跃亭在发布会上提到要让消费者理性消费，但其在发布会上的表述本身有误导消费者之嫌。\r\n</p>\r\n<p>\r\n	不过不得不说，贾在发布会上提到的存储加价对比（即同款手机16G、32G、64G等不同版本之间的差价），确实向普通消费者科普了手机厂商的赚钱伎俩。\r\n</p>\r\n<p class=\"text-sm-title\">\r\n	3、用视频服务挣钱\r\n</p>\r\n<p>\r\n	当小米谈论“靠服务挣钱”的时候，甚至连很多业内人士都说不清小米究竟靠什么服务挣钱，但当乐视说自己要靠服务挣钱的时候，全世界都知道是视频内容服务。\r\n</p>\r\n<p>\r\n	此前有分析并不看好乐视手机，理由是手机屏幕小、流量贵，观看视频内容的体验不好，但现在看来这个逻辑似乎颠倒了，<strong>与其说乐视想利用视频内容这个优势去促进手机购买，不如说乐视想通过打造高性价比旗舰手机来促进内容服务订阅，抛开UI设计和工业设计不谈，单看价格和配置，乐视手机的性价比本身确实具有吸引力</strong>。\r\n</p>\r\n<p>\r\n	乐视提出“裸机”概念，并且把手机最终售价和视频服务订阅绑定，这和运营商推“合约机”有些相似。也可以这么换算，如果一位消费者买了一年的乐视合约机，他为乐视全屏影视会员付出499元，为手机少付出300元，相当于以199的优惠价格购买了一年会员服务，即购买乐视手机，便获得了以每年199元优惠价格购买乐视会员服务的资格。\r\n</p>\r\n<p>\r\n	据乐视移动智能公司总裁冯幸在发布会后透露，<strong>乐视不会限制“裸机”消费</strong>，所以乐视“合约机”对乐视会员订阅的推动作用，仍有待观察。\r\n</p>\r\n<p class=\"text-big-title\">\r\n	<strong>销量目标和融资情况</strong>\r\n</p>\r\n<p>\r\n	尽管乐视手机的槽点很多，比如像极了Flyme的eUI，比如工业设计又太像iPhone、华为Mate 7、HTC One M9，再比如踩着苹果营销，但其性价比毕竟摆在那里，而且用视频服务挣钱的思路也很清晰。\r\n</p>\r\n<p>\r\n	乐视团队似乎对自己的产品很有信心，冯幸透露，乐视手机今年的销量目标是百万级，明年的销量目标是千万级。\r\n</p>\r\n<p>\r\n	乐视手机团队与多个资本方有过接触，目前已初步确定了一家领投机构，跟投方待定。\r\n</p>\r\n<p class=\"text-big-title\">\r\n	<strong>接下来是嗅君吐槽时间</strong>\r\n</p>\r\n<p class=\"text-sm-title\">\r\n	1、说好的无边框呢？这一圈黑线是什么？\r\n</p>\r\n<p class=\"text-sm-title\">\r\n	2、 开场的七匹狼和雷克萨斯硬广告\r\n</p>\r\n<p>\r\n	嗅君参加过各种各样的很多发布会，但在开场前插两条硬广告的发布会，这还真是第一次。\r\n</p>\r\n<p class=\"text-sm-title\">\r\n	3、 乐视头盔，就不能把实物做出来再发布么？\r\n</p>\r\n<p>\r\n	除了乐视自行车、乐视超级汽车这些仍不见实物的产品，今天发布会上贾跃亭又发布了一款不见实物的新品——乐视超级头盔。这款虚拟现实设备可支持最大1000寸的影音播放面积，最大可视角度为800度，可与乐视超级手机实现互联，实现即插即用，但仍处于“测试阶段”。<strong>难道贾总就真学不会先把产品设计出来、测试好，然后再开发布会么？</strong>\r\n</p>\r\n<p class=\"text-sm-title\">\r\n	4、 奖励一辆乐视超级汽车，这奖励是不是太飘了。。。\r\n</p>\r\n<p>\r\n	贾总看来对乐Max非常有信心，甚至主动求战：如果在6个月之内，出现和乐Max整体性能相媲美的手机，重奖，但奖品居然是...乐视超级汽车1辆...\r\n</p>\r\n<p>\r\n	这奖励是不是太飘了，嗅君甚至能帮友商们想好段子：如果在6个月之内，乐视真能造出超级汽车，白送乐视每位员工一枚本场旗舰手机。\r\n</p>\r\n<p class=\"text-sm-title\">\r\n	5、你有见过这么乱七八糟的发布会吗？\r\n</p>\r\n<p>\r\n	最后的吐槽与乐视的各板块业务、贾总的言论无关，只是单纯吐槽这一次发布会。顶着太阳，嗅君来到万事达中心西门，人太多，已有保安组人墙强制排队，光有邀请函还不行，需要换票，挤到西门旁边最近的换票点，被告知是普通观众换票点，“媒体呀，找联系你的公关，谁邀请你，你就联系谁”，遂拨电话，手上三个公关的电话打个遍，全占线，实在无计，顺手截住一枚乐视公关姑娘，姑娘欲让西门换票同事通融，答曰不可，让我用另一乐视公关名额，向西门换票同事报了号码，答曰查无此人，姑娘无计、无语亦无奈，最后把自己的票给了嗅君。\r\n</p>\r\n<p>\r\n	仅仅换票一个环节，就用了二十分钟，还是在太阳暴晒下。待嗅君入场坐定，已经两点，理论上发布会应该开始了，乐视发布会群里还有记者没领到票。<strong>如果不是那位姑娘，嗅君真不知要晒太阳到啥时候。</strong>\r\n</p>', 99, 1, 0, 0, 0, 0, 0, 0, 1, 'admin', '2015-04-16 13:50:20', '2016-12-06 17:04:16');
INSERT INTO `dt_article` VALUES (27, 6, 7, '', '中国首个东盟电子商务平台“美丽湾”启动', '', '', '中国首个东盟电子商务平台“美丽湾”启动', '电子商务 传媒新闻', '中国首个东盟电子商务平台“美丽湾”启动,电子商务 传媒新闻', '', '8月23日下午,国内第一家专业的东盟电子电商平台“美丽湾(www.meiliwan.com)”在广西南宁举行启动仪式。“美丽湾”东盟电子商务平台是由美丽传说股份有限公司全力打造的最专业、最具特色的中国与东盟间的B2B2C电子贸易平台。本次启动仪式以“美丽中国美丽湾”为主题，由美丽传说…', '<p>\r\n	8月23日下午,国内第一家专业的东盟电子电商平台“美丽湾(www.meiliwan.com)”在广西南宁举行启动仪式。“美丽湾”东盟电子商务平台是由美丽传说股份有限公司全力打造的最专业、最具特色的中国与东盟间的B2B2C电子贸易平台。\r\n</p>\r\n<p>\r\n	本次启动仪式以“美丽中国·美丽湾”为主题，由美丽传说股份有限公司主办，南宁市高新技术产业开发区、南宁市商务局协办。广西壮族自治区、南宁市相关政府部门领导、东盟及广西原产地产品供应商代表等出席了仪式。\r\n</p>\r\n<p>\r\n	美丽传说股份有限公司CEO孙锁军先生在仪式上详细介绍了“美丽湾”的整体情况，并专门向广西自治区副主席张晓钦及相关政府领导就东盟电子商务的发展做了汇报。\r\n</p>\r\n<p>\r\n	启动仪式上，中共南宁市委副书记李泽代表南宁市委市政府对“美丽湾”东盟电子商务平台的启动表示了的祝贺。李泽副书记对“美丽湾”在广西建设东盟电子商务平台的工作表示了肯定，他说：“美丽湾在利用互联网基因改造传统产业方面有先进的技术经验、丰富的平台资源。广西作为中国-东盟间贸易的桥头堡，在加速中国-东盟间贸易进度中扮演着非常重要的角色，把广西建设成为中国-东盟自由贸易区的‘三基地一中心’，是国家对广西的要求，也是广西对接东盟的一个重点，美丽湾的诞生正契合这一历史发展的需求，美丽湾的上线标志着‘三基地一中心’中的‘信息交流中心’建设实现了一个新跨越。”同时，李泽副书记对美丽湾的发展寄予了厚望，他说：“希望‘美丽湾’能抓住南宁难得的历史发展机遇，充分利用本地资源，立足南宁、布局广西、辐射东盟，整合和引领东盟电子商务产业的发展，以先进的互联网模式带动南宁本土企业实现产业转型，成为东盟经济、北部湾经济、广西经济发展的有力后劲”。\r\n</p>\r\n<p>\r\n	美丽传说股份有限公司CEO孙锁军向与会嘉宾介绍了“美丽湾”东盟电子商务平台的整体情况。\r\n</p>\r\n<p>\r\n	“美丽湾”是目前第一家专业服务于中国与东盟间的B2B2C电子商务平台，“美丽湾”坚持源头采购的承诺，为个人用户和企业用户提供最正宗的东盟十国及广西的特色产品，同时，也为东盟和广西商品进入国内市场搭建一流的电子商务平台。&nbsp;\r\n</p>\r\n<p>\r\n	美丽湾以“积极促进中国与东盟贸易方式的改善，努力成为中国与东盟贸易的最大电子商务平台，打造‘永不落幕的东盟贸易博览会’”为愿景。孙锁军说：“我们希望通过‘美丽湾’东盟电子商务平台的平台优势，带动广西和东盟进入国内的实体企业实现电子商务化，把广西和东盟的特色文化和特色产品推广向国内市场。同时，我们希望能通过‘美丽湾’东盟电子商务平台，用互联网技术和互联网思维方式，解决和提升中国与东盟间的物流、资金流、信息流等贸易配套系统，配合国家东盟战略，促进和扩大中国-东盟间的边贸往来。”\r\n</p>', 99, 3, 0, 1, 0, 1, 0, 0, 1, 'admin', '2021-10-26 21:03:42', '2016-12-06 17:04:16');
INSERT INTO `dt_article` VALUES (28, 6, 8, '', '普通美国人怎么看 Apple Watch？', '', '', '普通美国人怎么看 Apple Watch？', 'Apple,StoreApple,WatchiPhone智能手表消费者苹果,苹果商店', '苹果公司今天正式开始在自己的直营店内开始向用户提供 Apple Watch 的试用服务，同时网上也开始接受 Apple Watch 的预定。对于一些人来说，Apple Watch 是一款“千呼万唤始出来”的产品，但对另一些人来说，这不过是又一款“苹果公司的产品”。', '', '苹果公司今天正式开始在自己的直营店内开始向用户提供 Apple Watch 的试用服务，同时网上也开始接受 Apple Watch 的预定。对于一些人来说，Apple Watch 是一款“千呼万唤始出来”的产品，但对另一些人来说，这不过是又一款“苹果公司的产品”。关于 Apple Watch 的业内分析已经…', '<p>\r\n	苹果公司今天正式开始在自己的直营店内开始向用户提供 Apple Watch 的试用服务，同时网上也开始接受 Apple Watch 的预定。对于一些人来说，Apple Watch 是一款“千呼万唤始出来”的产品，但对另一些人来说，这不过是又一款“苹果公司的产品”。\r\n</p>\r\n<p>\r\n	关于 Apple Watch 的业内分析已经很多，对于产品的数据细节也有了详尽的报道。但是一款产品最终体验如何，并不是科技爱好者说了算，同时也必须满足大众消费者的品味。带着这样的疑问，PingWest品玩今天前往硅谷 Palo Alto 的两家苹果商店，向普通消费者询问他们对 Apple Watch 的看法。\r\n</p>\r\n<p>\r\n	可能由于只能试用而不能购买，因此到店试用 Apple Watch 的人并不是很多——当然，这只是相对新款 iPhone 上市时的场面，实际上如果你没有预约就进店试用 Apple Watch 的话，还是需要排队的。\r\n</p>\r\n<p>\r\n	PingWest品玩在和普通消费者的交流中发现，大部分人都对 Apple Watch 给出了积极的评价，但并没有表现出“果粉”的热情。一位已经在网上预定了 Apple Watch 的消费者表示，自己并不知道 Apple Watch 到底好在哪里，只是出于对苹果产品的好感才决定尝试。\r\n</p>\r\n<p>\r\n	但是很多前来试用 Apple Watch 的消费者都已经拥有一款或多款苹果产品。由于 Apple Watch 需要配合 iPhone 进行使用，拥有 iPhone 的消费者在购买 Apple Watch 的时候会更没有负担。\r\n</p>\r\n<p>\r\n	我们也很少看到消费者因为试用了 Apple Watch 而现场预定的。大部分试用者都处在观望状态，让他们无法轻松做出购买决定的最大因素是价格。一位消费者表示，现在的 Apple Watch 价格有点贵，他可能会等到第二代产品出来，产品质量提升价格下降之后，才出手购买。\r\n</p>\r\n<p>\r\n	另外很有意思的一点是，很多人对 Apple Watch 的表带赞赏有加。苹果为 Apple Watch 准备了数十种表带，颜色、材质、佩戴方式都各有不同，这让 Apple Watch 更贴近时尚产品，同时也给了消费者更大的选择空间。\r\n</p>', 99, 0, 0, 1, 0, 0, 0, 0, 1, 'admin', '2015-04-17 10:12:34', '2016-12-06 17:04:16');
INSERT INTO `dt_article` VALUES (29, 6, 7, '', '淘宝严厉打击刷单行为 三家网店虚假交易受罚关门', '', '', '淘宝严厉打击刷单行为 三家网店虚假交易受罚关门', '淘宝网,成交量,店铺,刷单', '网络中介平台专门招聘兼职人员当刷手，帮淘宝网上的卖家刷虚假成交量和好评，以此获利。大三学生“卧底”近3个月，揭开“淘宝卖家——中介平台——刷手”的交易内幕', '淘宝', '&amp;emsp;&amp;emsp;楚天都市报讯 楚天都市报讯（记者吕锐实习生李炯）网络中介平台专门招聘兼职人员当刷手，帮淘宝网上的卖家刷虚假成交量和好评，以此获利。大三学生“卧底”近3个月，揭开“淘宝卖家——中介平台——刷手”的交易内幕。4月15日，楚天都市报重点报道此事后，…', '<p>\r\n	&emsp;&emsp;楚天都市报讯 楚天都市报讯（记者吕锐实习生李炯）网络中介平台专门招聘兼职人员当刷手，帮淘宝网上的卖家刷虚假成交量和好评，以此获利。大三学生“卧底”近3个月，揭开“淘宝卖家——中介平台——刷手”的交易内幕。4月15日，楚天都市报重点报道此事后，引起广泛社会关注，淘宝网昨日也对本报报道进行了回应。\r\n</p>\r\n<p>\r\n	&emsp;&emsp;淘宝网相关负责人表示，对于本报报道中披露的有刷单行为的“诺众个人护理专营店”、“广场舞服装新款套装”、“古今中外专柜正品文胸”三家淘宝卖家，已进行关店处理。\r\n</p>\r\n<p>\r\n	&emsp;&emsp;另外，该负责人称，淘宝网一直坚持严厉打击刷成交量、刷好评等信用炒作行为。截至目前，淘宝网通过系统核查、人工审核、全网举报等一系列举措对信用炒作实施打击，一旦发现，对涉嫌虚假销量、信用的店铺和商品，视严重程度给予扣分、搜索降权甚至关闭店铺的严肃处理。淘宝网也积极关注可能出现的信用炒作新动向，如中介网站炒作等情况，也逐步列入淘宝监控体系中。\r\n</p>\r\n<p>\r\n	&emsp;&emsp;同时，根据淘宝规则规定，买家如协助卖家进行虚假交易的，淘宝将视情节严重程度采取关闭订单、警告、限制买家行为甚至封号等处理。\r\n</p>\r\n<p>\r\n	&emsp;&emsp;淘宝网提醒淘宝卖家，不要相信那些打着炒作信用之名行诈骗网店之实的外部网站。如果一旦发现有类似的网站，请立即致电 淘 宝 客 服 电 话 （0571－88157858）或者进入淘宝网交易安全专区（http://trust.taobao.com）进行投诉举报。\r\n</p>', 99, 0, 0, 1, 0, 0, 0, 0, 1, 'admin', '2015-04-17 10:16:01', '2016-12-06 17:04:16');
INSERT INTO `dt_article` VALUES (30, 6, 13, '', '今年海外购房额或达350亿美元 中国房东将遍布世界', '', '', '今年海外购房额或达350亿美元 中国房东将遍布世界', '今年海外购房额或达350亿美元 中国房东将遍布世界,海外购房,中国房东', '今年国人海外购房额或达350亿美元 未来中国房东将遍布世界首选伦敦 ■本报记者王丽新 “越来越多的投资人涌入到海外房产置业的大军当中”，万国置地集团总裁史锐雪向记者表示，随着中国人从投资海外房产中受益，未来将会出现全世界都有中国房东的局面。', '海外购房', '&amp;emsp;&amp;emsp;“越来越多的投资人涌入到海外房产置业的大军当中”，万国置地集团总裁史锐雪向记者表示，随着中国人从投资海外房产中受益，未来将会出现全世界都有中国房东的局面。&amp;emsp;&amp;emsp;有数据显示，2014年，中国个人海外房产投资总额为165亿美元，与201…', '<p>\r\n	&emsp;&emsp;“越来越多的投资人涌入到海外房产置业的大军当中”，万国置地集团总裁史锐雪向记者表示，随着中国人从投资海外房产中受益，未来将会出现全世界都有中国房东的局面。\r\n</p>\r\n<p>\r\n	&emsp;&emsp;有数据显示，2014年，中国个人海外房产投资总额为165亿美元，与2013年相比，同比增长了46%。\r\n</p>\r\n<p>\r\n	&emsp;&emsp;“我们预计，2015年中国个人海外房产投资总额将是2014年的1倍，有望达到350亿美元。”史锐雪表示，预计未来5年至10年中，这个数字将会达到平均每年150%至200%的增长速度。\r\n</p>\r\n<p>\r\n	&emsp;&emsp;<strong>伦敦成为国人海外购房首选</strong>\r\n</p>\r\n<p>\r\n	&emsp;&emsp;据《证券日报》记者了解，目前为止，在中国个人海外投资所青睐的国家当中，欧洲排名第一，获得了中国投资客户55亿美元的投资总额，其中，40亿美元流向伦敦；澳洲获得了30亿美元的投资，其中，悉尼获得了22亿美元；北美(主要是以美国的纽约和加州)，加拿大(主要是温哥华和多伦多)，大概获得了25亿美元。\r\n</p>\r\n<p>\r\n	&emsp;&emsp;莱坊亚太区研究部主管Nicholas Holt也向记者表示，亚洲买家对澳洲和新西兰的物业需求依然强劲，并一直由中国投资者主导。此外，国内的私人投资者跟随绿地集团，太古，中国万科和Lodha集团踏足国际投资市场。\r\n</p>\r\n<p>\r\n	&emsp;&emsp;“中国人在海外投资房地产通常主要看两个指标，一个是房产的出租回报率，另一个则是贷款利率。”史锐雪向《证券日报》等记者表示，再加上中国房地产市场的不明朗，中国个人投资海外房产的热度也越来越高。\r\n</p>\r\n<p>\r\n	&emsp;&emsp;她进一步解释道，以上海和北京这种一线城市房价指数来看，每年出租回报率只有2%，而商业贷款利率大概是8%，出租回报率是完全没有办法覆盖贷款利率的。与加拿大对比来看，若外国人在加拿大贷款买房，一般可以借贷额可以达到总房款的70%，此外，首付一般只需要10%，但出租回报率是7%，贷款利率只有2.3%。\r\n</p>\r\n<p>\r\n	&emsp;&emsp;“对比可知，中国人在投资加拿大房产的过程中，可以实现以租养贷。此外，除了通过银行贷款投入少量的现金，实现海外房产配置外，还可以获得丰富的现金流。”史锐雪如是表示。\r\n</p>\r\n<p>\r\n	&emsp;&emsp;<strong>海外投资或成倍增长</strong>\r\n</p>\r\n<p>\r\n	&emsp;&emsp;在史锐雪看来，与2014年中国个人海外房产投资同比增长46%相比，2015年将实现同比增长100%，而未来5年至10年中，可能保持年增长幅度超过100%的水平。事实上，若中国人去海外投资房地产的步伐真的实现史锐雪的预期，这将意味着可能未来全世界都有中国房东。\r\n</p>\r\n<p>\r\n	&emsp;&emsp;莱坊机构表示，中国内地和香港的超高净值人士平均每人分别拥有4.7个和4.6个住宅物业，膺全球前两位。\r\n</p>\r\n<p>\r\n	&emsp;&emsp;对此，莱坊全球住宅研究部主管Liam Bailey向《证券日报》记者表示，中国内地投资需求增长方面有着巨大的潜力，但大量私人财富尚未在全球进行多元化投资，随着时间的推移，更多的资金将投资到海外。\r\n</p>\r\n<p>\r\n	&emsp;&emsp;鉴于此，万国置地于近期上线了名为“海外楼市”的线上房源网站。据悉，万国置地与15个国家的开发商合作，而海外楼市网向国内的购房客户展示的房源达到100万套，包括一手房和二手房信息。\r\n</p>\r\n<p>\r\n	&emsp;&emsp;值得一提的是，据万国置地介绍，海外楼市网是免费为中国购房人服务的，靠收取开发商的地产经纪的佣金来盈利。至于万国置地运营该网站的资金来源，“2014年至今，全部都是靠自有资金运营。接下来若引入投资，可能会用在全国一线和二线城市设立20个资讯办公网点。”\r\n</p>\r\n<p>\r\n	&emsp;&emsp;从万国置地的战略中可以窥见其对中国人海外购房市场增速的信心，史锐雪也认为，这一市场蛋糕很大。\r\n</p>\r\n<p>\r\n	&emsp;&emsp;但从另一个层面上来讲，虽然海外购房投资总额一直在增长，但在海外购房还是存有不少风险。“价格不对称是一个风险问题。”史锐雪坦言，2014年，“我们的投资人通过各种途径都看到了在一些欧洲国家买房子买贵了的现象，其背后是一些中介机构在价格上做了水分。”\r\n</p>\r\n<p>\r\n	&emsp;&emsp;另有业内人士则向记者表示，除了价格不对称问题，还有法律风险，因不了解当地市场真实状况，买卖时机难以把握的风险。当然，也包括汇率风险。\r\n</p>', 99, 1, 0, 1, 0, 0, 0, 0, 1, 'admin', '2015-04-17 10:20:33', '2016-12-06 17:04:16');
INSERT INTO `dt_article` VALUES (31, 6, 13, '', '购房者最看重房贷优惠 二套房利率上浮5%', '', '', '购房者最看重房贷优惠 二套房利率上浮5%', '购房者最看重房贷优惠,二套房利率上浮', '购房者最看重房贷优惠 二套房利率上浮5%]编者按：在多重利好政策出台的背景下，重庆2015春交会于4月16日至19日在南坪会展中心盛大举行。据悉，本次共有130家', '', '编者按：在多重利好政策出台的背景下，重庆2015春交会于4月16日至19日在南坪会展中心盛大举行。据悉，本次共有130家企业参展，主城区共有161个项目集中亮相。业内人士预计，重庆房地产市场回暖迹象明显，春交会将是良好的购房时机。与此同时，搜狐焦点全国联动，从信赖出发，用…', '<p style=\"text-align:left;text-indent:2em;\">\r\n	<span>编者按：在多重利好政策出台的背景下，重庆2015春交会于4月16日至19日在南坪会展中心盛大举行。据悉，本次共有130家企业参展，主城区共有161个项目集中亮相。业内人士预计，重庆房地产市场回暖迹象明显，春交会将是良好的购房时机。与此同时，搜狐焦点全国联动，从信赖出发，用真实数字记录楼市动态，剖析房地产行业脉络，为购房者置业提供“无忧攻略”。</span>\r\n</p>\r\n<p style=\"text-align:left;text-indent:2em;\">\r\n	2015重庆春季房交会开幕前夕，重庆市房地产业协会发布消息称，在重庆春季房交会期间购买首套普通商品住房需要贷款的，包括重庆银行、重庆农村商业银行和重庆三峡银行在内的三家本地银行将实行个人购房普通商品住房贷款利率下浮10%的优惠政策，在房交会期间，能享受利率下浮10%优惠的本地企业参展楼盘约有50个。\r\n</p>\r\n<p style=\"text-align:left;text-indent:2em;\">\r\n	今日，房交会正式开幕，购房者最为关注的首套房、二套房房贷利率究竟是何状况？搜狐焦点记者为您现场打探，帮您“无忧购房”。以下是和重庆银行、重庆农村商业银行和重庆三峡银行有合作关系的房交会参展楼盘，有意向的购房者可以重点看看。\r\n</p>\r\n<p style=\"text-align:center;\">\r\n	<img src=\"http://imgs.focus.cn/upload/pics/30177/a_301764885.jpg\" />\r\n</p>\r\n<p style=\"text-align:center;\">\r\n	与重庆银行合作的房交会参展楼盘\r\n</p>\r\n<p style=\"text-align:center;\">\r\n	<img src=\"http://imgs.focus.cn/upload/pics/30177/a_301765065.jpg\" />\r\n</p>\r\n<p style=\"text-align:center;\">\r\n	与重庆农村商业银行合作的房交会参展楼盘\r\n</p>\r\n<p style=\"text-align:center;\">\r\n	<img src=\"http://imgs.focus.cn/upload/pics/30177/b_301765402.jpg\" />\r\n</p>\r\n<p style=\"text-align:center;text-indent:2em;\">\r\n	与重庆三峡银行合作的房交会参展楼盘（表格数据来源于官方）\r\n</p>\r\n<p style=\"text-align:left;text-indent:2em;\">\r\n	<strong>置业顾问说&nbsp;趁利率优惠赶紧买</strong>\r\n</p>\r\n<p style=\"text-align:left;text-indent:2em;\">\r\n	根据搜狐焦点的购房者心态调查，过半网友希望买房能够享受房贷利率优惠。记者在现场观察发现，在房交会内展场，不少展位前都摆放着X展架，上面特大号字醒目的标记着“房交会利率9折楼盘”，成为楼盘揽客的“灵丹妙药”。无论是置业顾问、渠道公司人员还是拉客“蜜蜂”，都一致以利率下浮10%为宣传点，催促犹豫不决的购房者赶紧下叉。“房交会期间，跟我们楼盘合作银行利率下浮，现在买最划算”一名置业顾问说道。\r\n</p>\r\n<p style=\"text-align:left;text-indent:2em;\">\r\n	<strong>房贷利率下浮10%要具体到栋次</strong>\r\n</p>\r\n<p style=\"text-align:left;text-indent:2em;\">\r\n	为方便市民咨询房交会期间房贷利率新政策，在一楼展馆入口最左边位置，重庆银行、重庆农村商业银行和重庆三峡银行共设了一个展位，不时有人上前咨询。\r\n</p>\r\n<p style=\"text-align:left;text-indent:2em;\">\r\n	一周前刚下定弹子石国际社区的黎小姐知晓房交会期间利率优惠后有些激动，下午便前往一楼银行咨询处咨询。\r\n</p>\r\n<p style=\"text-align:left;text-indent:2em;\">\r\n	黎小姐：“我前两天刚买的国际社区，说是跟你们重庆银行合作的，我现在可以享受房交会期间利率下浮10%的优惠吗？”\r\n</p>\r\n<p style=\"text-align:left;text-indent:2em;\">\r\n	重庆银行现场工作人员：“如果你是在房交会期间成功网签，并且所买房源属于与我们银行合作的指定栋次，那就可以享受利率优惠，并不是合作项目所有房源都可以享受该优惠的，这点你要跟你们置业顾问详细确认。”\r\n</p>\r\n<p style=\"text-align:left;text-indent:2em;\">\r\n	黎小姐：“那如果能享受到优惠的话，房贷利率是多少呢？”\r\n</p>\r\n<p style=\"text-align:left;text-indent:2em;\">\r\n	重庆银行工作人员：“5.9%乘以0.9”。\r\n</p>\r\n<p style=\"text-align:left;text-indent:2em;\">\r\n	<strong>新政开始执行 二套房房贷利率基准上要上浮5%</strong>\r\n</p>\r\n<p style=\"text-align:left;text-indent:2em;\">\r\n	浦发银行、建设银行、中德住房银行也参展了此次春交会。3月30日，官方发布了“二套房首付最低4成、营业税“五改二”政策，该政策目前是否已经在重庆执行呢？二套房房贷利率又如何呢？据浦发银行工作人员介绍，目前该行新房房贷利率仍执行基准利率，二套房已开始执行首付四成政策，但房贷利率要上浮5%。中德住房储蓄银行人员介绍，房交会期间，普通资信优质客户，住房储蓄存款金额达到1万元（含1万）以上的首套房购房者，利率可在基准利率基础上打9.5折。如果是普通客户贷款购买二套房的，满足该行条件，按揭贷款利率需在基准利率基础上上浮5%。\r\n</p>', 99, 0, 0, 1, 0, 0, 0, 0, 1, 'admin', '2015-04-17 10:24:57', '2016-12-06 17:04:16');
INSERT INTO `dt_article` VALUES (32, 6, 12, '', '深圳限购限行后首次公车拍卖 近三成流拍', '', '', '深圳限购限行后首次公车拍卖 近三成流拍', '流拍,公车,拍卖公告,起拍价,车辆,成交价,转移登记,行驶里程,排量,买受人', '南都讯记者贺达源深圳这两天正在进行第八批公车拍卖，这是限购限行后首次公车拍卖，由于采用裸车拍卖形式，180辆公车有53辆流拍，两辆被终止拍卖，最终成交的125辆车总成交价606.79万元。', '', '&amp;emsp;&amp;emsp;南都讯 记者贺达源 深圳这两天正在进行第八批公车拍卖，这是限购限行后首次公车拍卖，由于采用裸车拍卖形式，180辆公车有53辆流拍，两辆被终止拍卖 ，最终成交的125辆车总成交价606.79万元。&amp;emsp;&amp;emsp;流拍高于往期平均水平&amp;emsp;&amp;emsp…', '&emsp;&emsp;南都讯 记者贺达源 深圳这两天正在进行第八批公车拍卖，这是限购限行后首次公车拍卖，由于采用裸车拍卖形式，180辆公车有53辆流拍，两辆被终止拍卖 ，最终成交的125辆车总成交价606.79万元。\r\n<p>\r\n	&emsp;&emsp;<strong>流拍高于往期平均水平</strong>\r\n</p>\r\n<p>\r\n	&emsp;&emsp;2014年12月29日，深圳紧急宣布当日18时开始实施汽车限购，原定于2014年12月30日公开拍卖的第七期第四场、第五场被紧急叫停。限牌之后，深圳公车拍卖是与牌还是裸车一起备受关注。“如果不带牌拍没啥意思。”一位有意参加拍卖的市民说。\r\n</p>\r\n<p>\r\n	&emsp;&emsp;深圳市财委回复，由于限购限行政策实行，后续公车拍卖将严格按照市里相关政策，实行裸车拍卖。第八期公车拍卖公告显示，2015年4月16-17日在深圳市公务用车改革车辆拍卖平台将公开拍卖粤B B C056等共356辆旧车。参与竞买小汽车并且办理深圳市内机动车转移登记的提供深圳市小汽车指标证明文件(即参与竞买人须已取得深圳市小汽车增量指标、更新指标或其他指标)。\r\n</p>\r\n<p>\r\n	&emsp;&emsp;公告特别提醒：因深圳市已实行小汽车增量调控管理政策，因买受人无法按时提供小汽车指标及其他过户所需证件而导致车辆无法过户的，保证金将不予退还，同时拍卖行有权根据委托人要求将该车辆重新拍卖，买受人须承担违约责任。\r\n</p>\r\n<p>\r\n	&emsp;&emsp;昨日两轮拍卖中，180辆公车有53辆流拍，最终125辆总成交价606.79万元。南都记者注意到，流拍车辆占总量的29.4%，远远高于往期平均水平。以第四期为例，390辆公车只有40辆流拍。\r\n</p>\r\n<p>\r\n	&emsp;&emsp;<strong>平均溢价43 .6%有所下降</strong>\r\n</p>\r\n<p>\r\n	&emsp;&emsp;昨日总起拍价为422.54万元，平均起拍价为3.4万元。尽管这一起拍价比第四期起拍价2.9万元高出不少，但4.8万元的平均成交价却比第四期的4 .6万元没高出多少。此次平均溢价为43.6%，比第四期的50%少了。昨日还有12辆公车以起拍价成交。\r\n</p>\r\n<p>\r\n	&emsp;&emsp;在公车拍卖前，有两辆公车因为实际排量与登记证登记排量不符、颜色不符、里程不符或车辆有违章未处理等原因终止拍卖，相关网站也提前进行公示。昨日拍出高价的是一辆丰田轿车、一辆华晨宝马，分别拍出26.85万元、14.56万元。丰田车购置于2008年2月，行驶里程186957公里，起拍价14.55万元；宝马车购置于2003年12月，行驶里程42058公里，起拍价6.16万元，该车CD机缺失。\r\n</p>\r\n<p>\r\n	&emsp;&emsp;深圳市财委表示，截至2014年12月31日共举行7期市直机关车改车辆拍卖会，上拍车辆2335辆，成交价款约8380万元。目前，深圳市直机关车改车辆还剩警牌、O牌及少量地方牌车辆，将陆续上拍。\r\n</p>', 99, 31, 0, 1, 0, 0, 0, 0, 1, 'admin', '2015-04-17 10:28:34', '2016-12-06 17:04:16');
INSERT INTO `dt_article` VALUES (33, 6, 9, '', '分析师称苹果市值今年将突破1万亿美元', '', '', '分析师称苹果市值今年将突破1万亿美元', '分析师称苹果市值今年将突破1万亿美元,苹果', '分析师称苹果市值今年将突破1万亿美元 华尔街分析师目前给予苹果的最高目标价格为185美元。', '', '腾讯科技讯 4月17日，苹果在华尔街绝不缺少忠实的拥护者。美国券商FBR资本市场部的总经理丹艾维斯（Dan Ives）周四首次把苹果股票纳入研究范围，并给予了“跑赢大盘”的评级。不过真正引人瞩目的，是艾维斯把苹果未来12个月的目标股价定在185美元的高价。185美元的目标股价，也…', '<p style=\"text-indent:2em;\">\r\n	腾讯科技讯 4月17日，苹果在华尔街绝不缺少忠实的拥护者。美国券商FBR资本市场部的总经理丹·艾维斯（Dan \r\nIves）周四首次把苹果股票纳入研究范围，并给予了“跑赢大盘”的评级。不过真正引人瞩目的，是艾维斯把苹果未来12个月的目标股价定在185美元的高价。\r\n</p>\r\n<p style=\"text-indent:2em;\">\r\n	185美元的目标股价，也是华尔街分析师目前给予苹果的最高目标价格。这也就意味着早已是全球市值最高公司的苹果，市值将会突破1万亿美元。\r\n</p>\r\n<p style=\"text-indent:2em;\">\r\n	是什么让艾维斯认为苹果市值会在未来12个月内突破1万亿美元？艾维斯表示，这基于一系列的因素，其中就包括了华尔街迄今为止对苹果股价的低估。\r\n</p>\r\n<p style=\"text-indent:2em;\">\r\n	艾维斯周四在参加美国财经电视频道CNBC的“Fast Money”访谈节目时指出，包括Apple \r\nPay、应用和流媒体电视服务在内的苹果软件业务，是他看好苹果股价走势的主要原因。他说，“我认为苹果最有价值的财富是该公司的软件业务。我们认为，到2017年，软件业务能够让苹果每股收益达到2美元。我相信这将成为推动苹果股价上涨的真正动力。”\r\n</p>\r\n<p style=\"text-indent:2em;\">\r\n	艾维斯表示，高利润率的软件业务营收，未来将会占据苹果营收的很大一部分份额。他说，“基于我们的预测，软件业务目前占据了苹果毛利润的12%。我们相信，在未来两年内这一数据将增长两倍。”\r\n</p>\r\n<p style=\"text-indent:2em;\">\r\n	艾维斯在访谈中还强调，可穿戴设备将成为苹果业绩增长的另一个领域。他说，“我们认为可穿戴市场的规模将达到200亿美元。在未来1至2年内，智能手表Apple \r\nWatch在市场中将会有着突飞猛进的表现。”\r\n</p>\r\n<p style=\"text-indent:2em;\">\r\n	不过资产管理公司Triogem Asset Management的蒂姆·西摩（Tim \r\nSeymour）并不认为艾维斯的观点。蒂姆说，虽然他也喜欢苹果，但是艾维斯的增长推动力并不足以让苹果股价在短期内超过180美元。他说，“我确实认为苹果软件业务、Apple \r\nWatch具有显著的价值。但是这些业务只能为苹果股价起到缓冲作用，抑制投资人的波动情绪。我喜欢苹果，但是这些无法让苹果股价突破180美元。”\r\n</p>\r\n<p style=\"text-indent:2em;\">\r\n	对于市场中关于苹果增长将会停止的观点，艾维斯表示，“我们依然认为比赛仍在进行之中，还没有真正结束。”\r\n</p>\r\n<p style=\"text-indent:2em;\">\r\n	苹果股价周四在纳斯达克证券市场常规交易中下跌0.61美元，跌幅为0.48%，报收于126.17美元。过去52周，苹果最低股价为74.85美元，最高股价为133.60美元。按照周四的收盘价计算，苹果市值为7349.1亿美元。\r\n</p>', 99, 0, 0, 1, 0, 0, 0, 0, 1, 'admin', '2021-10-26 21:03:45', '2016-12-06 17:04:16');
INSERT INTO `dt_article` VALUES (34, 6, 9, '', '钢铁行业电子商务第三方支付平台探讨', '', '', '钢铁行业电子商务第三方支付平台探讨', '钢铁行业,电子商务,B2B商务平台,电子支付', '钢铁行业电子商务如今已发展十年余载，在这块领域下，钢铁行业的展现模式在不断的改变当中。特别地，对行业电子商务而言，作为垂直类的B2B商务平台，电子支付是不可缺少的必要手段。', '', '&amp;emsp;&amp;emsp;钢铁行业电子商务如今已发展十年余载，在这块领域下，钢铁行业的展现模式在不断的改变当中。特别地，对行业电子商务而言，作为垂直类的B2B商务平台，电子支付是不可缺少的必要手段。而第三方支付平台的出现符合电子商务的发展需要，也是网上支付业务创新的…', '<p>\r\n	<span style=\"font-size:small;\">&emsp;&emsp;钢铁行业电子商务如今已发展十年余载，在这块领域下，钢铁行业的展现模式在不断的改变当中。特别地，对行业电子商务而言，作为垂直类的B2B商务平台，电子支付是不可缺少的必要手段。而第三方支付平台的出现符合电子商务的发展需要，也是网上支付业务创新的具体表现形式之一，第三方支付平台本身依附于大型的门户网站，且以与其合作的银行的信用作为其信用依托，因此第三方支付平台能够较好的突破网上交易中的信用问题，有利于推动电子商务的快速发展。</span> \r\n</p>\r\n<p>\r\n	<span style=\"font-size:small;\">&emsp;&emsp;一、钢铁行业电子商务发展现状</span> \r\n</p>\r\n<p>\r\n	<span style=\"font-size:small;\">&emsp;&emsp;截至去年，中国从事钢材电子交易的网站已近千家。到现在,国内从事钢铁信息资讯服务、钢铁资源搜索引擎运营、钢铁网上远期合约交易、钢铁网上仓单交易、钢铁网上现货交易的网站如雨后春笋不断冒出。</span> \r\n</p>\r\n<p>\r\n	<span style=\"font-size:small;\">&emsp;&emsp;二、钢铁行业第三方现货交易平台的兴起</span> \r\n</p>\r\n<p>\r\n	<span style=\"font-size:small;\">&emsp;&emsp;俗语说，危机，危机，有危就有机，钢铁现货电子交易应势火爆登场，在线交易也逐渐发展成为传统钢铁现货交易的主流模式，为业态升级创造了契机。之前钢铁行业过去常用的流通模式为钢厂---代理商----贸易商----终端，层层转手，其中自然而然的便会产生巨额的成本，这种成本是除了生产成本之外的销售成本，最终也必定会转嫁到终端客户身上。在钢铁业产能过剩、钢厂面临微利乃至亏损的局面下，钢贸商靠博取价差盈利的模式难以为继。组建现货电子交易平台，成为产业链上下游压缩成本的选项。</span> \r\n</p>\r\n<p>\r\n	<span style=\"font-size:small;\">&emsp;&emsp;三、钢铁行业传统支付的安全隐患</span> \r\n</p>\r\n<p>\r\n	<span style=\"font-size:small;\">&emsp;&emsp;钢铁贸易是大宗商品贸易，交易额往往比较大，对资金的安全性、到账速度等要求比普通商品贸易更高，因此解决大额支付问题是中国钢铁电子商务发展不可回避的问题。资金和货物的安全对于每一个交易参与者都是最为重要的。特别是在目前行业不景气，市场信心降到冰点的情况下，任何一家贸易商对于每一笔交易都会慎之又慎。而传统的支付方式如银行汇款、邮政汇款等，都需要购买者去银行或邮局办理烦琐的汇款业务。如果采用货到付款方式，即使是小额商品交易都面临信用危机，对于大宗商品交易根本不可能采用此类商品付款方式。因此，电子交易极度渴望网上支付这种付款方式，但又忌惮于资金安全问题。在这种新市场营销法则 助推企业成长市场需求下第三方支付机构诞生。</span> \r\n</p>\r\n<p>\r\n	<span style=\"font-size:small;\">&emsp;&emsp;四、第三方支付机构的诞生</span> \r\n</p>\r\n<p>\r\n	<span style=\"font-size:small;\">&emsp;&emsp;伴随着互联网支付业务的高速增长，第三方支付行业正步入多元化发展的快车道，这体现在：一方面，移动支付的崛起为行业发展注入了新鲜的活力和更多的创新元素，线下业务体系的加入带来了更多的创新机会，第三方支付业务正在从线上业务转变为线上线下协同发展;另一方面，合规身份的确立使得更为广阔的市场空间向第三方支付开放，第三方支付迎来了更多的传统行业合作伙伴和更为丰富的创新业务模式，庞大的市场接纳量将支撑起整个行业的高速增长，第三方支付行业迎来了发展的黄金时代。</span> \r\n</p>\r\n<p>\r\n	<span style=\"font-size:small;\">&emsp;&emsp;我国第三方支付交易额已连续五年增速超过100%，远远超过同期社会商品零售额的增速。据艾瑞数据显示，2011年我国第三方网上支付行业持续保持强劲增长，预计整体交易规模将达到22038亿元，突破2万亿元大关，第三方支付已在市场交易中扮演着越来越重要的角色。目前国内第三方支付发展呈现行业集中的局面，支付宝、财付通、银联电子支付、快钱等排名前十的企业占领了市场近九成的份额，2011年全年，支付宝以49%的市场份额居于市场首位，占据了互联网支付市场的半壁江山;财付通以20.4%的市场份额位居第二;银联在线和快钱，分别以8.4%和7.5%的市场占比居第三、第四。</span> \r\n</p>\r\n<p>\r\n	<span style=\"font-size:small;\">&emsp;&emsp;钢铁属于大宗商品，而针对这些大宗商品交易行业支付金额大、资金安全性要求高、回单信息详细、保证金交易等特点，一些专门开通了大额支付渠道的第三方支付，可以满足在线交易量增长的支付需求。目前钢铁行业的第三方支付运用的比较多有国付宝、财付通、银联电子支付、网上贷、今日掌柜、企富宝、通联支付、东方通等。</span> \r\n</p>\r\n<p>\r\n	<span style=\"font-size:small;\">&emsp;&emsp;五、第三方支付的优势</span> \r\n</p>\r\n<p>\r\n	<span style=\"font-size:small;\">&emsp;&emsp;大宗商品电子交易市场支付手段大宗商品电子交易市场发展至今,所采取的支付手段经历了从传统的汇票支付到最新的银商通道支付的发展历程。按照支付的方式,可将大宗商品电子交易市场支付手段分为线下支付与线上支付。线下支付包括票据支付、银行卡支付、汇兑等支付方式;线上支付包括传统网上银行支付、银商通道等。</span> \r\n</p>\r\n<p>\r\n	<span style=\"font-size:small;\">&emsp;&emsp;目前钢铁行业在线交易，资金结算主要还是使用银行转账方式，支持银行少，转账成本高，到账时间长，财务工作量非常大。而运用第三方支付一般能缩短结算周期，提升资金利用率;提供专业回单证明，便于做账开票;交易资金即时到账，提现速度快;保证金支付、冻结、解冻。况且它支持银行渠道多，支付额度高;支付安全可靠，方便快。省去了充值转账手续费，跨行等问题的麻烦。再说如今大多第三方机构都具有网关支付、一点通支付、信用卡快捷支付、电话支付、刷卡支付等多种支付方式，提供中介担保交易和即时到账交易两种方式。</span> \r\n</p>\r\n<p>\r\n	<span style=\"font-size:small;\">&emsp;&emsp;总而言之，第三方支付将成为引导网络消费走入健康发展的轨道，促进中国网上支付完善和发展的主要途径和必然趋势。第三方支付服务也将成为解脱诚信困扰，迈向下一里程碑的重要环节之一，成为电子商务发展的助推器。</span> \r\n</p>', 99, 1, 0, 1, 0, 0, 0, 0, 1, 'admin', '2015-04-17 10:57:27', '2015-04-17 10:57:58');
INSERT INTO `dt_article` VALUES (35, 6, 11, '', '三星中国手机份额降至8% 国产厂商发起海外包抄', '', '', '三星中国手机份额降至8% 国产厂商发起海外包抄', '三星手机,国产厂商,海外', '三年内中国厂商想在全球市场超过三星和苹果几乎不太可能，但一些国产手机厂商已经走在正确的路上，增强长板，减少短板，未来一定有这样的机会。', '', '&amp;emsp;&amp;emsp;2013年的三星[微博]年会上，曾展示过这样一张应景的照片——众人即将登顶雪山。三星集团“掌门人”李健熙在新年贺辞中说：“越接近山顶，风越是狂吹，但我们不能就此趑趄不前。”此后不久，三星智能手机的快速崛起，令它登上全球智能手机霸主地位。&amp;e…', '<p>\r\n	&emsp;&emsp;2013年的三星[微博]年会上，曾展示过这样一张应景的照片——众人即将登顶雪山。三星集团“掌门人”李健熙在新年贺辞中说：“越接近山顶，风越是狂吹，但我们不能就此趑趄不前。”此后不久，三星智能手机的快速崛起，令它登上全球智能手机霸主地位。\r\n</p>\r\n<p>\r\n	&emsp;&emsp;而如今，三星手机正面临着登顶后的最大挑战，来自于中国的对手正在向它发起最猛烈的攻势。根据IDC的数据，2014年四季度，三星手机出货量在中国的市场份额已由年初的20%降至8%，并且连续三个季度被中国厂商赶超，华为、联想、小米都跑在了它的前面。\r\n</p>\r\n<p>\r\n	&emsp;&emsp;“在2015年的第一季度，我们预计三星在中国区的出货量依然是在低位徘徊，市场排名在第五名左右。”IDC中国负责手机市场跟踪报告的高级分析师闫占孟昨日在接受《第一财经日报》采访时表示，中国手机厂商在2014年呈现品牌和市场份额的上行趋势，并且今年呈现集体征战海外的趋势。\r\n</p>\r\n<p>\r\n	&emsp;&emsp;闫占孟对记者表示，在2014年四季度全球出货量前五名中，中国厂商占了三席，并且都将在今年对“1亿台出货量”发起冲击。\r\n</p>\r\n<p>\r\n	&emsp;&emsp;<strong>三星中国市场“掉队”</strong>\r\n</p>\r\n<p>\r\n	&emsp;&emsp;三星在一季度依然没有走出出货量低迷的魔咒。\r\n</p>\r\n<p>\r\n	&emsp;&emsp;在经历了半年多的出货量下滑后，IDC预计在一季度中三星排名第五，这个排位和上个季度没有变化。如今的局面对于它来说，是中高端有苹果华为，往下有以小米为代表的国产手机厂商，两面夹击下三星的日子并不算好过。\r\n</p>\r\n<p>\r\n	&emsp;&emsp;“华为几乎每卖出一台Mate7，三星就少卖出一台Note4，客户重叠度非常高。”一位三星渠道代理商对媒体表示，三星2014年二季度因抛货对渠道伤害很大，现在还在修复调整时期，因此对GalaxyS6初期铺货多在观望，而目前70%的国内主要公开零售渠道都在销售华为手机，趋势已经反转。\r\n</p>\r\n<p>\r\n	&emsp;&emsp;三星的成功来源于供应链的整合，三星自行采购半导体、显示器等主要零件，是世界上唯一一个能自行生产智能手机、平板电脑、可穿戴电子产品等大部分移动设备的综合电子企业。但随着越来越多中国厂商的加入，供应链这一独有的竞争优势已经被逐渐打破。\r\n</p>\r\n<p>\r\n	&emsp;&emsp;“苹果的商业链和生态链都是自有的，它自有的生态系统不太容易超越，但对于三星，我们的项目和它比没有缺胳膊少腿，只要持续努力，一切皆有可能。”一家国产手机厂商负责人表示，除了不做屏之外，手机厂商在供应链上没有什么其他劣势。\r\n</p>\r\n<p>\r\n	&emsp;&emsp;“在2G时代，手机的销售结构是金字塔形的；而现在3G、4G混合时代，手机销售结构则是异形的，千元档、700元左右的手机占比都很大，往下400元左右的手机量又不是很大，千元档这是国产手机的优势。”酷派副总裁曹井升对本报记者表示。\r\n</p>\r\n<p>\r\n	&emsp;&emsp;从去年开始，三星已感受到了这种压力，其手机全球销量下降，核心业务智能手机的全球市场份额遭遇4年来的首次下滑。而以“性价比”著称的小米在第二季度就取代了三星在中国出货量第一的位置。多家分析机构认为，三星目前依然没有走出危险期。\r\n</p>\r\n<p>\r\n	&emsp;&emsp;闫占孟对记者表示，在三星销售额和占有率均出现波动的情况下，全球市场格局将会继续变化。\r\n</p>\r\n<p>\r\n	&emsp;&emsp;<strong>中国军团海外包抄</strong>\r\n</p>\r\n<p>\r\n	&emsp;&emsp;除了国内市场，国产手机厂商在海外市场对三星以及苹果也是步步紧逼。\r\n</p>\r\n<p>\r\n	&emsp;&emsp;华为日前在海外发布了旗舰机型P8，这部继Mate7之后的高端产品在华为内部被视为PK三星GalaxyS6的“杀手”产品，不仅仅发布会PPT上被华为终端负责人余承东[微博]拿来与GalaxyS6做各种对比，连发布会的时间也选择抢在GalaxyS6在中国上市之前进行，阻击意图非常明显。\r\n</p>\r\n<p>\r\n	&emsp;&emsp;“从华为P7和荣耀手机销售区域来看，海外市场相比国内而言发展潜力巨大。”华为消费者业务CMO张晓云表示，从硬件水平上，华为并不会比三星差，“去年P7的销量是600万台，其中30%来自海外市场。”\r\n</p>\r\n<p>\r\n	&emsp;&emsp;“外界可以期待华为2015年在海外的表现，一些重点区域华为会采取猛攻方式，向苹果和三星市场发起挑战。”华为一内部人士对本报记者表示，从2015年起，华为消费者业务将重兵布局海外十多个国家，海外收入占比将会提升至60%，高端机型占比将会提升至整体机型的30%。\r\n</p>\r\n<p>\r\n	&emsp;&emsp;从此前华为终端提供的数字看，华为手机部分市场进入爆发期。其中，中东和非洲的增长达到了254%，拉美和欧洲的增长分别为104%和77%，亚太地区为122%。\r\n</p>\r\n<p>\r\n	&emsp;&emsp;而收购了摩托罗拉[微博]的联想也在海外市场动作频频，并且也希望直接在手机重点区域正面应战苹果和三星。\r\n</p>\r\n<p>\r\n	&emsp;&emsp;“摩托罗拉在北美和拉美市场的影响力，上千人的研发团队以及与运营商的关系，这将使我们在北美等成熟市场能够以比较低的价格实现扩展。毕竟在这些成熟市场，没有专利寸步难行。”联想集团[微博]总裁兼CEO杨元庆如是说。\r\n</p>\r\n<p>\r\n	&emsp;&emsp;联想日前对外发布今年手机销售预期，称智能手机总出货量(包括联想和摩托罗拉)超过1亿台，并会推动摩托罗拉移动扭亏为盈，同时表示年内将会推出一款摩托罗拉高端产品。\r\n</p>\r\n<p>\r\n	&emsp;&emsp;手机市场的竞争远比想象中激烈。\r\n</p>\r\n<p>\r\n	&emsp;&emsp;虽然从IDC的数据看，华为、联想和小米目前已经挤进了全球手机排名前五席列，但在分析师闫占孟看来，与苹果和三星的市场份额相比，依然差距巨大。\r\n</p>\r\n<p>\r\n	&emsp;&emsp;“虽然三星在中国区下滑明显，但是在全球市场上依然有很大的出货量，去年四季度三星在全球智能手机出货总量中占比达20%，而苹果的占比也与这个数据接近。华为、联想等品牌大概在7%与6%。”闫占孟对记者说。\r\n</p>\r\n<p>\r\n	&emsp;&emsp;受制于专利等问题，一些国产手机难以在短期内把中国市场的打法复制到海外去。以小米为例，虽然在2014年第四季度小米的中国区出货量占据了14%的市场份额，几乎是三星的两倍，但这是单一市场的胜出，上述分析人士对《第一财经日报》记者表示，小米真正对标三星，离不开全球化布局，这是小米的红利，但也会因此遭到巨大的挑战。\r\n</p>\r\n<p>\r\n	&emsp;&emsp;“三年内中国厂商想在全球市场超过三星和苹果几乎不太可能，但一些国产手机厂商已经走在正确的路上，增强长板，减少短板，未来一定有这样的机会。”手机中国联盟秘书长王艳辉对本报记者说。\r\n</p>', 99, 0, 0, 1, 0, 0, 0, 0, 1, 'admin', '2015-04-17 11:01:43', '2016-12-06 17:04:16');
INSERT INTO `dt_article` VALUES (36, 6, 10, '', '京东全球购将会沦为“海外代购”', '', '', '京东全球购将会沦为“海外代购”', '京东,海外代购', '京东海外购更多是引用了第三方商家入住京东平台的模式，这就又回到了那个老生常谈的问题，如何杜绝“山寨货”和“假货”?', '京东,海外代购', '4月16日消息称，京东全球购业务正式上线，首批上线的进口商品超过15万种，品牌数量超过1200个，商铺超过450家。这是继天猫国际、亚马逊中国涉足跨境电商之后，又一家给中国“剁手党”们带来福利的电商公司。其实，早在电商公司涉足“海外购”业务之前，聪明智慧的中国人民早就…', '<p class=\"text\">\r\n	4月16日消息称，京东全球购业务正式上线，首批上线的进口商品超过15万种，品牌数量超过1200个，商铺超过450家。这是继天猫国际、亚马逊中国涉足跨境电商之后，又一家给中国“剁手党”们带来福利的电商公司。\r\n</p>\r\n<p class=\"text\">\r\n	其实，早在电商公司涉足“海外购”业务之前，聪明智慧的中国人民早就发明了一个名字叫“海外代购”，淘宝、微信朋友圈，随便一搜到处可见做“海外代购”业务的小商家。他们通过无所不用其极的各种手段在海外拿到货源，又通过无所不用其极的各种途径带入国内，当然，他们也有足够多的办法绕过海关的高关税，从而赚取差价。虽然，“海外代购”存在巨大的政策风险，但是在贵国高关税的压力下，这也不失为一种变通的办法，更何况很多商品国内确实买不到。但是，这种“海外代购”模式有一个无法解决的“痛点”，怎么杜绝“山寨货”和“假货”。\r\n</p>\r\n<p class=\"text\">\r\n	京东海外购的推出也是看准了这个“痛点”，新闻稿里反复强调正品保障，“一旦发现商家有售假行为，将处以平台销售额20倍违约金或10000美元的严厉处罚。” 京东全球购总监邱煌表示，“京东全球购从正式筹备到现在三个多月的时间，引进非常多海外商家，而自营方面的业务也在逐渐开展起来，不过在前期阶段，自营业务的总体占比比较小。”\r\n</p>\r\n<p class=\"text\">\r\n	那么，问题来了。京东海外购更多是引用了第三方商家入住京东平台，这就又回到了那个老生常谈的问题，如何杜绝“山寨货”和“假货”。\r\n</p>\r\n<p class=\"text\">\r\n	这绝对不是鸡蛋里面挑骨头，有图有真相。不信你看。\r\n</p>\r\n<p class=\"text\">\r\n	去年10月，美国第二大零售商Costco（好市多）试水中国市场入驻天猫国际，今年4月初，又有媒体报道Costco登陆了京东全球购，新闻稿说，Costco在京东的旗舰店已于3月8日开始试运行，主营Costco自有品牌Kirkland(柯克兰)旗下产品。\r\n</p>\r\n<p class=\"text\">\r\n	对此，Costco官方进行了回应：“Costco天猫国际店是Costco在中国的唯一网上海外旗舰店，欢迎消费者到Coscto天猫店选购优质，正宗的Costco产品。Costco保留对无授权销售产品的网站采取法律措施的权利。”\r\n</p>\r\n<p class=\"text\">\r\n	随即，京东紧急撤下了“Costco旗舰店”店标，里面的所有商品介绍也都全部更改，没有了任何Costco相关字眼。\r\n</p>\r\n<p class=\"text\">\r\n	整个事件，媒体已有详尽的报道，大家可以去百度新闻搜索便知，再次不再赘述。“山寨Costco事件”正是说明了京东的全球化购物存在众多问题，山寨Costco只是冰山一角。不信接着看。\r\n</p>\r\n<p class=\"text\">\r\n	无独有偶。\r\n</p>\r\n<p class=\"text\">\r\n	京东全球购频道有一家名为“美体小铺旗舰店”（The Body Shop），店铺用的模特照片感觉特别山寨，Jennifer Aniston并没给美体小铺（The Body Shop）做过代言人，很有可能是盗用相片。当然，此时我也没有精力去核实，暂且只是一提。\r\n</p>\r\n<p class=\"text\">\r\n	但是，根据了解，该“旗舰店”的运营的代理商是Hu International 。根据业内人士向The Body Shop英国总部了解，该代理商没有获得任何开设旗舰店的授权，甚至连京东都没有听说过。事实上The Body Shop已经在2014年初宣布撤出中国，不在国内设任何旗舰店。\r\n</p>\r\n<p class=\"text\">\r\n	至于Hu International的代理资质，在英国随处可得，很多中国留学生都拿到这个为The Body Shop做代理的资质，在国内做代购业务。也就是说明明是“海外代购”，却冒充“旗舰店”的模式，未经授权滥用品牌。这和上文提到的“山寨Costco事件”如出一辙。\r\n</p>\r\n<p class=\"text\">\r\n	再赠送一个案例，具有同样现象的还有另一个著名美妆品牌小蜜蜂（Burts Bees），京东在没有获得出示旗舰店授权资质的情况下，就开出了旗舰店。\r\n</p>\r\n<p class=\"text\">\r\n	那么，所谓的京东全球购，到底有多少是山寨公司，打着国际大品牌的牌子，做着“海外代购”生意？我们不得而知。\r\n</p>\r\n<p class=\"text\">\r\n	既然今天是应百家的“争鸣”栏目约稿，作为反方代表，我就暂且提供以上论据，还请对方辩友解释，如何能让用户放心地上京东全球购？它又如何保证不会沦为“全球代购”？\r\n</p>', 99, 5, 0, 1, 0, 1, 0, 1, 1, 'admin', '2021-10-26 21:03:48', '2016-12-06 17:04:16');
INSERT INTO `dt_article` VALUES (37, 9, 14, '', '69周年地大壁纸1-手机壁纸', '', '/校园壁纸1.png', '现代简约 明亮的外表卧室卧室背景墙、吊顶黄色', '现代简约,卧室卧室背景墙,吊顶黄色', '不要简朴不要素雅洋气卧室我做主，高低床榻榻米式靓丽卧室装扮，现代油画壁画帆布画卧室餐厅仟象映画，现代中式卧室装修图欣赏，温馨浪漫，而且很时尚的卧室设计，欧式卧室飘窗装修效果图。', '卧室', '不要简朴不要素雅洋气卧室我做主，高低床榻榻米式靓丽卧室装扮，现代油画壁画帆布画卧室餐厅仟象映画，现代中式卧室装修图欣赏，温馨浪漫，而且很时尚的卧室设计，欧式卧室飘窗装修效果图。', '不要简朴不要素雅洋气卧室我做主，高低床榻榻米式靓丽卧室装扮，现代油画壁画帆布画卧室餐厅仟象映画，现代中式卧室装修图欣赏，温馨浪漫，而且很时尚的卧室设计<span id=\"__kindeditor_bookmark_start_8__\">，欧式卧室飘窗装修效果图。</span>', 99, 0, 0, 1, 0, 1, 0, 0, 1, 'admin', '2021-11-07 22:07:45', '2016-12-06 17:04:16');
INSERT INTO `dt_article` VALUES (38, 9, 14, '', '69周年地大壁纸2-iPad壁纸', '', '/校园壁纸2.png', '很美的落地大书柜 可以放超多的图书的吧', '书柜,图书的吧,转角书柜,书桌，双层书柜,组合书柜,儿童书柜。', '很美的落地大书柜 可以放超多的图书的吧，转角的书柜以及书桌，这里可以收纳超多的东西，书柜,书桌这些是\"七彩人生\"品，双层书柜组合书柜儿童书柜。', '书柜', '很美的落地大书柜 可以放超多的图书的吧，转角的书柜以及书桌，这里可以收纳超多的东西，书柜,书桌这些是&quot;七彩人生&quot;品，双层书柜组合书柜儿童书柜。', '很美的落地大书柜 可以放超多的图书的吧，转角的书柜以及书桌，这里可以收纳超多的东西，书柜,书桌这些是\"七彩人生\"品，双层书柜组合书柜儿童书柜。', 99, 0, 0, 1, 0, 1, 0, 0, 1, 'admin', '2021-11-07 22:07:51', '2016-12-06 17:04:16');
INSERT INTO `dt_article` VALUES (39, 9, 14, '', '69周年地大壁纸3-iPad壁纸', '', '/校园壁纸3.png', '西班牙阿拉尔孔郊区的80平米一室一厅的公寓', '西班牙阿拉尔孔郊区的80平米一室一厅的公寓', '这是一套在西班牙阿拉尔孔郊区的80平米一室一厅的公寓，用一道墙分隔出了客厅与厨房，虽然整体来看室内设计有些混搭风，但似乎某些空间和角度去看又会有着自己的主题。', '', '这是一套在西班牙阿拉尔孔郊区的80平米一室一厅的公寓，用一道墙分隔出了客厅与厨房，虽然整体来看室内设计有些混搭风，但似乎某些空间和角度去看又会有着自己的主题。', '这是一套在西班牙阿拉尔孔郊区的80平米一室一厅的公寓，用一道墙分隔出了客厅与厨房，虽然整体来看室内设计有些混搭风，但似乎某些空间和角度去看又会有着自己的主题。', 99, 0, 0, 1, 0, 1, 0, 0, 1, 'admin', '2021-11-07 22:17:39', '2016-12-06 17:04:16');
INSERT INTO `dt_article` VALUES (40, 9, 14, '', '69周年地大壁纸4-iPad壁纸', '', '/校园壁纸4.png', '欧式风格继承了巴洛克风格中豪华、动感、多变的视觉效果', '欧式风格,豪华,动感,多变,视觉效果', '继上编欧式客厅装修效果图之后，今天，小编为大家带来的是一组不同类型的欧式卧室装修效果图。欧式卧室的设计风格按不同的地域文化可分为北欧卧室、简欧卧室和传统欧式卧室。在中国，因为欧式风格继承了巴洛克风格中豪华、动感、多变的视觉效果，也吸取了洛可可风格中唯美、律动的细节处理元素，所以很受上层人士的青睐。', '', '继上编欧式客厅装修效果图之后，今天，小编为大家带来的是一组不同类型的欧式卧室装修效果图。欧式卧室的设计风格按不同的地域文化可分为北欧卧室、简欧卧室和传统欧式卧室。在中国，因为欧式风格继承了巴洛克风格中豪华、动感、多变的视觉效果，也吸取了洛可可风格中唯美、律…', '继上编欧式客厅装修效果图之后，今天，小编为大家带来的是一组不同类型的欧式卧室装修效果图。欧式卧室的设计风格按不同的地域文化可分为北欧卧室、简欧卧室和传统欧式卧室。在中国，因为欧式风格继承了巴洛克风格中豪华、动感、多变的视觉效果，也吸取了洛可可风格中唯美、律动的细节处理元素，所以很受上层人士的青睐。', 99, 0, 0, 1, 0, 1, 0, 0, 1, 'admin', '2021-11-07 22:18:17', '2016-12-06 17:04:16');
INSERT INTO `dt_article` VALUES (41, 9, 14, '', '69周年地大壁纸5-iPad壁纸', '', '/校园壁纸5.png', '居住在这样的房子容易出现自杀或血光之灾的现象', '居住,房子,自杀,血光之灾,现象', '如果选择在三角形的地方上盖房，此类地方出现自杀现象的机率比较高。如果所住的大楼是呈现三角形的状态，那居住在这样的房子，也是容易出现自杀或血光之灾的现象', '', '1、房屋风水学之地形如果选择在三角形的地方上盖房，此类地方出现自杀现象的机率比较高。如果所住的大楼是呈现三角形的状态，那居住在这样的房子，也是容易出现自杀或血光之灾的现象。2、房屋风水学之电线杆对大门在房屋风水学中，电线杆直对房屋的大门正中或者窗户正中(仅限于…', '<strong>1、房屋风水学之地形</strong><br />\r\n如果选择在三角形的地方上盖房，此类地方出现自杀现象的机率比较高。如果所住的大楼是呈现三角形的状态，那居住在这样的房子，也是容易出现自杀或血光之灾的现象。<br />\r\n<strong>2、房屋风水学之电线杆对大门</strong><br />\r\n在房屋风水学中，电线杆直对房屋的大门正中或者窗户正中(仅限于比较大的窗户)这样的情况，是容易损害一个家的运气，另外电线杆的电流也是会影响一个人的思维，常年积累容易损伤精神，从而出现想不开或者精神出现问题的现象。<br />\r\n<strong>3、房屋风水学之采光过差</strong><br />\r\n正常的房子白天都有适合的光线，但有些房子的亮度不行，特别是有些房子白天也必须开灯，否则就看不见，滴天居士提醒这类的房子必须要加上常明灯才可以，否则此类房子会泄主人的阳气，多为不利，对体质或元气弱的人多有危险。<br />\r\n这类的风水中也常见有自杀的现象，特别是在一些大厦里，采光不畅或阴气过旺，常见若干自杀案例。正常情况下，一个人走出家门或走入家门时的走廊需要多加强光亮度，因为建筑结构因素，如果不能采光的话也要安装一盏亮度略高的灯为好。<br />\r\n<strong>4、房屋风水学之进门</strong><br />\r\n如果居住在进口狭窄的地方，主风水不利，特别大门直对着电梯的主风水不吉，滴天居士建议此类房子可以用一对镇宅风水物直对着电梯为好，<br />\r\n<strong>5、房屋风水学之房子空间比例</strong><br />\r\n正常的房子都是底层或一层比较高，但如果是因为种种原因，出现了一层不高，但二层或三层比较高，那这样的房子主风水不利，易出现血光之灾或自杀倾向的事件。<br />', 99, 1, 0, 1, 0, 0, 0, 0, 1, 'admin', '2021-11-07 22:18:21', '2016-12-06 17:04:16');
INSERT INTO `dt_article` VALUES (42, 9, 14, '', '69周年地大壁纸6-iPad壁纸', '', '/校园壁纸6.png', '100平米田园雅居三口之家 自然舒适空间', '100平米,田园雅居,三口之家,自然舒适,空间', '设计师认为田园风格几乎可以等同于乡村风格。所以作为田园风格的载体——乡村。由于比城市更贴近原始自然环境，而居住在乡村里的人们的生活方式淳朴，生性豁达率性，心理压力小。', '', '设计师认为田园风格几乎可以等同于乡村风格。所以作为田园风格的载体——乡村。由于比城市更贴近原始自然环境，而居住在乡村里的人们的生活方式淳朴，生性豁达率性，心理压力小。所以在现今日益发达的城市中，因为繁杂喧闹并且污染越来越严重的城市环境和快速的生活节奏，繁忙…', '设计师认为田园风格几乎可以等同于乡村风格。所以作为田园风格的载体——乡村。由于比城市更贴近原始自然环境，而居住在乡村里的人们的生活方式淳朴，生性豁达率性，心理压力小。所以在现今日益发达的城市中，因为繁杂喧闹并且污染越来越严重的城市环境和快速的生活节奏，繁忙的工作压力。使得现代的城市人将羡慕的眼光投向了曾经不屑的乡村。他们重新开始对乡村生活方式感到好奇或向往。', 99, 0, 0, 1, 0, 1, 0, 0, 1, 'admin', '2021-11-07 22:18:24', '2015-04-18 12:56:29');
INSERT INTO `dt_article` VALUES (43, 9, 14, '', '69周年地大壁纸7-iPad壁纸', '', '/校园壁纸7.png', '清新有活力的公寓设计 用色彩焕然一新', '清新,活力,公寓设计,色彩,焕然一新', 'Widawscy Studio为华沙的一处公寓做了设计，初看是最为保守的白底搭配木质元素，细看发现每个空间都被赋予了不同的色彩。', '', 'Widawscy Studio为华沙的一处公寓做了设计，初看是最为保守的白底搭配木质元素，细看发现每个空间都被赋予了不同的色彩。面积最大的公共空间，包括客厅，餐厅和厨房采用了黄色的，让家人相聚时始终保持一颗愉快的心情，沉稳的灰色的主卧，轻快的蓝色调卧室，被芥末绿铺满的卫生…', 'Widawscy Studio为华沙的一处公寓做了设计，初看是最为保守的白底搭配木质元素，细看发现每个空间都被赋予了不同的色彩。面积最大的公共空间，包括客厅，餐厅和厨房采用了黄色的，让家人相聚时始终保持一颗愉快的心情，沉稳的灰色的主卧，轻快的蓝色调卧室，被芥末绿铺满的卫生间，减少配饰的使用 ，用色彩焕然一新。', 99, 3, 0, 1, 0, 1, 0, 0, 1, 'admin', '2021-11-07 22:18:27', '2016-12-06 17:04:16');
INSERT INTO `dt_article` VALUES (44, 9, 14, '', '69周年地大壁纸8-iPad壁纸', '', '/校园壁纸8.png', 'Hossein Zare 的超现实摄影作品', 'Hossein Zare,摄影作品', 'Zare创作了这组近似于彩色插画般的照片。注意他是如何将现实中的自然与城市风光融入到自己想象中的空间里去的。', '', '我们曾介绍过Hossein Zare的极简黑白摄影作品。这一次，摄影师将带领我们进入一个在现实中并不存在的梦想世界。Zare创作了这组近似于彩色插画般的照片。注意他是如何将现实中的自然与城市风光融入到自己想象中的空间里去的。', '<p>\r\n	我们曾介绍过Hossein Zare的极简黑白摄影作品。这一次，摄影师将带领我们进入一个在现实中并不存在的梦想世界。\r\n</p>\r\n<p>\r\n	Zare创作了这组近似于彩色插画般的照片。注意他是如何将现实中的自然与城市风光融入到自己想象中的空间里去的。\r\n</p>', 99, 0, 0, 1, 0, 0, 0, 0, 1, 'admin', '2021-11-07 22:18:31', '2016-12-06 17:04:16');
INSERT INTO `dt_article` VALUES (45, 9, 14, '', '69周年地大壁纸9-iPad壁纸', '', '/校园壁纸9.png', 'Vassilis Tangoulis意境风光摄影作品', 'Vassilis Tangoulis,意境风光,摄影作品', 'Vassilis Tangoulis 白色的沉默摄影作品集，Vassilis Tangoulis 是一位屡获殊荣的艺术摄影师，他创作了一组迷人的黑白意境摄影作品，每一张图片都传达了沉默中的宁静时光，给人以宁静致远的深思。', '', 'Vassilis Tangoulis 白色的沉默摄影作品集，Vassilis Tangoulis 是一位屡获殊荣的艺术摄影师，他创作了一组迷人的黑白意境摄影作品，每一张图片都传达了沉默中的宁静时光，给人以宁静致远的深思。', 'Vassilis Tangoulis 白色的沉默摄影作品集，Vassilis Tangoulis 是一位屡获殊荣的艺术摄影师，他创作了一组迷人的黑白意境摄影作品，每一张图片都传达了沉默中的宁静时光，给人以宁静致远的深思。', 99, 0, 0, 1, 0, 0, 0, 0, 1, 'admin', '2021-11-07 22:18:35', '2016-12-06 17:04:16');
INSERT INTO `dt_article` VALUES (46, 9, 14, '', '69周年地大壁纸10-iPad壁纸', '', '/校园壁纸10.png', 'Takashi Kitajima梦幻迷离的城市夜景摄影作品', 'Takashi Kitajima,梦幻迷离,城市,夜景,摄影作品', '这组梦幻夜景来自日本摄影师Takashi Kitajima，拍摄的都是东京的夜景。摄影师将模糊的光斑与现实中的全景城市相结合，抽象了建筑物原本轮廓分明的线条，创作出了这个光怪陆离的奇幻世界。', '', '这组梦幻夜景来自日本摄影师Takashi Kitajima，拍摄的都是东京的夜景。摄影师将模糊的光斑与现实中的全景城市相结合，抽象了建筑物原本轮廓分明的线条，创作出了这个光怪陆离的奇幻世界。', '这组梦幻夜景来自日本摄影师Takashi Kitajima，拍摄的都是东京的夜景。摄影师将模糊的光斑与现实中的全景城市相结合，抽象了建筑物原本轮廓分明的线条，创作出了这个光怪陆离的奇幻世界。', 99, 0, 0, 1, 0, 0, 0, 0, 1, 'admin', '2021-11-07 22:18:37', '2016-12-06 17:04:16');
INSERT INTO `dt_article` VALUES (47, 9, 14, '', '69周年地大壁纸11-iPad壁纸', '', '/校园壁纸11.png', '宁静唯美的黑白风光摄影欣赏', '宁静唯美,黑白风光,摄影欣赏', '摄影绝不仅仅只是按动快门那么简单，色彩上微妙的变化，拍摄的时候尝试调节不同的曝光补偿，一张好的黑白摄影布光发挥了至关重要的作用，同时对于我来说是不同寻常的', '', '摄影绝不仅仅只是按动快门那么简单，色彩上微妙的变化，拍摄的时候尝试调节不同的曝光补偿，一张好的黑白摄影布光发挥了至关重要的作用，同时对于我来说是不同寻常的。肉丁为你分享不一样的黑白摄影，下面给大家分享一篇像油画一样迷人的黑白色的风景摄影作品欣赏，看摄影师的…', '摄影绝不仅仅只是按动快门那么简单，色彩上微妙的变化，拍摄的时候尝试调节不同的曝光补偿，一张好的黑白摄影布光发挥了至关重要的作用，同时对于我来说是不同寻常的。肉丁为你分享不一样的黑白摄影，下面给大家分享一篇像油画一样迷人的黑白色的风景摄影作品欣赏，看摄影师的精彩作品、试着享受孤独的宁静.享受拍摄的乐趣，希望你能够喜欢这些情趣盎然的作品，一起欣赏吧。每个人对照片都有自己不同的品味和选择，色彩上微妙的变化，自然光能够做主光、侧光、背光和轮廓光，却能吸引旁人的眼球，可以透过相机的眼睛，发现生活的美丽，而且对于我来说是不同寻常的。肉丁带你领略不同的黑白摄影，这里有一篇像油画一样迷人的黑白色的风景摄影作品欣赏，结合这些照片的拍摄技巧、一睹大师的风采，希望能带给你快乐，这里你可以看到一些美丽的照片。', 99, 0, 0, 1, 0, 0, 0, 0, 1, 'admin', '2021-11-07 22:18:39', '2016-12-06 17:04:16');
INSERT INTO `dt_article` VALUES (48, 9, 14, '', '69周年地大壁纸12-iPad壁纸', '', '/校园壁纸12.png', '西班牙摄影师的人像创意摄影作品：血秀', '西班牙,摄影师,血秀', '这组名为“血秀（The Blood Show）”的作品是为《Ae》杂志拍摄，艺术指导/造型师：Kattaca，化妆师/发型师：Yurema Villa。', '', '现居马德里的西班牙摄影师Paco Peregrn的西班牙摄影师的人像创意摄影作品。这组名为“血秀（The Blood Show）”的作品是为《Ae》杂志拍摄，艺术指导/造型师：Kattaca，化妆师/发型师：Yurema Villa。PacoPeregrn生于西班牙阿尔梅利亚，毕业于塞尔维亚艺术学院，后又到圣马丁艺…', '<p>\r\n	现居马德里的西班牙摄影师Paco Peregrín的西班牙摄影师的人像创意摄影作品。\r\n</p>\r\n<p>\r\n	这组名为“血秀（The Blood Show）”的作品是为《Ae》杂志拍摄，艺术指导/造型师：Kattaca，化妆师/发型师：Yurema Villa。\r\n</p>\r\n<p>\r\n	PacoPeregrín生于西班牙阿尔梅利亚，毕业于塞尔维亚艺术学院，后又到圣马丁艺术设计学院国际摄影中心、安达卢西亚当代艺术中心、安达卢西亚摄影中心、马德里康普顿斯大学、圣地亚哥德孔波斯特拉大学等处学习摄影和艺术。他继承了西班牙人热情奔放的性格，也浸染了滋养过达利、高迪等大批天才艺术家的五彩斑斓的西班牙文化。他的作品用色大胆、构图多样，充满想象力。他混合了感官刺激和前卫艺术的元素，创作出兼具情色、高雅和神秘风情的作品，在摄影领域独树一帜。<br />\r\n&nbsp;多年来，他不仅在艺术摄影领域取得了巨大的成功，具有世界范围的影响力，还在时尚和商业摄影领域获得了成功，作品被众多世界顶级的时尚杂志追捧。耐克、阿迪达斯、马自达、丰田等世界著名品牌都成为他的客户。PacoPeregrín：我在塞维利亚长大，那是一座充满巴洛克风格的城市。这种环境对我的审美和艺术感受力影响深远，我非常喜欢这种风格。在我的作品中，这种风格非常明显，比如光线的运用、戏剧化的效果等。不过我也喜欢一些与之截然相反的艺术形式，比如极简派艺术。我的作品常常有多种艺术风格糅合其中，比如弗兰德斯画派的风格和超现实主义艺术等。在工作中，我既像演员，又像舞台设计师，还是造型师、服装设计师和导演。\r\n</p>', 99, 0, 0, 1, 0, 0, 0, 0, 1, 'admin', '2021-11-07 22:18:42', '2016-12-06 17:04:16');
INSERT INTO `dt_article` VALUES (49, 9, 14, '', '69周年地大壁纸13-iPad壁纸', '', '/校园壁纸13.png', '国产嫩模许喵喵Mickey大尺度写真最新曝光 胸大不忍直视', '许喵喵Mickey,写真', '近日，国产嫩模许喵喵Mickey在微博上晒出一组大尺度写真引发热议。＠许喵喵Mickey 自己描述：“等了你一千年，来为我画眉，前世埋我的人，我来报你的恩，人间冰冷，别怪我是妖，有时妖心慈过世人心。（感谢《妖蛇》摄制组全体工作人员，大家辛苦了）”', '', '近日，国产嫩模许喵喵Mickey在微博上晒出一组大尺度写真引发热议。＠许喵喵Mickey 自己描述：“等了你一千年，来为我画眉，前世埋我的人，我来报你的恩，人间冰冷，别怪我是妖，有时妖心慈过世人心。（感谢《妖蛇》摄制组全体工作人员，大家辛苦了）”', '近日，国产嫩模许喵喵Mickey在微博上晒出一组大尺度写真引发热议。＠许喵喵Mickey 自己描述：“等了你一千年，来为我画眉，前世埋我的人，我来报你的恩，人间冰冷，别怪我是妖，有时妖心慈过世人心。（感谢《妖蛇》摄制组全体工作人员，大家辛苦了）”', 99, 2, 0, 1, 0, 0, 0, 0, 1, 'admin', '2021-11-07 22:18:45', '2015-04-18 14:15:38');
INSERT INTO `dt_article` VALUES (50, 9, 14, '', '69周年地大壁纸14-iPad壁纸', '', '/校园壁纸14.png', '有气质且带可爱的美女组图', '有气质且带可爱的美女组图', '有气质且带可爱的美女组图', '', '有气质且带可爱的美女组图有气质且带可爱的美女组图有气质且带可爱的美女组图', '有气质且带可爱的美女组图有气质且带可爱的美女组图有气质且带可爱的美女组图', 99, 2, 0, 1, 0, 0, 0, 0, 1, 'admin', '2021-11-07 22:18:48', '2015-04-18 14:21:36');
INSERT INTO `dt_article` VALUES (51, 9, 14, '', '69周年地大壁纸15-手机壁纸', '', '/校园壁纸15.png', '超甜美的韩国美女美图', '超甜美的韩国美女美图', '收集了甜素纯美女写真图1等精彩图片,同时汇集美女图片,搞笑图片,奇闻趣事,风景图片,明星写真,娱乐八卦,气质,清纯,非主流,美女,高清图片', '', '收集了甜素纯美女写真图1等精彩图片,同时汇集美女图片,搞笑图片,奇闻趣事,风景图片,明星写真,娱乐八卦,气质,清纯,非主流,美女,高清图片', '收集了甜素纯美女写真图1等精彩图片,同时汇集美女图片,搞笑图片,奇闻趣事,风景图片,明星写真,娱乐八卦,气质,清纯,非主流,美女,高清图片', 99, 2, 0, 1, 0, 0, 0, 0, 1, 'admin', '2021-11-07 22:46:05', '2016-12-06 17:04:16');
INSERT INTO `dt_article` VALUES (52, 9, 15, '', '校园视频-《你曾是少年》', '', '/地大版《你曾是少年》毕业季MV上线！献给2021届毕业的你%20_%20中国地质大学.flv', '柳岩出席设计师好友兰玉的高级成衣发布Show', '柳岩出席设计师好友兰玉的高级成衣发布Show', '北京四季酒店,柳岩出席设计师好友兰玉的高级成衣发布Show,她身穿兰玉设计的纯白卡肩礼服惊艳登场,优雅晚装发髻搭配翡翠镶钻珠宝,举手投足尽显大气温婉,而卡肩低胸的礼服设计更是衬托出柳岩傲人的事业线资本', '', '北京四季酒店,柳岩出席设计师好友兰玉的高级成衣发布Show,她身穿兰玉设计的纯白卡肩礼服惊艳登场,优雅晚装发髻搭配翡翠镶钻珠宝,举手投足尽显大气温婉,而卡肩低胸的礼服设计更是衬托出柳岩傲人的事业线资本,性感指数爆灯,入场即引来现场阵阵骚动,柳岩轻松看秀全程甜笑连连,心情…', '北京四季酒店,柳岩出席设计师好友兰玉的高级成衣发布Show,她身穿兰玉设计的纯白卡肩礼服惊艳登场,优雅晚装发髻搭配翡翠镶钻珠宝,举手投足尽显大气温婉,而卡肩低胸的礼服设计更是衬托出柳岩傲人的事业线资本,性感指数爆灯,入场即引来现场阵阵骚动,柳岩轻松看秀全程甜笑连连,心情靓绝。', 99, 0, 0, 1, 0, 0, 0, 0, 1, 'admin', '2021-11-07 22:27:29', '2016-12-06 17:04:16');
INSERT INTO `dt_article` VALUES (53, 9, 15, '', '校园视频-地大招生减章', '', '/招生减章.flv', '昆凌最新大片', '昆凌,写真', '昆凌与周杰伦新婚后就马上投入了工作中，近日一组时尚大片她穿上最新一季春装，脸颊红扑扑对镜头甜笑，展露青春气息。', '', '昆凌与周杰伦新婚后就马上投入了工作中，近日一组时尚大片她穿上最新一季春装，脸颊红扑扑对镜头甜笑，展露青春气息。', '昆凌与周杰伦新婚后就马上投入了工作中，近日一组时尚大片她穿上最新一季春装，脸颊红扑扑对镜头甜笑，展露青春气息。', 99, 4, 0, 1, 0, 1, 0, 0, 1, 'admin', '2021-11-07 22:44:34', '2016-12-06 17:04:16');
INSERT INTO `dt_article` VALUES (54, 11, 25, 'about', '关于我们', '', '', '', '', '', '', '动力启航（www.dtcms.net）是一个以ASP.NET(C#)+jQuery技术为中心，面向软件开发者、程序爱好者、网页设计师，服务于个人、企业的网站，同时也是一个专门结合AJAX技术开发友好界面、倍受欢迎用户体验的BS模式软件系统，致力打造自己的品牌。DTcms是动力启航旗下一个开源软件产…', '<p>\r\n	动力启航（www.dtcms.net）是一个以ASP.NET(C#)+jQuery技术为中心，面向软件开发者、程序爱好者、网页设计师，服务于个人、企业的网站，同时也是一个专门结合AJAX技术开发友好界面、倍受欢迎用户体验的BS模式软件系统，致力打造自己的品牌。\r\n</p>\r\n<p>\r\n	DTcms是动力启航旗下一个开源软件产品，最早创建于2009年10月，其本质不以商业为目的，我们的宗旨是让更多的编程爱好者分享交流互联网开发技术。\r\n</p>\r\n<p>\r\n	DTcms之所以开源，最大原因在于国内ASP.NET(c#)开源软件成品太少，相信刚接触编程开发者都跟我一样有很深的体会，书本上的知识很有限，学习的过程中都是一些比较简单的基础知识，偶然发现一个比较成熟的案例，要么就是不开源，要么就是收费。想学习研究却无从下手。在摸索的道路上我仅将自己摸索的一点知识和经验分享出来。\r\n</p>\r\n<p>\r\n	站在巨人的肩膀上，会让你看得更远，走得更快，虽然我们现在不是巨人；编程也一样，在前者的摸索道路上，如果大家都将自己的编程思想和经验共享出来让后人去学习和纠正，那么或许他们就不必走那么多的弯路，互联网的发展是否会更快？\r\n</p>\r\n<p>\r\n	基于以上的追求，限于国产开源界的目前现状，DTcms由此而诞生。\r\n</p>', 99, 0, 0, 0, 0, 0, 0, 0, 1, 'admin', '2015-04-18 22:50:09', '2016-12-06 17:04:16');
INSERT INTO `dt_article` VALUES (55, 11, 25, 'contact', '联系我们', '', '', '', '', '', '', '动力启航 - 专注互联网开发最前端 官方网址：http://www.dtcms.net http://www.dtsoft.net 所在地区：广东省深圳市宝安区西乡街道业务电话：+86 13695245546新浪微博：http://weibo.com/dtcms', '<p>\r\n	<strong>动力启航 - 专注互联网开发最前端 </strong> \r\n</p>\r\n<p>\r\n	<strong>官方网址：</strong><a href=\"http://www.dtcms.net\" target=\"_blank\">http://www.dtcms.net</a><br />\r\n&nbsp;&nbsp;&nbsp;&nbsp;&nbsp;&nbsp;&nbsp;&nbsp;&nbsp;&nbsp;&nbsp;&nbsp;&nbsp;&nbsp;&nbsp;&nbsp; <a href=\"http://www.dtsoft.net\">http://www.dtsoft.net</a> \r\n</p>\r\n<p>\r\n	<strong>所在地区：</strong>广东省深圳市宝安区西乡街道\r\n</p>\r\n<p>\r\n	<strong>业务电话：</strong>+86 13695245546\r\n</p>\r\n<p>\r\n	<strong>新浪微博：</strong><a href=\"http://weibo.com/dtcms\" target=\"_blank\">http://weibo.com/dtcms</a> \r\n</p>\r\n<p>\r\n	<strong>技术Q群：</strong>17671249（1群已满）、65105443 (2群已满)、65105043 (3群已满)<br />\r\n&nbsp;&nbsp;&nbsp;&nbsp;&nbsp;&nbsp;&nbsp;&nbsp;&nbsp;&nbsp;&nbsp;&nbsp;&nbsp;&nbsp;&nbsp;&nbsp;&nbsp;264768101（4群）\r\n</p>\r\n<p>\r\n	<strong>电子邮箱：</strong><a href=\"mailto:info@dtcms.net\">info@dtcms.net</a> \r\n</p>', 99, 0, 0, 0, 0, 0, 0, 0, 1, 'admin', '2015-04-18 22:51:19', '2015-05-13 14:24:10');
INSERT INTO `dt_article` VALUES (56, 10, 27, '', '干净整洁的绿色扁平化UI套件(PSD)', '', '/upload/201504/18/201504182310542211.jpg', '干净整洁的绿色扁平化UI套件(PSD)', '扁平化,UI套件,PSD', '这是一套比较完整扁平化UI，主要以绿色为主，粉色，暗灰色为辅，干净整洁，看上去非常舒服。该UI套件包含了导航、人物列表、日历、视频播放、音乐播放器、登录框等等。', 'UI套件', '这是一套比较完整扁平化UI，主要以绿色为主，粉色，暗灰色为辅，干净整洁，看上去非常舒服。该UI套件包含了导航、人物列表、日历、视频播放、音乐播放器、登录框等等。', '<p>\r\n	这是一套比较完整扁平化UI，主要以绿色为主，粉色，暗灰色为辅，干净整洁，看上去非常舒服。该UI套件包含了导航、人物列表、日历、视频播放、音乐播放器、登录框等等。\r\n</p>\r\n<p align=\"center\">\r\n	<img alt=\"\" src=\"http://idowebok.u.qiniudn.com/71.jpg\" />\r\n</p>', 99, 1, 0, 1, 0, 1, 0, 0, 1, 'admin', '2015-04-18 23:11:20', '2016-12-06 17:04:16');
INSERT INTO `dt_article` VALUES (57, 10, 26, '', 'jqueryrotate制作机锋网积分抽奖效果', '', '/upload/201504/18/201504182324354376.jpg', 'jqueryrotate制作机锋网积分抽奖效果', 'jqueryrotate,积分,抽奖', '应一网友的要求，做了一个类似机锋网积分抽奖的效果。其实这个效果和之前的“百度红包大放送抽奖效果”是一样的，使用了 jQuery 旋转插件——jquery.rotate.js，只是转盘不一样罢了。', '', '应一网友的要求，做了一个类似机锋网积分抽奖的效果。其实这个效果和之前的“百度红包大放送抽奖效果”是一样的，使用了 jQuery 旋转插件——jquery.rotate.js，只是转盘不一样罢了。', '<p>\r\n	应一网友的要求，做了一个类似机锋网积分抽奖的效果。其实这个效果和之前的“百度红包大放送抽奖效果”是一样的，使用了 jQuery 旋转插件——jquery.rotate.js，只是转盘不一样罢了。\r\n</p>\r\n<p align=\"center\">\r\n	<img alt=\"\" src=\"http://www.dowebok.com/img/148.jpg\" />\r\n</p>', 99, 3, 0, 1, 0, 1, 0, 0, 1, 'admin', '2015-04-18 23:24:54', '2016-12-06 17:04:16');
INSERT INTO `dt_article` VALUES (58, 10, 26, '', 'jQThumb – jQuery缩略图插件', '', '/upload/201504/18/201504182337532823.jpg', 'jQThumb – jQuery缩略图插件', 'jQThumb,jQuery,缩略图插件', '一堆不同尺寸的图片创建相同尺寸的缩略图可不是件容易的事，除非有一个强大的后台程序或靠谱的软件，如果都没有或不想使用后台程序，那么可以试试 jQThumb。jQThumb 是一款基于 jQuery 的缩略图插件，它能够很方便的制作指定的尺寸的缩略图。', '', '为一堆不同尺寸的图片创建相同尺寸的缩略图可不是件容易的事，除非有一个强大的后台程序或靠谱的软件，如果都没有或不想使用后台程序，那么可以试试 jQThumb。jQThumb 是一款基于 jQuery 的缩略图插件，它能够很方便的制作指定的尺寸的缩略图。jQThumb 兼容所有浏览器，包括 I…', '<p>\r\n	为一堆不同尺寸的图片创建相同尺寸的缩略图可不是件容易的事，除非有一个强大的后台程序或靠谱的软件，如果都没有或不想使用后台程序，那么可以试试 jQThumb。jQThumb 是一款基于 jQuery 的缩略图插件，它能够很方便的制作指定的尺寸的缩略图。\r\n</p>\r\n<p>\r\n	jQThumb 兼容所有浏览器，包括 IE6。在高级浏览器中使用背景方式实现，并设置图片的尺寸（background-size）和位置（background-position）实现居中；在 IE6 等老旧的浏览器中使用图片的方式实现，并使用绝对定位和 margin 实现居中。\r\n</p>\r\n<p align=\"center\">\r\n	<img alt=\"\" src=\"http://cdn.dowebok.com/img/124.jpg\" />\r\n</p>', 99, 0, 0, 1, 0, 0, 0, 0, 1, 'admin', '2015-04-18 23:37:56', '2016-12-06 17:04:16');
INSERT INTO `dt_article` VALUES (59, 10, 26, '', 'Tipso – 轻巧的jQuery提示框插件', '', '/upload/201504/18/201504182346214199.png', 'Tipso – 轻巧的jQuery提示框插件', 'Tipso ,jQuery,提示框插件', 'Tooltip（提示框）是一种常见的效果，它通常用在需要进一步解释、说明或提示的某个词上。这种小效果实现起来虽然不难，但如果你想不劳而获，可以试试 Tipso。', 'jQuery插件', 'Tooltip（提示框）是一种常见的效果，它通常用在需要进一步解释、说明或提示的某个词上。这种小效果实现起来虽然不难，但如果你想不劳而获，可以试试 Tipso。Tipso 基于 jQuery，提供了很多配置，如：显示动画持续时间背景颜色文本颜色显示位置（上/右/下/左）宽度偏移加载 aj…', '<p>\r\n	Tooltip（提示框）是一种常见的效果，它通常用在需要进一步解释、说明或提示的某个词上。这种小效果实现起来虽然不难，但如果你想不劳而获，可以试试 Tipso。\r\n</p>\r\n<p>\r\n	Tipso 基于 jQuery，提供了很多配置，如：\r\n</p>\r\n<ul>\r\n	<li>\r\n		显示动画持续时间\r\n	</li>\r\n	<li>\r\n		背景颜色\r\n	</li>\r\n	<li>\r\n		文本颜色\r\n	</li>\r\n	<li>\r\n		显示位置（上/右/下/左）\r\n	</li>\r\n	<li>\r\n		宽度\r\n	</li>\r\n	<li>\r\n		偏移\r\n	</li>\r\n	<li>\r\n		加载 ajax 内容\r\n	</li>\r\n	<li>\r\n		回调函数\r\n	</li>\r\n</ul>\r\n<p align=\"center\">\r\n	<img alt=\"\" src=\"http://www.dowebok.com/img/147.png\" />\r\n</p>', 99, 0, 0, 1, 0, 0, 0, 0, 1, 'admin', '2015-04-18 23:47:03', '2016-12-06 17:04:16');
INSERT INTO `dt_article` VALUES (60, 10, 26, '', 'ck_slide – 简单的jQuery幻灯片插件', '', '/upload/201504/18/201504182357178753.jpg', 'ck_slide – 简单的jQuery幻灯片插件', 'ck_slide,jQuery插件,幻灯片', 'ck_slide 是一款国产的 jQuery 幻灯片插件，它非常小巧，压缩后仅 3KB，所以它的功能也不算丰富，但一般使用已经够了。它支持淡入淡出/左右滚动、箭头/圆点控制、自动播放。', 'jQuery插件', 'ck_slide 是一款国产的 jQuery 幻灯片插件，它非常小巧，压缩后仅 3KB，所以它的功能也不算丰富，但一般使用已经够了。它支持淡入淡出/左右滚动、箭头/圆点控制、自动播放。', '<p>\r\n	ck_slide 是一款国产的 jQuery 幻灯片插件，它非常小巧，压缩后仅 3KB，所以它的功能也不算丰富，但一般使用已经够了。它支持淡入淡出/左右滚动、箭头/圆点控制、自动播放。\r\n</p>\r\n<p align=\"center\">\r\n	<img alt=\"\" src=\"http://cdn.dowebok.com/img/144.jpg\" />\r\n</p>', 99, 2, 0, 1, 0, 1, 0, 0, 1, 'admin', '2015-04-18 23:57:36', '2016-12-06 17:04:16');
INSERT INTO `dt_article` VALUES (61, 10, 26, '', 'WOW.js – 让页面滚动更有趣', '', '/upload/201504/19/201504190003164918.jpg', 'WOW.js – 让页面滚动更有趣', 'WOW.js ,页面滚动,jQuery插件', '有的页面在向下滚动的时候，有些元素会产生细小的动画效果。虽然动画比较小，但却能吸引你的注意。比如刚刚发布的 iPhone 6 的页面（查看）。如果你希望你的页面也更加有趣，那么你可以试试 WOW.js。', 'jQuery插件', '有的页面在向下滚动的时候，有些元素会产生细小的动画效果。虽然动画比较小，但却能吸引你的注意。比如刚刚发布的 iPhone 6 的页面（查看）。如果你希望你的页面也更加有趣，那么你可以试试 WOW.js。WOW.js 依赖 animate.css，所以它支持 animate.css 多达 60 多种的动画效果，…', '<p>\r\n	有的页面在向下滚动的时候，有些元素会产生细小的动画效果。虽然动画比较小，但却能吸引你的注意。比如刚刚发布的 iPhone 6 的页面（查看）。如果你希望你的页面也更加有趣，那么你可以试试 WOW.js。\r\n</p>\r\n<p>\r\n	WOW.js 依赖 animate.css，所以它支持 animate.css 多达 60 多种的动画效果，能满足您的各种需求。\r\n</p>\r\n<p>\r\n	IE6、IE7 等老旧浏览器不支持 CSS3 动画，所以没有效果；而 wow.js 也使用了 querySelectorAll 方法，IE 低版本会报错。为了达到更好的兼容，最好加一个浏览器及版本判断。\r\n</p>\r\n<p align=\"center\">\r\n	<img alt=\"\" src=\"http://cdn.dowebok.com/img/131.jpg\" />\r\n</p>', 99, 0, 0, 1, 0, 0, 0, 0, 1, 'admin', '2015-04-19 00:03:28', '2016-12-06 17:04:16');
INSERT INTO `dt_article` VALUES (62, 10, 27, '', '12个丰富多彩的图标PSD素材', '', '/upload/201504/19/201504190025169765.jpg', '12个丰富多彩的图标PSD素材', '图标,PSD素材', '这组图标一共 12 个，包括谷歌浏览器（Chrome）、谷歌云端硬盘（Google Drive）、Gmail、Google Play、Skype、Dropbox、Evernote 等，格式为 PDS。', 'PSD素材', '这组图标一共 12 个，包括谷歌浏览器（Chrome）、谷歌云端硬盘（Google Drive）、Gmail、Google Play、Skype、Dropbox、Evernote 等，格式为 PDS。', '<p>\r\n	这组图标一共 12 个，包括谷歌浏览器（Chrome）、谷歌云端硬盘（Google Drive）、Gmail、Google Play、Skype、Dropbox、Evernote 等，格式为 PDS。\r\n</p>\r\n<p align=\"center\">\r\n	<img alt=\"\" src=\"http://www.dowebok.com/img/146.png\" />\r\n</p>', 99, 0, 0, 1, 0, 0, 0, 0, 1, 'admin', '2015-04-19 00:25:20', '2016-12-06 17:04:16');
INSERT INTO `dt_article` VALUES (63, 10, 27, '', '六边形上传按钮PSD源文件下载', '', '/upload/201504/19/201504190033256767.png', '六边形上传按钮PSD源文件下载', '上传按钮,PSD源文件', '这是一组六边形上传按钮，只有 3 个，分别是上传前、上传中、上传完成。有 3 种颜色，你可以任意组合，在不同的状态显示不同的颜色是一种很好选择。格式为 PSD，希望你喜欢。', '', '这是一组六边形上传按钮，只有 3 个，分别是上传前、上传中、上传完成。有 3 种颜色，你可以任意组合，在不同的状态显示不同的颜色是一种很好选择。格式为 PSD，希望你喜欢。', '<p>\r\n	这是一组六边形上传按钮，只有 3 个，分别是上传前、上传中、上传完成。有 3 种颜色，你可以任意组合，在不同的状态显示不同的颜色是一种很好选择。格式为 PSD，希望你喜欢。\r\n</p>\r\n<p align=\"center\">\r\n	<img alt=\"\" src=\"http://cdn.dowebok.com/img/135.png\" />\r\n</p>', 99, 3, 0, 1, 0, 1, 0, 0, 1, 'admin', '2015-04-19 00:33:27', '2016-12-06 17:04:16');
INSERT INTO `dt_article` VALUES (64, 10, 27, '', 'Linecons – 48个免费矢量图标', '', '/upload/201504/19/201504190039179625.png', 'Linecons – 48个免费矢量图标', 'Linecons,矢量图标', 'Linecons 是一套来自国外的免费矢量图标，共 48 个，包括云、爱心、五角星、电视、钥匙、放大镜、钻石等等。Linecons 能适合任何网站主题和任何设计，无论是 Web 项目或移动应用，并且它是免费的', '', 'Linecons 是一套来自国外的免费矢量图标，共 48 个，包括云、爱心、五角星、电视、钥匙、放大镜、钻石等等。Linecons 能适合任何网站主题和任何设计，无论是 Web 项目或移动应用，并且它是免费的，包括商业项目。Linecons 有多种格式：Webfont (HTML/CSS)PDFAIPSDPNG (512512)…', '<p>\r\n	Linecons 是一套来自国外的免费矢量图标，共 48 个，包括云、爱心、五角星、电视、钥匙、放大镜、钻石等等。Linecons 能适合任何网站主题和任何设计，无论是 Web 项目或移动应用，并且它是免费的，包括商业项目。Linecons 有多种格式：\r\n</p>\r\n<ul>\r\n	<li>\r\n		Webfont (HTML/CSS)\r\n	</li>\r\n	<li>\r\n		PDF\r\n	</li>\r\n	<li>\r\n		AI\r\n	</li>\r\n	<li>\r\n		PSD\r\n	</li>\r\n	<li>\r\n		PNG (512×512)\r\n	</li>\r\n	<li>\r\n		SVG\r\n	</li>\r\n</ul>\r\n<p align=\"center\">\r\n	<img alt=\"\" src=\"http://cdn.dowebok.com/img/123.png\" />\r\n</p>', 99, 0, 0, 1, 0, 0, 0, 0, 1, 'admin', '2015-04-19 00:39:20', '2016-12-06 17:04:16');
INSERT INTO `dt_article` VALUES (65, 10, 27, '', '30个IOS7风格简洁线条图标PSD素材', '', '/upload/201504/19/201504190047488297.png', '30个IOS7风格简洁线条图标PSD素材', 'IOS7,图标,PSD素材', 'PSD格式，含JPG预览图，关键字：图标,PSD素材,IOS7,线条,简洁,标签,云,音乐,用户,邮件,查找,刷新,喜欢,定位,苹果', '', 'PSD格式，含JPG预览图，关键字：图标,PSD素材,IOS7,线条,简洁,标签,云,音乐,用户,邮件,查找,刷新,喜欢,定位,苹果', '<p>\r\n	PSD格式，含JPG预览图，关键字：图标,PSD素材,IOS7,线条,简洁,标签,云,音乐,用户,邮件,查找,刷新,喜欢,定位,苹果\r\n</p>\r\n<p align=\"center\">\r\n	<img alt=\"\" src=\"http://img.lanrentuku.com/img/allimg/1310/13822298688602.jpg\" />\r\n</p>', 99, 2, 0, 1, 0, 1, 0, 0, 1, 'admin', '2015-04-19 00:48:05', '2016-12-06 17:04:16');
INSERT INTO `dt_article` VALUES (66, 10, 28, '', '腾讯游戏盒子2013官网页面html代码', '', '/upload/201504/19/201504190052499389.png', '腾讯游戏盒子2013官网页面html代码', '游戏盒子,页面html代码', '腾讯游戏盒子是由腾讯自主研发的一款专为网页游戏用户定制的网页游戏辅助工具，具有智能加速、防掉线、帐号多开、全屏等特点。', '', '腾讯游戏盒子是由腾讯自主研发的一款专为网页游戏用户定制的网页游戏辅助工具，具有智能加速、防掉线、帐号多开、全屏等特点。腾讯游戏盒子官网页面也非常简单明了，这也是目前很多简单介绍型网站所采用的风格。页面下半部分的圆形图标使用了 CSS3 transform 旋转属性，当鼠标…', '<p>\r\n	腾讯游戏盒子是由腾讯自主研发的一款专为网页游戏用户定制的网页游戏辅助工具，具有智能加速、防掉线、帐号多开、全屏等特点。\r\n</p>\r\n<p>\r\n	腾讯游戏盒子官网页面也非常简单明了，这也是目前很多简单介绍型网站所采用的风格。页面下半部分的圆形图标使用了 CSS3 transform 旋转属性，当鼠标移动到上面时会顺时针旋转 20 度，但 IE6 – IE9 不支持该属性，所以没有效果。\r\n</p>\r\n<p align=\"center\">\r\n	<img alt=\"\" src=\"http://www.dowebok.com/img/2013/dowebok.com.49.jpg\" />\r\n</p>', 99, 4, 0, 1, 0, 1, 0, 0, 1, 'admin', '2015-04-19 00:53:04', '2016-12-06 17:04:16');
INSERT INTO `dt_article` VALUES (67, 10, 28, '', '简单的描边图标', '', '/upload/201504/19/201504190056149231.png', '简单的描边图标', '简单的描边图标', '这组图标只是一个路径，所以你可以更改成任何你喜欢的颜色，并且能与任何背景颜色融合，因为它是透明的。图标共有24个，包含了打印机、爱心、邮件、日历、时钟、搜索、箭头等等。', '', '这组图标只是一个路径，所以你可以更改成任何你喜欢的颜色，并且能与任何背景颜色融合，因为它是透明的。图标共有24个，包含了打印机、爱心、邮件、日历、时钟、搜索、箭头等等。', '<p>\r\n	这组图标只是一个路径，所以你可以更改成任何你喜欢的颜色，并且能与任何背景颜色融合，因为它是透明的。图标共有24个，包含了打印机、爱心、邮件、日历、时钟、搜索、箭头等等。\r\n</p>\r\n<p align=\"center\">\r\n	<img alt=\"\" src=\"http://idowebok.u.qiniudn.com/dowebok.com.55.png\" />\r\n</p>', 99, 0, 0, 1, 0, 0, 0, 0, 1, 'admin', '2015-04-19 00:56:38', '2016-12-06 17:04:16');
INSERT INTO `dt_article` VALUES (68, 10, 28, '', 'Owl Carousel制作百度百科2014新首页幻灯片', '', '/upload/201504/19/201504190108304682.png', 'Owl Carousel制作百度百科2014新首页幻灯片', '百度百科,幻灯片', '百度百科启用了新首页，口号是“探索未知的世界”。今天我们使用 jQuery 幻灯片插件 Owl Carousel 制作其首页的幻灯片。', '', '百度百科启用了新首页，口号是“探索未知的世界”。今天我们使用 jQuery 幻灯片插件 Owl Carousel 制作其首页的幻灯片。', '<p>\r\n	百度百科启用了新首页，口号是“探索未知的世界”。今天我们使用 jQuery 幻灯片插件 Owl Carousel 制作其首页的幻灯片。\r\n</p>\r\n<p align=\"center\">\r\n	<img alt=\"\" src=\"http://cdn.dowebok.com/img/132.jpg\" />\r\n</p>', 99, 0, 0, 1, 0, 0, 0, 0, 1, 'admin', '2015-04-19 01:08:33', '2016-12-06 17:04:16');
INSERT INTO `dt_article` VALUES (69, 10, 28, '', '让IE7 IE8支持CSS3 background-size属性', '', '/upload/201504/19/201504190114279783.png', '让IE7 IE8支持CSS3 background-size属性', 'IE7, IE8支持,CSS3,background-size属性', 'CSS3 新增的 background-size 是一个很有用的属性，用于定义背景图片的尺寸，有了这个属性，你就可以任意指定背景图片的大小。其中最常用的值应该要数 cover 了，该值能让背景图片缩放至填满整个容器，即使是图片面积小于容器面积。', '', 'CSS3 新增的 background-size 是一个很有用的属性，用于定义背景图片的尺寸，有了这个属性，你就可以任意指定背景图片的大小。其中最常用的值应该要数 cover 了，该值能让背景图片缩放至填满整个容器，即使是图片面积小于容器面积。由于 background-size 是 CSS3 新增的属性，…', '<p>\r\n	CSS3 新增的 background-size 是一个很有用的属性，用于定义背景图片的尺寸，有了这个属性，你就可以任意指定背景图片的大小。其中最常用的值应该要数 cover 了，该值能让背景图片缩放至填满整个容器，即使是图片面积小于容器面积。\r\n</p>\r\n<p>\r\n	由于 background-size 是 CSS3 新增的属性，所以 IE 低版本自然就不支持了，但是老外写了一个 htc 文件，名叫 background-size polyfill，使用该文件能够让 IE7、IE8 支持 background-size 属性。其原理是创建一个&nbsp;img&nbsp;元素插入到容器中，并重新计算宽度、高度、left、top&nbsp;等值，模拟 background-size&nbsp;的效果。\r\n</p>', 99, 0, 0, 1, 0, 0, 0, 0, 1, 'admin', '2015-04-19 01:11:56', '2015-04-19 01:14:30');
INSERT INTO `dt_article` VALUES (70, 10, 28, '', 'PgwMenu – jQuery/Zepto响应式菜单', '', '/upload/201504/19/201504190123410600.png', 'PgwMenu – jQuery/Zepto响应式菜单', 'PgwMenu,jQuery/Zepto,响应式菜单', 'PgwMenu 是一款基于 jQuery / Zepto 的响应式菜单，兼容 PC 及移动设备，符合 SEO 标准，轻盈小巧，Gzip 压缩后仅 2.5KB，同时，你可以完全自定义样式风格。', '', 'PgwMenu 是一款基于 jQuery / Zepto 的响应式菜单，兼容 PC 及移动设备，符合 SEO 标准，轻盈小巧，Gzip 压缩后仅 2.5KB，同时，你可以完全自定义样式风格。PgwMenu 内置了两套样式：深色（黑色）和浅色（灰色），如过选择深色，代码就如上面一样；如果选择浅色，需要加上 cla…', '<p>\r\n	PgwMenu 是一款基于 jQuery / Zepto 的响应式菜单，兼容 PC 及移动设备，符合 SEO 标准，轻盈小巧，Gzip 压缩后仅 2.5KB，同时，你可以完全自定义样式风格。\r\n</p>\r\n<p>\r\n	PgwMenu 内置了两套样式：深色（黑色）和浅色（灰色），如过选择深色，代码就如上面一样；如果选择浅色，需要加上 class：light\r\n</p>\r\n<p>\r\n	GitHub 地址：<a href=\"https://github.com/Pagawa/PgwMenu\" target=\"_blank\">https://github.com/Pagawa/PgwMenu</a> \r\n</p>\r\n<p align=\"center\">\r\n	<img alt=\"\" src=\"http://www.dowebok.com/img/149.png\" />\r\n</p>', 99, 2, 0, 1, 0, 0, 0, 0, 1, 'admin', '2015-04-19 01:23:43', '2015-04-19 01:24:17');
INSERT INTO `dt_article` VALUES (71, 8, 32, '', '闪电侠第一季', '', '/upload/201504/19/201504191342113486.jpg', '闪电侠第一季', '闪电侠,美剧,电视剧', 'Barry Allen（Grant Gustin）11岁那年，他的母亲在一起离奇而可怕的事故中遇难，父亲则被错误地指控为谋杀犯。这场悲剧彻底改变了Barry的生活，但Joe West侦探（Jesse L. Martin）在他最困难的时候伸出了援手。', '美剧', 'Barry Allen（Grant Gustin）11岁那年，他的母亲在一起离奇而可怕的事故中遇难，父亲则被错误地指控为谋杀犯。这场悲剧彻底改变了Barry的生活，但Joe West侦探（Jesse L. Martin）在他最困难的时候伸出了援手。', 'Barry Allen（Grant Gustin）11岁那年，他的母亲在一起离奇而可怕的事故中遇难，父亲则被错误地指控为谋杀犯。这场悲剧彻底改变了Barry的生活，但Joe West侦探（Jesse L. Martin）在他最困难的时候伸出了援手。', 99, 0, 0, 1, 0, 1, 0, 0, 1, 'admin', '2015-04-19 13:46:40', '2015-04-19 15:27:56');
INSERT INTO `dt_article` VALUES (72, 8, 32, '', '绿箭侠第三季', '', '/upload/201504/19/201504191354133349.jpg', '绿箭侠第三季', '绿箭侠,视频,视频分享,视频搜索,视频播放', '《绿箭》第三季已经有了大致框架——剧中将至少出现两位爱搅局的人——而其中一位将不断向奥利弗？奎恩(Oliver Queen)生命中的女人大献殷勤。', '美剧', '《绿箭》第三季已经有了大致框架——剧中将至少出现两位爱搅局的人——而其中一位将不断向奥利弗？奎恩(Oliver Queen)生命中的女人大献殷勤。', '《绿箭》第三季已经有了大致框架——剧中将至少出现两位爱搅局的人——而其中一位将不断向奥利弗？奎恩(Oliver Queen)生命中的女人大献殷勤。', 99, 0, 0, 1, 0, 1, 0, 0, 1, 'admin', '2015-04-19 13:54:16', '2015-04-19 15:28:19');
INSERT INTO `dt_article` VALUES (73, 8, 32, '', '绝望主妇第一季', '', '/upload/201504/19/201504191415058556.jpg', '绝望主妇第一季', '绝望主妇,视频,视频分享,视频搜索,视频播放', '故事紧接上一季结尾开始，四位主妇将嘉比丈夫卡洛斯杀死的人埋在了树林中。苏珊由于受到凶杀事件的影响，经常无法入睡，变得越来越精神紧张和情绪失控，并且避而不见其她主妇。勒奈特和汤姆的婚姻危机愈演愈烈，两人开始分居。', '美剧', '故事紧接上一季结尾开始，四位主妇将嘉比丈夫卡洛斯杀死的人埋在了树林中。苏珊由于受到凶杀事件的影响，经常无法入睡，变得越来越精神紧张和情绪失控，并且避而不见其她主妇。勒奈特和汤姆的婚姻危机愈演愈烈，两人开始分居。布瑞在提出埋尸野外的计划后，又想到要将死者的汽…', '<span class=\"px-r\">故事紧接上一季结尾开始，四位主妇将嘉比丈夫卡洛斯杀死的人埋在了树林中。苏珊由于受到凶杀事件的影响，经常无法入睡，变得越来越精神紧张和情绪失控，并且避而不见其她主妇。勒奈特和汤姆的婚姻危机愈演愈烈，两人开始分居。布瑞在提出埋尸野外的计划后，又想到要将死者的汽车处理掉，在一个抢匪无意的帮助下，她和嘉比顺利地将车处理掉。布瑞在嘉比家阻止苏珊向麦克说出真相后，在自家门前的邮箱中收到一封神秘的来信。然而这封信的内容竟然与当年导致玛丽・爱丽丝・杨格自杀的信的内容一样。难道这一切预示着她们极力隐瞒的秘密已经被发现了吗？</span>', 99, 0, 0, 1, 0, 0, 0, 0, 1, 'admin', '2015-04-19 14:15:09', '2015-04-19 15:28:32');
INSERT INTO `dt_article` VALUES (74, 8, 33, '', '武媚娘传奇', '', '/upload/201504/19/201504191419256058.jpg', '武媚娘传奇', '视频,视频分享,视频搜索,视频播放', '主要从她在家乡的成长讲述到她14岁入宫闱后的权力斗争，与以往的武则天不同的是，“范冰冰版”的武则天在感情故事上下了更多的笔墨，对她入宫前后的生活和感情有了更细致的描写。范冰冰之所以选择拍摄武则天的成长史主要是因为在她看来武则天最后舍我其谁的性格都是在少女期养成的，而她的感情故事和政治谋略也是随着剧情的发展而呈现出不同的精彩。', '大陆剧', '主要从她在家乡的成长讲述到她14岁入宫闱后的权力斗争，与以往的武则天不同的是，“范冰冰版”的武则天在感情故事上下了更多的笔墨，对她入宫前后的生活和感情有了更细致的描写。范冰冰之所以选择拍摄武则天的成长史主要是因为在她看来武则天最后舍我其谁的性格都是在少女期养…', '<span class=\"px-r\">主要从她在家乡的成长讲述到她14岁入宫闱后的权力斗争，与以往的武则天不同的是，“范冰冰版”的武则天在感情故事上下了更多的笔墨，对她入宫前后的生活和感情有了更细致的描写。范冰冰之所以选择拍摄武则天的成长史主要是因为在她看来武则天最后舍我其谁的性格都是在少女期养成的，而她的感情故事和政治谋略也是随着剧情的发展而呈现出不同的精彩。</span>', 99, 0, 0, 1, 0, 0, 0, 0, 1, 'admin', '2015-04-19 14:19:31', '2016-12-06 17:04:16');
INSERT INTO `dt_article` VALUES (75, 8, 33, '', '活色生香', '', '/upload/201504/19/201504191423290999.jpg', '活色生香', '视频,视频分享,视频搜索,视频播放', '由唐嫣、李易峰、舒畅、陈伟霆主演的年代剧《活色生香》于湖南卫视播出，该剧也是李易峰、陈伟霆继《古剑奇谭》后再度合作的电视剧。有意思的是，该剧除了李易峰会反串女角外，还举行了九次婚礼，被网友调侃为“史上结婚最多的电视剧”。', '', '由唐嫣、李易峰、舒畅、陈伟霆主演的年代剧《活色生香》于湖南卫视播出，该剧也是李易峰、陈伟霆继《古剑奇谭》后再度合作的电视剧。有意思的是，该剧除了李易峰会反串女角外，还举行了九次婚礼，被网友调侃为“史上结婚最多的电视剧”。', '<p>\r\n	<span class=\"px-r\"><span class=\"px-r\">由唐嫣、李易峰、舒畅、陈伟霆主演的年代剧《活色生香》于湖南卫视播出，该剧也是李易峰、陈伟霆继《古剑奇谭》后再度合作的电视剧。有意思的是，该剧除了李易峰会反串女角外，还举行了九次婚礼，被网友调侃为“史上结婚最多的电视剧”。</span></span>\r\n</p>', 99, 0, 0, 1, 0, 0, 0, 0, 1, 'admin', '2015-04-19 14:23:31', '2016-12-06 17:04:16');
INSERT INTO `dt_article` VALUES (76, 8, 34, '', '贤内助女王', '', '/upload/201504/19/201504191427360596.jpg', '贤内助女王', '视频,视频分享,视频搜索,视频播放', '梦想成为灰姑娘的智爱（金南珠饰）选择了与医大学生温达秀（吴智昊饰）结婚，原以为自己挑选了王子，没想到却是个傻蛋温达。上帝给了温达秀聪明的头脑，但是又给了胆小怕事和小心眼的性格。', '', '梦想成为灰姑娘的智爱（金南珠饰）选择了与医大学生温达秀（吴智昊饰）结婚，原以为自己挑选了王子，没想到却是个傻蛋温达。上帝给了温达秀聪明的头脑，但是又给了胆小怕事和小心眼的性格。现在丈夫是个无业游民，她取出了自己的积蓄，卖掉了结婚戒指，向夫家伸手，断绝了与朋…', '梦想成为灰姑娘的智爱（金南珠饰）选择了与医大学生温达秀（吴智昊饰）结婚，原以为自己挑选了王子，没想到却是个傻蛋温达。上帝给了温达秀聪明的头脑，但是又给了胆小怕事和小心眼的性格。现在丈夫是个无业游民，她取出了自己的积蓄，卖掉了结婚戒指，向夫家伸手，断绝了与朋友们的聚会，断绝了购物和美容。她接受了灰姑娘的梦想已经破灭的现实。当她好不容易为丈夫谋得一份工作的时候，却发生了一件震惊的事情，学生时期自己的跟班变成真正的灰姑娘出现在面前。现在的她向朋友低头哈腰，但是对她怀恨在心的朋友毫无留情地践踏了她的自尊心。', 99, 0, 0, 1, 0, 0, 0, 0, 1, 'admin', '2015-04-19 14:27:39', '2016-12-06 17:04:16');
INSERT INTO `dt_article` VALUES (77, 8, 35, '', '心花路放', '', '/upload/201504/19/201504191433361724.jpg', '心花路放', '', '电影《心花路放》讲述了耿浩（黄渤饰）在生活中遭遇了情感危机，面对情感的背叛，耿浩陷入难以自拔的痛苦之中。好基友郝义（徐峥饰）为了帮助他摆脱痛苦，于是一对“暴走兄弟”带上一只狗，开始了一段搞笑的疯狂的猎艳之旅。', '', '电影《心花路放》讲述了耿浩（黄渤饰）在生活中遭遇了情感危机，面对情感的背叛，耿浩陷入难以自拔的痛苦之中。好基友郝义（徐峥饰）为了帮助他摆脱痛苦，于是一对“暴走兄弟”带上一只狗，开始了一段搞笑的疯狂的猎艳之旅。影片上映后，首周票房超6亿，成为史上最快突破6亿票…', '<p>\r\n	电影《心花路放》讲述了耿浩（黄渤饰）在生活中遭遇了情感危机，面对情感的背叛，耿浩陷入难以自拔的痛苦之中。好基友郝义（徐峥饰）为了帮助他摆脱痛苦，于是一对“暴走兄弟”带上一只狗，开始了一段搞笑的疯狂的猎艳之旅。\r\n</p>\r\n<p>\r\n	影片上映后，首周票房超6亿，成为史上最快突破6亿票房的华语电影[1] 。票房总计11.67亿， 登2014年度国产电影榜首，并成为国产电影史继《泰囧》和《西游降魔》之后的第三名。\r\n</p>', 99, 1, 0, 1, 0, 0, 0, 0, 1, 'admin', '2015-04-19 14:33:38', '2016-12-06 17:04:16');
INSERT INTO `dt_article` VALUES (78, 8, 35, '', '有种你爱我', '', '/upload/201504/19/201504191438024482.jpg', '有种你爱我', '有种你爱我,视频,视频分享,视频搜索,视频播放', '建筑师左小欣渴望拥有一个只有孩子没有男人的“幸福生活”，机缘巧合结识了人气主持人査义，并生下非婚子左松松。为科学抚养，在孩子周岁时通知了査义，此刻他才明白自己成了朋友们的笑柄——中国“大种马”。査义决计报复，左小欣也不是吃素的，俩人斗智斗勇，玩过火的他们将如何收场？孩子究竟归谁？', '', '建筑师左小欣渴望拥有一个只有孩子没有男人的“幸福生活”，机缘巧合结识了人气主持人査义，并生下非婚子左松松。为科学抚养，在孩子周岁时通知了査义，此刻他才明白自己成了朋友们的笑柄——中国“大种马”。査义决计报复，左小欣也不是吃素的，俩人斗智斗勇，玩过火的他们将…', '建筑师左小欣渴望拥有一个只有孩子没有男人的“幸福生活”，机缘巧合结识了人气主持人査义，并生下非婚子左松松。为科学抚养，在孩子周岁时通知了査义，此刻他才明白自己成了朋友们的笑柄——中国“大种马”。査义决计报复，左小欣也不是吃素的，俩人斗智斗勇，玩过火的他们将如何收场？孩子究竟归谁？', 99, 3, 0, 1, 0, 1, 0, 0, 1, 'admin', '2015-04-19 14:38:04', '2016-12-06 17:04:16');
INSERT INTO `dt_article` VALUES (79, 8, 36, '', '速度与激情7', '', '/upload/201504/19/201504191450190071.jpg', '速度与激情7', '视频,视频分享,视频搜索,视频播放', '故事开始于多米尼克和布莱恩各自的小队成员带着赦免令回到美国的一年之后。他们过着循规蹈矩的日子，家乡生活的感觉很好。然而他们都不知道，危险正在悄然接近。', '', '故事开始于多米尼克和布莱恩各自的小队成员带着赦免令回到美国的一年之后。他们过着循规蹈矩的日子，家乡生活的感觉很好。然而他们都不知道，危险正在悄然接近，冷血的英国特勤杀手肖出现了。从东京的韩被残忍谋杀，到洛杉矶霍布斯的死里逃生，肖有条不紊地追杀着在上一部中干…', '<p>\r\n	故事开始于多米尼克和布莱恩各自的小队成员带着赦免令回到美国的一年之后。他们过着循规蹈矩的日子，家乡生活的感觉很好。然而他们都不知道，危险正在悄然接近，冷血的英国特勤杀手肖出现了。从东京的韩被残忍谋杀，到洛杉矶霍布斯的死里逃生，肖有条不紊地追杀着在上一部中干掉了欧文的团队成员，因为欧文是他的弟弟。\r\n</p>\r\n<p>\r\n	肖出现了在托雷托家，多米尼克必须去找政府高级特工帮忙。主人公们唯一的希望就是继续开着赛车为美国政府保护一台高科技追踪设备的样品。作为回报，他们可以利用这个设备在肖大开杀戒之前就追查到他的行踪。他们组成了史上最亲密的团队：多米尼克、布莱恩、霍布斯、莱蒂、罗姆、特尔佳、米娅——他们将面临最大的威胁，从阿布扎比转战阿塞拜疆……在那些与家园似曾相识的街道上极速飞驰。\r\n</p>', 99, 7, 0, 1, 0, 0, 0, 1, 1, 'admin', '2015-04-19 14:51:58', '2016-12-06 17:04:16');
INSERT INTO `dt_article` VALUES (80, 8, 36, '', '绿灯侠', '', '/upload/201504/19/201504191502166718.jpg', '绿灯侠', '绿灯侠,电影,在线影院,好莱坞影院', '影片讲述宇宙间有一群维护宇宙治安的“绿灯军团”，每个成员都配备了一枚神奇的戒指，可以随心所欲的变出各种东西或实现任何目的。', '', '在巨大神秘的宇宙中，一种虽小但力量强大的能源已经存在了数个世纪。一个被称作“绿灯军团”的队伍维护着和平与公正，每位成员都配备了一枚具有神奇力量的戒指。然而，当一名叫做Parallax的大反派闯入之后，威胁着宇宙的平衡，“绿灯军团”以及地球的命运就掌握在一位新成员的…', '<p>\r\n	在巨大神秘的宇宙中，一种虽小但力量强大的能源已经存在了数个世纪。一个被称作“绿灯军团”的队伍维护着和平与公正，每位成员都配备了一枚具有神奇力量的戒指。然而，当一名叫做Parallax的大反派闯入之后，威胁着宇宙的平衡，“绿灯军团”以及地球的命运就掌握在一位新成员的手中，他就是第一个被召唤成“绿灯侠”的人类哈尔·乔丹（瑞安·雷诺兹饰）。\r\n</p>\r\n<p>\r\n	哈尔本是一名颇有天赋却相当狂妄的试飞员，但是绿灯军团对人类并不是特别信任，人类此前从未戴上那枚具有无穷力量的戒指。但是哈尔的果断与意志力证明了他具有绿灯军团成员们所没有的品质，那就是“人性”。在同伴们和青梅竹马的朋友卡洛儿·菲丽丝（布蕾克·莱弗利饰）的鼓励下，只要哈尔能够迅速掌握新的力量，并克服他的缺点，他将证明自己不但能击败Parallax，还将成为史上最伟大的绿灯侠。\r\n</p>', 99, 0, 0, 1, 0, 1, 0, 0, 1, 'admin', '2015-04-19 15:02:19', '2016-12-06 17:04:16');
INSERT INTO `dt_article` VALUES (81, 8, 35, '', '熊出没之雪岭熊风', '', '/upload/201504/19/201504191509158578.jpg', '熊出没之雪岭熊风', '熊出没之雪岭熊风', '在狗熊岭百年不遇的大雪中，熊二偶遇了小时候曾有过一面之缘的神秘小伙伴，除了重逢的喜悦，小伙伴也给熊二带来了不少麻烦：穷凶极恶的追猎者、神秘而未知的重大传说。', '', '在狗熊岭百年不遇的大雪中，熊二偶遇了小时候曾有过一面之缘的神秘小伙伴，除了重逢的喜悦，小伙伴也给熊二带来了不少麻烦：穷凶极恶的追猎者、神秘而未知的重大传说。一系列的阴差阳错，熊大熊二光头强和动物们不可避免地被卷入其中。在小镇和森林中，他们闹出了不少惊险又好…', '<p>\r\n	在狗熊岭百年不遇的大雪中，熊二偶遇了小时候曾有过一面之缘的神秘小伙伴，除了重逢的喜悦，小伙伴也给熊二带来了不少麻烦：穷凶极恶的追猎者、神秘而未知的重大传说。\r\n</p>\r\n<p>\r\n	一系列的阴差阳错，熊大熊二光头强和动物们不可避免地被卷入其中。在小镇和森林中，他们闹出了不少惊险又好笑的意外，在传说的驱使下，一行人踏上了前往白熊山的旅程，一路上，他们经历了欢笑和感动，勇气日渐增长，友谊也越加深厚，熊大和熊二学会了理解对方，矛盾也渐渐地化解。可是，一场灾难意外地爆发，在千钧一发之际，熊二鼓起勇气，承担起了拯救大家的责任，危机最终圆满解决。\r\n</p>', 99, 4, 0, 1, 0, 0, 0, 1, 1, 'admin', '2015-04-19 15:09:28', '2015-04-19 15:28:44');
INSERT INTO `dt_article` VALUES (82, 8, 37, '', '星梦奇缘', '', '/upload/201504/19/201504191553366190.jpg', '星梦奇缘', '马玲,男生宿舍,告白,跳泳池,求爱', '天津卫视和韩国CJ E&M娱乐共同制作，明星媒人出谋划策，为相亲者奋勇追求心仪对象。', '', '各大卫视在创新真人秀类型的基础上，对于有稳定收视群体的恋爱类节目依旧难舍，纷纷由演播室搬至户外，并请来大牌明星加盟，已经定档的有6个之多，如何在同质化中寻找突破，天津卫视与韩国顶尖娱乐公司CJEM联合研发制作的“明星家长式”户外交友真人秀《星梦奇缘》据悉，《星梦…', '各大卫视在创新真人秀类型的基础上，对于有稳定收视群体的恋爱类节目依旧难舍，纷纷由演播室搬至户外，并请来大牌明星加盟，已经定档的有6个之多，如何在同质化中寻找突破，天津卫视与韩国顶尖娱乐公司CJEM联合研发制作的“明星家长式”户外交友真人秀《星梦奇缘》据悉，《星梦奇缘》于4月10日开播。', 99, 1, 0, 1, 0, 1, 0, 0, 1, 'admin', '2015-04-19 15:53:41', '2016-12-06 17:04:16');
INSERT INTO `dt_article` VALUES (83, 8, 37, '', '奔跑吧兄弟', '', '/upload/201504/19/201504191612121323.jpg', '奔跑吧兄弟', '视频,视频分享,视频搜索,视频播放', '奔跑吧兄弟是浙江卫视全新推出的大型户外竞技真人秀节目，节目于2014年8月28日正式开机。', '', '奔跑吧兄弟是浙江卫视全新推出的大型户外竞技真人秀节目，节目于2014年8月28日正式开机，10月10日将登陆浙江卫视周五黄金档。该节目原型为韩版《runningman》，中国改名为《奔跑吧兄弟》由浙江卫视和韩版《Running Man》制作团队SBS联合制作。', '奔跑吧兄弟是浙江卫视全新推出的大型户外竞技真人秀节目，节目于2014年8月28日正式开机，10月10日将登陆浙江卫视周五黄金档。该节目原型为韩版《runningman》，中国改名为《奔跑吧兄弟》由浙江卫视和韩版《Running Man》制作团队SBS联合制作。', 99, 2, 0, 1, 0, 1, 0, 0, 1, 'admin', '2015-04-19 16:12:20', '2016-12-06 17:04:16');
INSERT INTO `dt_article` VALUES (84, 8, 38, '', '非诚勿扰', '', '/upload/201504/19/201504191621314730.jpg', '非诚勿扰', '非诚勿扰,视频,视频分享,视频搜索,视频播放', '《非诚勿扰》是适应现代生活节奏的大型婚恋交友节目，新的互动形式完全突破传统的交友方式，完全体现新时代男女的婚恋观。外形靓丽养眼、打扮时髦前卫、表现大胆奔放的男女嘉宾们一次又一次引爆争议热点！', '', '《非诚勿扰》是适应现代生活节奏的大型婚恋交友节目，新的互动形式完全突破传统的交友方式，完全体现新时代男女的婚恋观。外形靓丽养眼、打扮时髦前卫、表现大胆奔放的男女嘉宾们一次又一次引爆争议热点！', '<p>\r\n	《非诚勿扰》是适应现代生活节奏的大型婚恋交友节目，新的互动形式完全突破传统的交友方式，完全体现新时代男女的婚恋观。外形靓丽养眼、打扮时髦前卫、表现大胆奔放的男女嘉宾们一次又一次引爆争议热点！\r\n</p>', 99, 0, 0, 1, 0, 0, 0, 0, 1, 'admin', '2015-04-19 16:22:00', '2016-12-06 17:04:16');
INSERT INTO `dt_article` VALUES (85, 8, 38, '', '调解面对面', '', '/upload/201504/19/201504191628502165.jpg', '调解面对面', '调解面对面,视频,视频分享,视频搜索,视频播放', '智者形象 调解矛盾纠纷 领悟智慧人生通过智者的调解不仅解决当事人的矛盾，观众通过观看节目能学到、领悟到人生智慧。', '', '《调解面对面》聚焦社区民情民意，通过媒体调解方式和典型社区案例来化解矛盾，挖掘真情，唤醒良知，引导人性。节目以人和、家和、天下和为口号，定位于调解社区矛盾、关注社区和谐、破解法律疑点，全面创新媒体参与社会管理的职能。', '<p>\r\n	《调解面对面》聚焦社区民情民意，通过媒体调解方式和典型社区案例来化解矛盾，挖掘真情，唤醒良知，引导人性。节目以人和、家和、天下和为口号，定位于调解社区矛盾、关注社区和谐、破解法律疑点，全面创新媒体参与社会管理的职能。\r\n</p>', 99, 0, 0, 1, 0, 0, 0, 0, 1, 'admin', '2015-04-19 16:28:53', '2016-12-06 17:04:16');
INSERT INTO `dt_article` VALUES (86, 8, 39, '', '舌尖上的中国2：脚步', '', '/upload/201504/19/201504191635524475.jpg', '舌尖上的中国2：脚步', '舌尖上的中国,视频,视频分享,视频搜索,视频播放', '延续第一季的主题，探讨中国人与食物的关系。150多个人物，300余种美食，一张张餐桌，见证生命的诞生、成长、相聚、别离。通过美食，使人们可以有滋有味地认知这个古老的东方国度。', '', '《舌尖上的中国2》定位为中华美食文化纪录片，延续第一季的主题，探讨中国人与食物的关系。150多个人物，300余种美食，一张张餐桌，见证生命的诞生、成长、相聚、别离。通过美食，使人们可以有滋有味地认知这个古老的东方国度。《舌尖上的中国2》是2012年纪录片《舌尖上的中国…', '<p>\r\n	《舌尖上的中国2》定位为中华美食文化纪录片，延续第一季的主题，探讨中国人与食物的关系。150多个人物，300余种美食，一张张餐桌，见证生命的诞生、成长、相聚、别离。通过美食，使人们可以有滋有味地认知这个古老的东方国度。\r\n</p>\r\n<p>\r\n	《舌尖上的中国2》是2012年纪录片《舌尖上的中国》的续集，于2014年4月18日起在中央电视台综合频道（CCTV-1）与中央电视台纪录频道（CCTV-9）开播，并在爱奇艺、乐视网等多个网络平台同步播出。\r\n</p>', 99, 0, 0, 1, 0, 0, 0, 0, 1, 'admin', '2015-04-19 16:35:54', '2016-12-06 17:04:16');
INSERT INTO `dt_article` VALUES (87, 7, 43, '', '第十六届全国大学生智能车竞赛国家三等奖', '', '/机器人国三.jpg', '华为（HUAWEI）荣耀6Plus 16G双4G版', '华为（HUAWEI）,荣耀6Plus,移动/联通/电信/双4G版,双800万摄像头，八核，安卓智能手机,荣耀6plus', '华为（HUAWEI）荣耀6Plus 移动/联通/电信/双4G版（双800万摄像头，八核，安卓智能手机）荣耀6plus(白色 移动16G版/套餐一)', '', '全国大学生智能汽车竞赛是一项以“立足培养、重在参与、鼓励探索、追求卓越”为指导思想，面向全国大学生开展的具有探索性的工程实践活动。它以设计制作在特定赛道上能自主行驶且具有优越性能的智能模型汽车这类复杂工程问题为任务，鼓励大学生组成团队，综合运用多学科知识，提出、分析、设计、开发并研究智能汽车的机械结构、电子线路、运动控制和开发与调试工具等问题，激发大学生从事工程技术开发和科学研究探索的兴趣和潜能，倡导理论联系实际、求真务实的学风和团队协作的人文精神。', '<p>\r\n	全国大学生智能汽车竞赛是一项以“立足培养、重在参与、鼓励探索、追求卓越”为指导思想，面向全国大学生开展的具有探索性的工程实践活动。它以设计制作在特定赛道上能自主行驶且具有优越性能的智能模型汽车这类复杂工程问题为任务，鼓励大学生组成团队，综合运用多学科知识，提出、分析、设计、开发并研究智能汽车的机械结构、电子线路、运动控制和开发与调试工具等问题，激发大学生从事工程技术开发和科学研究探索的兴趣和潜能，倡导理论联系实际、求真务实的学风和团队协作的人文精神。\r\n</p>\r\n<p align=\"center\">\r\n	<span style=\"color:#FF0000;font-size:16px;\"><img class=\"gomeImgLoad\" alt=\"\" src=\"http://photo.tdl.cool/机器人合照1.jpg\" /></span> \r\n</p>', 99, 0, 0, 1, 0, 1, 0, 0, 1, 'admin', '2021-10-26 19:50:10', '2015-04-20 01:01:33');
INSERT INTO `dt_article` VALUES (88, 7, 43, '', '第十六届全国大学生智能车竞赛省级一等奖', '', '/机器人省一.jpg', '苹果Apple iPhone 6 Plus 16G 4G手机（联通三网版）', '苹果,iPhone 6 Plus 16G,4G手机,联通三网版', 'AppleiPhone 6 Plus手机金色（联通）5.5英寸16G】Apple iPhone 6 Plus 16G 4G手机（联通三网版）', '', 'iPhone 6 Plus设计上和iPhone 6一致，做工延续了苹果的高标准。和前几代不同的是，与前几代iPhone有棱有角的设计相比，它从屏幕边缘到边框都是弧形设计，玻璃与边框贴合的十分紧凑，两者衔接的地方过度十分自然，更像是unibody一体式的设计。它一改以往的设计风格，也使得手机…', '<p>\r\n	iPhone 6 Plus设计上和iPhone 6一致，做工延续了苹果的高标准。\r\n</p>\r\n<p>\r\n	和前几代不同的是，与前几代iPhone有棱有角的设计相比，它从屏幕边缘到边框都是弧形设计，玻璃与边框贴合的十分紧凑，两者衔接的地方过度十分自然，更像是unibody一体式的设计。它一改以往的设计风格，也使得手机十分圆滑，不太容易掌控。\r\n</p>\r\n<p>\r\n	TechCrunch和Engadget都提到，iPhone 6 Plus让人想起了iPad mini，尤其是后者的侧边也是弧形设计。iPhone 6 Plus同样需要双手来操作，想要单手模式的话，轻拍两下Home键（不是按下去），显示内容会下移大约一半的尺寸。\r\n</p>\r\n<p>\r\n	<br />\r\n</p>\r\n<p align=\"center\">\r\n	<img width=\"750\" height=\"371\" class=\"gomeImgLoad\" alt=\"\" src=\"http://img5.gomein.net.cn/image/prodimg/productDesc/descImg/201503/desc1226/1122290268/1_02.jpg\" /> <img width=\"750\" height=\"371\" class=\"gomeImgLoad\" alt=\"\" src=\"http://img6.gomein.net.cn/image/prodimg/productDesc/descImg/201503/desc1226/1122290268/1_03.jpg\" /> \r\n</p>\r\n<p align=\"center\">\r\n	<img width=\"750\" height=\"370\" class=\"gomeImgLoad\" alt=\"\" src=\"http://img5.gomein.net.cn/image/prodimg/productDesc/descImg/201503/desc1226/1122290268/1_04.jpg\" /> \r\n</p>\r\n<p align=\"center\">\r\n	<img width=\"750\" height=\"371\" class=\"gomeImgLoad\" alt=\"\" src=\"http://img6.gomein.net.cn/image/prodimg/productDesc/descImg/201503/desc1226/1122290268/1_05.jpg\" /> <img width=\"750\" height=\"371\" class=\"gomeImgLoad\" alt=\"\" src=\"http://img5.gomein.net.cn/image/prodimg/productDesc/descImg/201503/desc1226/1122290268/1_06.jpg\" /> <img width=\"750\" height=\"371\" class=\"gomeImgLoad\" alt=\"\" src=\"http://img5.gomein.net.cn/image/prodimg/productDesc/descImg/201503/desc1226/1122290268/1_07.jpg\" /> <img width=\"750\" height=\"371\" class=\"gomeImgLoad\" alt=\"\" src=\"http://img5.gomein.net.cn/image/prodimg/productDesc/descImg/201503/desc1226/1122290268/1_08.jpg\" /> <img width=\"750\" height=\"371\" class=\"gomeImgLoad\" alt=\"\" src=\"http://img6.gomein.net.cn/image/prodimg/productDesc/descImg/201503/desc1226/1122290268/1_09.jpg\" /> <img width=\"750\" height=\"370\" class=\"gomeImgLoad\" alt=\"\" src=\"http://img6.gomein.net.cn/image/prodimg/productDesc/descImg/201503/desc1226/1122290268/1_10.jpg\" /> <img width=\"750\" height=\"371\" class=\"gomeImgLoad\" alt=\"\" src=\"http://img6.gomein.net.cn/image/prodimg/productDesc/descImg/201503/desc1226/1122290268/1_11.jpg\" /> <img width=\"750\" height=\"371\" class=\"gomeImgLoad\" alt=\"\" src=\"http://img5.gomein.net.cn/image/prodimg/productDesc/descImg/201503/desc1226/1122290268/1_12.jpg\" /> \r\n</p>\r\n<p align=\"center\">\r\n	<img width=\"750\" height=\"371\" class=\"gomeImgLoad\" alt=\"\" src=\"http://img5.gomein.net.cn/image/prodimg/productDesc/descImg/201503/desc1226/1122290268/1_13.jpg\" /> \r\n</p>', 99, 0, 0, 1, 0, 1, 0, 0, 1, 'admin', '2021-10-26 17:21:55', '2015-04-20 01:04:44');
INSERT INTO `dt_article` VALUES (89, 7, 43, '', '小米无线充电宝', '', '/充电宝.jpg', '小米（Mi）小米Note 16G双网通版', '小米（Mi）小米Note 双网通版（4G、5.7英寸、16GB/64GB可选 ） Note/小米note手机(天然竹特别版 双网通/16GB内存 标配)', '小米（Mi）小米Note 双网通版（4G、5.7英寸、16GB/64GB可选 ） Note/小米note手机(天然竹特别版 双网通/16GB内存 标配)', '', '小米Note此次采用的5.7英寸夏普/JDI分辨率为1920X1080的屏幕。小米Note配置方面，CPU采用的是高通骁龙801四核2.5GHZ处理器，3GB的运行内存。4G双卡双待，1300万像素后置摄像头和400万前置摄像头组合，首次加入HiFi模块，高保真音质，电池容量为3000mAh。小米Note顶配版升级了C…', '<p>\r\n	小米Note此次采用的5.7英寸夏普/JDI分辨率为1920X1080的屏幕。小米Note配置方面，CPU采用的是高通骁龙801四核2.5GHZ处理器，3GB的运行内存。\r\n</p>\r\n<p>\r\n	4G双卡双待，1300万像素后置摄像头和400万前置摄像头组合，首次加入HiFi模块，高保真音质，电池容量为3000mAh。\r\n</p>\r\n<p>\r\n	小米Note顶配版升级了CPU、屏幕、运行内存，采用的5.7英寸夏普/JDI分辨率为2560 x 1440的2K屏，CPU采用的是高通骁龙810八核64位处理器，4GB的运行内存。\r\n</p>\r\n<p align=\"center\">\r\n	<img class=\"gomeImgLoad\" alt=\"\" src=\"http://img5.gomein.net.cn/image/bbcimg/productDesc/descImg/201501/desc04/A0005143105/3851475.jpg\" /> \r\n</p>', 99, 4, 0, 1, 0, 1, 0, 0, 1, 'admin', '2021-10-26 17:36:26', '2016-10-22 15:32:48');
INSERT INTO `dt_article` VALUES (90, 7, 44, '', '地信纪念充电宝', '', '/充电宝1.jpg', '佳能（Canon） EOS 700D 单反套机 （EF-S 18-135mm f/3.5-5.6 IS STM镜头）旗舰机型 正品行货 翻转触摸屏', '佳能,EOS 700D,单反套机,旗舰机型,正品行货,翻转触摸屏', '佳能（Canon） EOS 700D 单反套机 （EF-S 18-135mm f/3.5-5.6 IS STM镜头）旗舰机型 正品行货 翻转触摸屏行业标杆!DIGIC 5数字影像处理器 全9点十字型自动对焦 2013入门旗舰 全新力作!', '', '◆ 佳能普及型单反新旗舰记忆的片段，偶然的相遇，铭记那一刻的感动。想记录美丽的夜景，想留下鲜艳的色彩，更想捕捉决定性的瞬间。能够满足这些的相机就是EOS 700D。拓展拍摄自由度的触摸操作和可旋转液晶监视器，激发拍摄灵感的丰富创意功能，趁手的坚实机身中融入了令人惊叹…', '<p align=\"center\">\r\n	<img width=\"670\" height=\"460\" class=\"gomeImgLoad\" src=\"http://img6.gomein.net.cn/image/prodimg/productDesc/descImg/201501/desc860/1109920025/0.jpg\" /> \r\n</p>\r\n<p>\r\n	<strong>◆ 佳能普及型单反新旗舰</strong><br />\r\n记忆的片段，偶然的相遇，铭记那一刻的感动。想记录美丽的夜景，想留下鲜艳的色彩，更想捕捉决定性的瞬间。能够满足这些的相机就是EOS 700D。拓展拍摄自由度的触摸操作和可旋转液晶监视器，激发拍摄灵感的丰富创意功能，趁手的坚实机身中融入了令人惊叹的先进功能。佳能与你一同分享拥有数码单反相机的喜悦。\r\n</p>\r\n<table width=\"100%\" class=\"ke-zeroborder\" border=\"0\" cellspacing=\"0\" cellpadding=\"0\">\r\n	<tbody>\r\n		<tr>\r\n			<td>\r\n				<table width=\"100%\" class=\"ke-zeroborder\" border=\"0\" cellspacing=\"0\" cellpadding=\"0\">\r\n					<tbody>\r\n						<tr>\r\n							<td>\r\n								&nbsp;\r\n							</td>\r\n						</tr>\r\n						<tr>\r\n							<td class=\"heise14\">\r\n								<strong>◆ 高反应性 — 卓越的自动对焦性能和高速连拍</strong><br />\r\n无论被摄体的种类和状态如何，瞬间捕捉快门时机是EOS 700D的强项。全9点十字型高精度自动对焦感应器和Hybrid CMOS AF是拓展多种拍摄方式的坚实后盾。在取景器拍摄和实时显示拍摄时都能精确捕捉被摄体。另外，最高约5张/秒的高速连拍可连续记录被摄体的动作，不会错过拍摄时机。\r\n							</td>\r\n						</tr>\r\n						<tr>\r\n							<td>\r\n								&nbsp;\r\n							</td>\r\n						</tr>\r\n					</tbody>\r\n				</table>\r\n			</td>\r\n		</tr>\r\n		<tr>\r\n			<td>\r\n				&nbsp;\r\n			</td>\r\n		</tr>\r\n		<tr>\r\n			<td>\r\n				<table width=\"100%\" class=\"ke-zeroborder\" border=\"0\" cellspacing=\"0\" cellpadding=\"0\">\r\n					<tbody>\r\n						<tr>\r\n							<td align=\"center\" valign=\"middle\" rowspan=\"3\">\r\n								<img width=\"165\" height=\"110\" class=\"gomeImgLoad\" src=\"http://img6.gomein.net.cn/image/prodimg/productDesc/descImg/201501/desc860/1109920025/12.jpg\" /> \r\n							</td>\r\n							<td>\r\n								&nbsp;\r\n							</td>\r\n						</tr>\r\n						<tr>\r\n							<td class=\"heise14\">\r\n								<strong>◆ 高画质・高感光度 — 约1800万有效像素带来的高精细、低噪点画质</strong><br />\r\n从明亮场景到昏暗场景，EOS 700D随时随地都能拍出令人感动的美丽照片。其中的秘密就在于约1800万有效像素CMOS图像感应器和担负高速高画质图像处理的DIGIC 5数字影像处理器的组合。高像素带来精细成像和细腻层次表现是数码单反相机的特长。另外，常用感光度为ISO 100-12800，可拓展至ISO 25600。卓越的降噪效果使得高感光度拍摄时也能获得清晰的画质。<br />\r\n							</td>\r\n						</tr>\r\n						<tr>\r\n							<td>\r\n								&nbsp;\r\n							</td>\r\n						</tr>\r\n					</tbody>\r\n				</table>\r\n			</td>\r\n		</tr>\r\n		<tr>\r\n			<td>\r\n				&nbsp;\r\n			</td>\r\n		</tr>\r\n		<tr>\r\n			<td>\r\n				<table width=\"100%\" class=\"ke-zeroborder\" border=\"0\" cellspacing=\"0\" cellpadding=\"0\">\r\n					<tbody>\r\n						<tr>\r\n							<td align=\"center\" valign=\"middle\" rowspan=\"3\">\r\n								<img width=\"165\" height=\"110\" class=\"gomeImgLoad\" src=\"http://img5.gomein.net.cn/image/prodimg/productDesc/descImg/201501/desc860/1109920025/13.jpg\" /> \r\n							</td>\r\n							<td>\r\n								&nbsp;\r\n							</td>\r\n						</tr>\r\n						<tr>\r\n							<td class=\"heise14\">\r\n								<strong>◆ 触控 — 可迅速拍摄且便于回放的触控液晶监视器</strong><br />\r\n使用EOS 700D只需轻触液晶监视器的表面即可完成从对焦、拍摄到回放图像的操作。通过触摸操作可迅速改变设置或选择菜单，因此相机丰富的功能都能轻松调出，使用起来更熟练。直观的操作使初学者也不再为操作而烦恼。根据被摄体和拍摄场景分别使用不同的自动对焦方式，轻松简单的触摸操作也能拍出理想的照片。可以说EOS 700D可利用智能手机般的简易操作拍出专业级的照片。<br />\r\n							</td>\r\n						</tr>\r\n						<tr>\r\n							<td>\r\n								&nbsp;\r\n							</td>\r\n						</tr>\r\n					</tbody>\r\n				</table>\r\n			</td>\r\n		</tr>\r\n		<tr>\r\n			<td>\r\n				&nbsp;\r\n			</td>\r\n		</tr>\r\n		<tr>\r\n			<td>\r\n				<table width=\"100%\" class=\"ke-zeroborder\" border=\"0\" cellspacing=\"0\" cellpadding=\"0\">\r\n					<tbody>\r\n						<tr>\r\n							<td align=\"center\" valign=\"middle\" rowspan=\"3\">\r\n								<img width=\"165\" height=\"110\" class=\"gomeImgLoad\" src=\"http://img6.gomein.net.cn/image/prodimg/productDesc/descImg/201501/desc860/1109920025/14.jpg\" /> \r\n							</td>\r\n							<td>\r\n								&nbsp;\r\n							</td>\r\n						</tr>\r\n						<tr>\r\n							<td class=\"heise14\">\r\n								<strong>短片拍摄 — 可自动对焦追踪拍摄的全高清EOS短片</strong><br />\r\n可持续对焦动态被摄体的短片伺服自动对焦和短片拍摄中的高速自动对焦使短片拍摄更加顺畅。使用超过60款的EF镜头能够自由地表现美丽的虚化和微距世界等。拍摄短片时可进行直观的触摸操作，轻松拍出可用于电影、电视广告制作的高品质影像。<br />\r\n							</td>\r\n						</tr>\r\n						<tr>\r\n							<td>\r\n								&nbsp;\r\n							</td>\r\n						</tr>\r\n					</tbody>\r\n				</table>\r\n			</td>\r\n		</tr>\r\n		<tr>\r\n			<td>\r\n				&nbsp;\r\n			</td>\r\n		</tr>\r\n		<tr>\r\n			<td>\r\n				<table width=\"100%\" class=\"ke-zeroborder\" border=\"0\" cellspacing=\"0\" cellpadding=\"0\">\r\n					<tbody>\r\n						<tr>\r\n							<td align=\"center\" valign=\"middle\" rowspan=\"3\">\r\n								<img width=\"165\" height=\"110\" class=\"gomeImgLoad\" src=\"http://img6.gomein.net.cn/image/prodimg/productDesc/descImg/201501/desc860/1109920025/15.jpg\" /> \r\n							</td>\r\n							<td>\r\n								&nbsp;\r\n							</td>\r\n						</tr>\r\n						<tr>\r\n							<td class=\"heise14\">\r\n								<strong>◆ 基本性能 — 自动识别拍摄场景和被摄体，拍摄理想照片的先进功能</strong><br />\r\n被摄体周围的光线环境多种多样。EOS 700D搭载了可识别被摄体颜色和拍摄场景的高性能测光感应器，能够随时随地正确计算曝光。另外DIGIC 5数字影像处理器可综合分析相机内各感应器获取的多种信息，针对拍摄场景进行合适的图像处理。基于EOS 700D卓越的基本性能无论何时何地都能获得理想的照片效果。<br />\r\n							</td>\r\n						</tr>\r\n						<tr>\r\n							<td>\r\n								&nbsp;\r\n							</td>\r\n						</tr>\r\n					</tbody>\r\n				</table>\r\n			</td>\r\n		</tr>\r\n		<tr>\r\n			<td>\r\n				&nbsp;\r\n			</td>\r\n		</tr>\r\n		<tr>\r\n			<td>\r\n				<table width=\"100%\" class=\"ke-zeroborder\" border=\"0\" cellspacing=\"0\" cellpadding=\"0\">\r\n					<tbody>\r\n						<tr>\r\n							<td align=\"center\" valign=\"middle\" rowspan=\"3\">\r\n								<img width=\"165\" height=\"110\" class=\"gomeImgLoad\" src=\"http://img6.gomein.net.cn/image/prodimg/productDesc/descImg/201501/desc860/1109920025/16.jpg\" /> \r\n							</td>\r\n							<td>\r\n								&nbsp;\r\n							</td>\r\n						</tr>\r\n						<tr>\r\n							<td class=\"heise14\">\r\n								<strong>◆ 创造性 — 在拍摄中或拍摄后提升作品效果的多种功能</strong><br />\r\nEOS 700D搭载了多种功能，通过简单的操作即可获得专业级的效果。使用\"手持夜景\"模式无需三脚架也能手持拍摄夜景，\"HDR逆光控制\"模式在逆光下可有效抑制暗部缺失和高光溢出，而\"夜景人像\"模式在拍摄人像时可使背景和人物的亮度更加协调。除此之外，充实的\"创意滤镜\"功能还可以为照片添加丰富的效果。使用这些功能便能创作出有别于通常拍摄的照片效果，获得理想的摄影作品。<br />\r\n							</td>\r\n						</tr>\r\n						<tr>\r\n							<td>\r\n								&nbsp;\r\n							</td>\r\n						</tr>\r\n					</tbody>\r\n				</table>\r\n			</td>\r\n		</tr>\r\n		<tr>\r\n			<td>\r\n				&nbsp;\r\n			</td>\r\n		</tr>\r\n		<tr>\r\n			<td>\r\n				<table width=\"100%\" class=\"ke-zeroborder\" border=\"0\" cellspacing=\"0\" cellpadding=\"0\">\r\n					<tbody>\r\n						<tr>\r\n							<td align=\"center\" valign=\"middle\" rowspan=\"3\">\r\n								<img width=\"165\" height=\"110\" class=\"gomeImgLoad\" src=\"http://img6.gomein.net.cn/image/prodimg/productDesc/descImg/201501/desc860/1109920025/17.jpg\" /> \r\n							</td>\r\n							<td>\r\n								&nbsp;\r\n							</td>\r\n						</tr>\r\n						<tr>\r\n							<td class=\"heise14\">\r\n								<strong>◆ 设计・拓展性 — 全新的外观和丰富的附件</strong><br />\r\n全新设计的EOS 700D功能性和系统性都更加完善。机身设计焕然一新，转盘改为凸型图标。套机镜头EF-S 18-55mm f/3.5-5.6 IS STM和EF-S 18-135mm f/3.5-5.6 IS STM可实现安静流畅的自动对焦。除可使用超过60款的EF镜头外，还可搭配功能繁多的外接闪光灯和电池盒兼手柄等附件。组合使用就能拓展拍摄领域，获得更高的表现力。\r\n							</td>\r\n						</tr>\r\n					</tbody>\r\n				</table>\r\n			</td>\r\n		</tr>\r\n	</tbody>\r\n</table>\r\n<p align=\"center\">\r\n	<img width=\"670\" height=\"460\" class=\"gomeImgLoad\" src=\"http://img6.gomein.net.cn/image/prodimg/productDesc/descImg/201501/desc860/1109920025/0.jpg\" /> \r\n</p>\r\n<p align=\"center\">\r\n	<img width=\"670\" height=\"460\" class=\"gomeImgLoad\" src=\"http://img6.gomein.net.cn/image/prodimg/productDesc/descImg/201501/desc860/1109920025/1.jpg\" /> <img width=\"670\" height=\"460\" class=\"gomeImgLoad\" src=\"http://img5.gomein.net.cn/image/prodimg/productDesc/descImg/201501/desc860/1109920025/2.jpg\" /> <img width=\"670\" height=\"460\" class=\"gomeImgLoad\" src=\"http://img6.gomein.net.cn/image/prodimg/productDesc/descImg/201501/desc860/1109920025/3.jpg\" /> <img width=\"670\" height=\"460\" class=\"gomeImgLoad\" src=\"http://img6.gomein.net.cn/image/prodimg/productDesc/descImg/201501/desc860/1109920025/4.jpg\" /> <img width=\"670\" height=\"460\" class=\"gomeImgLoad\" src=\"http://img5.gomein.net.cn/image/prodimg/productDesc/descImg/201501/desc860/1109920025/5.jpg\" /> <img width=\"670\" height=\"460\" class=\"gomeImgLoad\" src=\"http://img6.gomein.net.cn/image/prodimg/productDesc/descImg/201501/desc860/1109920025/6.jpg\" /> <img width=\"670\" height=\"460\" class=\"gomeImgLoad\" src=\"http://img5.gomein.net.cn/image/prodimg/productDesc/descImg/201501/desc860/1109920025/7.jpg\" /> <img width=\"670\" height=\"460\" class=\"gomeImgLoad\" src=\"http://img6.gomein.net.cn/image/prodimg/productDesc/descImg/201501/desc860/1109920025/8.jpg\" /> <img width=\"670\" height=\"460\" class=\"gomeImgLoad\" src=\"http://img5.gomein.net.cn/image/prodimg/productDesc/descImg/201501/desc860/1109920025/9.jpg\" />\r\n</p>', 99, 1, 0, 1, 0, 1, 0, 0, 1, 'admin', '2021-10-26 17:36:39', '2015-04-20 01:59:48');
INSERT INTO `dt_article` VALUES (91, 7, 44, '', '伊利纯牛奶', '', '/纯牛奶.jpg', '尼康(Nikon)D3300套机(18-55mm f/3.5-5.6G VRII)', '尼康,Nikon,D3300套机', '尼康（Nikon）D3300套机（18-55mm f/3.5-5.6G VRII）（黑色）新一代Expeed 4图像处理器3寸液晶屏 支持短片拍摄 双重清洁系统 11点自动对焦', '', '作为D3200的升级版，尼康D3300最大特点即是无低通的设置，整体配置却与D5300十分相似。搭载2416万像素无低通滤镜传感器，以及EXPEED 4图像处理器，在入门级单反中比较抢眼。最高感光度达到至ISO 25600，最高连拍速度5fps，11点对焦系统，可录制1080/60p全高清视频。外观方面，…', '<p>\r\n	作为D3200的升级版，尼康D3300最大特点即是无低通的设置，整体配置却与D5300十分相似。搭载2416万像素无低通滤镜传感器，以及EXPEED 4图像处理器，在入门级单反中比较抢眼。最高感光度达到至ISO 25600，最高连拍速度5fps，11点对焦系统，可录制1080/60p全高清视频。\r\n</p>\r\n<p>\r\n	外观方面，尼康D3300与D3200区别不大，依然以“圆润”化设计思路为主线，相机更加的柔和，时尚化。机身背面配有3英寸92万像素液晶屏，可进行亮度调节。除此D3300整体握持手感可以说是近年来小型单反中做得最好的，无论是手柄的深度，蒙皮的覆盖位置都可以说是刚刚好。而黑色，灰色以及红色的外观，更增加了可选性。\r\n</p>\r\n<table width=\"750\" class=\"ke-zeroborder\" border=\"0\" cellspacing=\"0\" cellpadding=\"0\">\r\n	<tbody>\r\n		<tr>\r\n			<td>\r\n				<img width=\"750\" height=\"199\" class=\"gomeImgLoad\" alt=\"\" src=\"http://img6.gomein.net.cn/image/prodimg/productDesc/descImg/201410/desc7815/9129260228/1_21.jpg\" /> \r\n			</td>\r\n		</tr>\r\n		<tr>\r\n			<td>\r\n				<img width=\"750\" height=\"199\" class=\"gomeImgLoad\" alt=\"\" src=\"http://img6.gomein.net.cn/image/prodimg/productDesc/descImg/201410/desc7815/9129260228/1_22.jpg\" /> \r\n			</td>\r\n		</tr>\r\n		<tr>\r\n			<td>\r\n				<img width=\"750\" height=\"200\" class=\"gomeImgLoad\" alt=\"\" src=\"http://img6.gomein.net.cn/image/prodimg/productDesc/descImg/201410/desc7815/9129260228/1_23.jpg\" /> \r\n			</td>\r\n		</tr>\r\n		<tr>\r\n			<td>\r\n				<img width=\"750\" height=\"199\" class=\"gomeImgLoad\" alt=\"\" src=\"http://img6.gomein.net.cn/image/prodimg/productDesc/descImg/201410/desc7815/9129260228/1_24.jpg\" /> \r\n			</td>\r\n		</tr>\r\n		<tr>\r\n			<td>\r\n				<img width=\"750\" height=\"199\" class=\"gomeImgLoad\" alt=\"\" src=\"http://img5.gomein.net.cn/image/prodimg/productDesc/descImg/201410/desc7815/9129260228/1_25.jpg\" /> \r\n			</td>\r\n		</tr>\r\n		<tr>\r\n			<td>\r\n				<img width=\"750\" height=\"200\" class=\"gomeImgLoad\" alt=\"\" src=\"http://img6.gomein.net.cn/image/prodimg/productDesc/descImg/201410/desc7815/9129260228/1_26.jpg\" /> \r\n			</td>\r\n		</tr>\r\n		<tr>\r\n			<td>\r\n				<img width=\"750\" height=\"199\" class=\"gomeImgLoad\" alt=\"\" src=\"http://img5.gomein.net.cn/image/prodimg/productDesc/descImg/201410/desc7815/9129260228/1_27.jpg\" /> \r\n			</td>\r\n		</tr>\r\n		<tr>\r\n			<td>\r\n				<img width=\"750\" height=\"200\" class=\"gomeImgLoad\" alt=\"\" src=\"http://img6.gomein.net.cn/image/prodimg/productDesc/descImg/201410/desc7815/9129260228/1_28.jpg\" /> \r\n			</td>\r\n		</tr>\r\n		<tr>\r\n			<td>\r\n				<img width=\"750\" height=\"199\" class=\"gomeImgLoad\" alt=\"\" src=\"http://img6.gomein.net.cn/image/prodimg/productDesc/descImg/201410/desc7815/9129260228/1_29.jpg\" /> \r\n			</td>\r\n		</tr>\r\n		<tr>\r\n			<td>\r\n				<img width=\"750\" height=\"199\" class=\"gomeImgLoad\" alt=\"\" src=\"http://img5.gomein.net.cn/image/prodimg/productDesc/descImg/201410/desc7815/9129260228/1_30.jpg\" /> \r\n			</td>\r\n		</tr>\r\n		<tr>\r\n			<td>\r\n				<img width=\"750\" height=\"200\" class=\"gomeImgLoad\" alt=\"\" src=\"http://img5.gomein.net.cn/image/prodimg/productDesc/descImg/201410/desc7815/9129260228/1_31.jpg\" /> \r\n			</td>\r\n		</tr>\r\n		<tr>\r\n			<td>\r\n				<img width=\"750\" height=\"199\" class=\"gomeImgLoad\" alt=\"\" src=\"http://img5.gomein.net.cn/image/prodimg/productDesc/descImg/201410/desc7815/9129260228/1_32.jpg\" /> \r\n			</td>\r\n		</tr>\r\n		<tr>\r\n			<td>\r\n				<img width=\"750\" height=\"199\" class=\"gomeImgLoad\" alt=\"\" src=\"http://img6.gomein.net.cn/image/prodimg/productDesc/descImg/201410/desc7815/9129260228/1_33.jpg\" /> \r\n			</td>\r\n		</tr>\r\n		<tr>\r\n			<td>\r\n				<img width=\"750\" height=\"200\" class=\"gomeImgLoad\" alt=\"\" src=\"http://img5.gomein.net.cn/image/prodimg/productDesc/descImg/201410/desc7815/9129260228/1_34.jpg\" /> \r\n			</td>\r\n		</tr>\r\n		<tr>\r\n			<td>\r\n				<img width=\"750\" height=\"199\" class=\"gomeImgLoad\" alt=\"\" src=\"http://img5.gomein.net.cn/image/prodimg/productDesc/descImg/201410/desc7815/9129260228/1_35.jpg\" /> \r\n			</td>\r\n		</tr>\r\n		<tr>\r\n			<td>\r\n				<img width=\"750\" height=\"200\" class=\"gomeImgLoad\" alt=\"\" src=\"http://img5.gomein.net.cn/image/prodimg/productDesc/descImg/201410/desc7815/9129260228/1_36.jpg\" /> \r\n			</td>\r\n		</tr>\r\n		<tr>\r\n			<td>\r\n				<img width=\"750\" height=\"199\" class=\"gomeImgLoad\" alt=\"\" src=\"http://img6.gomein.net.cn/image/prodimg/productDesc/descImg/201410/desc7815/9129260228/1_37.jpg\" /> \r\n			</td>\r\n		</tr>\r\n		<tr>\r\n			<td>\r\n				<img width=\"750\" height=\"199\" class=\"gomeImgLoad\" alt=\"\" src=\"http://img5.gomein.net.cn/image/prodimg/productDesc/descImg/201410/desc7815/9129260228/1_38.jpg\" /> \r\n			</td>\r\n		</tr>\r\n		<tr>\r\n			<td>\r\n				<img width=\"750\" height=\"200\" class=\"gomeImgLoad\" alt=\"\" src=\"http://img6.gomein.net.cn/image/prodimg/productDesc/descImg/201410/desc7815/9129260228/1_39.jpg\" /> \r\n			</td>\r\n		</tr>\r\n		<tr>\r\n			<td>\r\n				<img width=\"750\" height=\"199\" class=\"gomeImgLoad\" alt=\"\" src=\"http://img5.gomein.net.cn/image/prodimg/productDesc/descImg/201410/desc7815/9129260228/1_40.jpg\" /> \r\n			</td>\r\n		</tr>\r\n		<tr>\r\n			<td>\r\n				<img width=\"750\" height=\"199\" class=\"gomeImgLoad\" alt=\"\" src=\"http://img5.gomein.net.cn/image/prodimg/productDesc/descImg/201410/desc7815/9129260228/1_41.jpg\" /> \r\n			</td>\r\n		</tr>\r\n		<tr>\r\n			<td>\r\n				<img width=\"750\" height=\"200\" class=\"gomeImgLoad\" alt=\"\" src=\"http://img6.gomein.net.cn/image/prodimg/productDesc/descImg/201410/desc7815/9129260228/1_42.jpg\" /> \r\n			</td>\r\n		</tr>\r\n		<tr>\r\n			<td>\r\n				<img width=\"750\" height=\"199\" class=\"gomeImgLoad\" alt=\"\" src=\"http://img6.gomein.net.cn/image/prodimg/productDesc/descImg/201410/desc7815/9129260228/1_43.jpg\" /> \r\n			</td>\r\n		</tr>\r\n		<tr>\r\n			<td>\r\n				<img width=\"750\" height=\"200\" class=\"gomeImgLoad\" alt=\"\" src=\"http://img6.gomein.net.cn/image/prodimg/productDesc/descImg/201410/desc7815/9129260228/1_44.jpg\" /> \r\n			</td>\r\n		</tr>\r\n		<tr>\r\n			<td>\r\n				<img width=\"750\" height=\"199\" class=\"gomeImgLoad\" alt=\"\" src=\"http://img5.gomein.net.cn/image/prodimg/productDesc/descImg/201410/desc7815/9129260228/1_45.jpg\" /> \r\n			</td>\r\n		</tr>\r\n		<tr>\r\n			<td>\r\n				<img width=\"750\" height=\"199\" class=\"gomeImgLoad\" alt=\"\" src=\"http://img5.gomein.net.cn/image/prodimg/productDesc/descImg/201410/desc7815/9129260228/1_46.jpg\" /> \r\n			</td>\r\n		</tr>\r\n		<tr>\r\n			<td>\r\n				<img width=\"750\" height=\"200\" class=\"gomeImgLoad\" alt=\"\" src=\"http://img6.gomein.net.cn/image/prodimg/productDesc/descImg/201410/desc7815/9129260228/1_47.jpg\" /> \r\n			</td>\r\n		</tr>\r\n		<tr>\r\n			<td>\r\n			</td>\r\n		</tr>\r\n	</tbody>\r\n</table>', 99, 0, 0, 1, 0, 0, 0, 0, 1, 'admin', '2021-10-26 17:37:45', '2016-12-06 17:04:16');
INSERT INTO `dt_article` VALUES (92, 7, 46, '', '大宝SOD蜜', '', '/大宝.jpg', '联想（Lenovo） G510AM 15.6英寸笔记本电脑（i3-4000M 4G 500G 2G独显 摄像头 DVD刻录 Win8）金属黑', '联想（Lenovo） G510AM 15.6英寸笔记本电脑（i3-4000M 4G 500G 2G独显 摄像头 DVD刻录 Win8）金属黑', '联想（Lenovo） G510AM 15.6英寸笔记本电脑（i3-4000M 4G 500G 2G独显 摄像头 DVD刻录 Win8）金属黑\r\n\r\n【新一代G系の高性能家用笔记本】万箭穿心Ω斯巴达克斯级战备性能∑炼狱级2G显卡性能本，全面预装windows8系统！', '', 'G系列全面支持Windows 8 简体中文版，在秉承了坚实耐用、稳定可靠的产品指纹的同时，金属版本全金属C面令笔记本更加安全可靠。搭载独立显卡在游戏和多媒体方面较上一代显卡最高可实现两倍性能提升，提供更加强大的笔记本体验。杜比环绕立体声音效，轻松拥有影院级高品质享受；…', '<p>\r\n	G系列全面支持Windows 8 简体中文版，在秉承了坚实耐用、稳定可靠的产品指纹的同时，金属版本全金属C面令笔记本更加安全可靠。搭载独立显卡在游戏和多媒体方面较上一代显卡最高可实现两倍性能提升，提供更加强大的笔记本体验。杜比环绕立体声音效，轻松拥有影院级高品质享受；更可以通过HDMI接口连接3D电视，实现坐拥私家3D影院的梦想！\r\n</p>\r\n<p>\r\n	Windows 8 中文版操作系统（限部分机型标配），紧跟潮流CPU全面升级，四核普及风暴：搭载第四代智能英特尔Haswell酷睿处理器，最高至i7四核处理器，极致性能一本无忧显卡换代，火爆升级：显卡切换至新一代AMD Radeon HD8570 2G DDR3独立显存，最高可至AMD Radeon HD87504GDDR3独立显存；性能较上代提升超过100%，为客户带来酣畅使用体验。\r\n</p>\r\n<table width=\"749\" border=\"0\" cellspacing=\"0\" cellpadding=\"0\">\r\n	<tbody>\r\n		<tr>\r\n			<td>\r\n				<img width=\"749\" height=\"200\" class=\"gomeImgLoad\" alt=\"\" src=\"http://img5.gomein.net.cn/image/prodimg/productDesc/descImg/201410/desc7730/9133093178/9131870369_02.jpg\" />\r\n			</td>\r\n		</tr>\r\n		<tr>\r\n			<td>\r\n				<img width=\"749\" height=\"201\" class=\"gomeImgLoad\" alt=\"\" src=\"http://img5.gomein.net.cn/image/prodimg/productDesc/descImg/201410/desc7730/9133093178/9131870369_03.jpg\" />\r\n			</td>\r\n		</tr>\r\n		<tr>\r\n			<td>\r\n				<img width=\"749\" height=\"201\" class=\"gomeImgLoad\" alt=\"\" src=\"http://img5.gomein.net.cn/image/prodimg/productDesc/descImg/201410/desc7730/9133093178/9131870369_04.jpg\" />\r\n			</td>\r\n		</tr>\r\n		<tr>\r\n			<td>\r\n				<img width=\"749\" height=\"200\" class=\"gomeImgLoad\" alt=\"\" src=\"http://img6.gomein.net.cn/image/prodimg/productDesc/descImg/201410/desc7730/9133093178/9131870369_05.jpg\" />\r\n			</td>\r\n		</tr>\r\n		<tr>\r\n			<td>\r\n				<img width=\"749\" height=\"201\" class=\"gomeImgLoad\" alt=\"\" src=\"http://img6.gomein.net.cn/image/prodimg/productDesc/descImg/201410/desc7730/9133093178/9131870369_06.jpg\" />\r\n			</td>\r\n		</tr>\r\n		<tr>\r\n			<td>\r\n				<img width=\"749\" height=\"201\" class=\"gomeImgLoad\" alt=\"\" src=\"http://img5.gomein.net.cn/image/prodimg/productDesc/descImg/201410/desc7730/9133093178/9131870369_07.jpg\" />\r\n			</td>\r\n		</tr>\r\n		<tr>\r\n			<td>\r\n				<img width=\"749\" height=\"200\" class=\"gomeImgLoad\" alt=\"\" src=\"http://img6.gomein.net.cn/image/prodimg/productDesc/descImg/201410/desc7730/9133093178/9131870369_08.jpg\" />\r\n			</td>\r\n		</tr>\r\n		<tr>\r\n			<td>\r\n				<img width=\"749\" height=\"201\" class=\"gomeImgLoad\" alt=\"\" src=\"http://img6.gomein.net.cn/image/prodimg/productDesc/descImg/201410/desc7730/9133093178/9131870369_09.jpg\" />\r\n			</td>\r\n		</tr>\r\n		<tr>\r\n			<td>\r\n				<img width=\"749\" height=\"200\" class=\"gomeImgLoad\" alt=\"\" src=\"http://img6.gomein.net.cn/image/prodimg/productDesc/descImg/201410/desc7730/9133093178/9131870369_10.jpg\" />\r\n			</td>\r\n		</tr>\r\n		<tr>\r\n			<td>\r\n				<img width=\"749\" height=\"201\" class=\"gomeImgLoad\" alt=\"\" src=\"http://img5.gomein.net.cn/image/prodimg/productDesc/descImg/201410/desc7730/9133093178/9131870369_11.jpg\" />\r\n			</td>\r\n		</tr>\r\n		<tr>\r\n			<td>\r\n				<img width=\"749\" height=\"201\" class=\"gomeImgLoad\" alt=\"\" src=\"http://img6.gomein.net.cn/image/prodimg/productDesc/descImg/201410/desc7730/9133093178/9131870369_12.jpg\" />\r\n			</td>\r\n		</tr>\r\n		<tr>\r\n			<td>\r\n				<img width=\"749\" height=\"200\" class=\"gomeImgLoad\" alt=\"\" src=\"http://img6.gomein.net.cn/image/prodimg/productDesc/descImg/201410/desc7730/9133093178/9131870369_13.jpg\" />\r\n			</td>\r\n		</tr>\r\n		<tr>\r\n			<td>\r\n				<img width=\"749\" height=\"201\" class=\"gomeImgLoad\" alt=\"\" src=\"http://img6.gomein.net.cn/image/prodimg/productDesc/descImg/201410/desc7730/9133093178/9131870369_14.jpg\" />\r\n			</td>\r\n		</tr>\r\n	</tbody>\r\n</table>\r\n<!-- End Save for Web Slices -->\r\n<div id=\"adbottom\">\r\n	<div style=\"text-align:center;\">\r\n		<a href=\"http://prom.gome.com.cn/html/prodhtml/topics/201501/jiaanbao.html\"></a>\r\n	</div>\r\n</div>', 99, 0, 0, 1, 0, 1, 0, 0, 1, 'admin', '2021-10-26 17:37:54', '2016-12-06 17:04:16');
INSERT INTO `dt_article` VALUES (93, 7, 46, '', '戴尔G3电脑', '', '/电脑.jpg', 'Apple iMac MF883CH/A 21.5英寸一体机电脑', '赏心悦目de感官享受 艺术品般de细致雕琢 效能与设计de完美结合', 'Apple iMac MF883CH/A 21.5英寸一体机电脑赏心悦目de感官享受 艺术品般de细致雕琢 效能与设计de完美结合', '', '—— iMac —— 锋锐设计，锋芒表现。iMac 拥有亮丽的宽显示屏、强劲的 Intel 处理器、超快的图形处理器和其他先进功能，而一切精彩都集于超乎想象的锋锐外壳中，边缘处仅有 5 毫米。 ● 绚丽夺目的设计● 绚美的宽显示屏● 全线配备 Intel Core i5 处理器● 强大的图形处理器…', '—— iMac —— <br />\r\n锋锐设计，锋芒表现。<br />\r\niMac 拥有亮丽的宽显示屏、强劲的 Intel 处理器、超快的图形处理器和其他先进功能，而一切精彩都集于超乎想象的锋锐外壳中，边缘处仅有 5 毫米。 <br />\r\n● 绚丽夺目的设计<br />\r\n● 绚美的宽显示屏<br />\r\n● 全线配备 Intel Core i5 处理器<br />\r\n● 强大的图形处理器<br />\r\n● 高速 I/O 传输技术，包括两个 Thunderbolt 端口、四个 USB 3 端口等<br />\r\n● FaceTime HD 高清摄像头<br />\r\n● Apple Wireless Keyboard<br />\r\n● Apple Magic Mouse<br />\r\n● 一系列激发创意和提升效率的强大 app<br />\r\n● OS X Mavericks，了不起的先进操作系统 <br />\r\n&nbsp; <br />\r\n—— Apple Wireless Keyboard —— <br />\r\nApple Wireless Keyboard 拥有难以置信的超薄流线型设计，让你能在你的桌上、膝上或任意有效范围之内尽情输入。不管你把它放在哪里，它只需极小的空间即可容身。 <br />\r\n&nbsp; <br />\r\n—— Apple Magic Mouse —— <br />\r\nMagic Mouse 不同于你以往用过的其他鼠标。Multi-Touch 表面让你可以使用手势轻扫翻看照片，滚动浏览网页。整个鼠标就是一个按钮，任你随处点击。 <br />\r\n&nbsp; <br />\r\n—— Apple Magic Trackpad —— <br />\r\n和 Apple Wireless Keyboard 可以对齐摆放。你可以使用内置于 OS X Mavericks 的所有 Multi-Touch 手势，来轻松掌控，和屏幕进行互动。轻扫浏览照片，上下滚读网页，并可随处点击。 <br />\r\n&nbsp; <br />\r\n—— Apple USB SuperDrive 光驱 —— <br />\r\n紧凑轻便的 Apple USB SuperDrive 光驱仅需一条 USB 线缆就能接入你的 iMac、配备 Retina 显示屏的 MacBook Pro、MacBook Air 或 Mac mini 连接，并且可以轻松纳入你的旅行包。有了它，你可以安装软件，播放及刻录 CD 和 DVD（包括双层 DVD）。 <br />\r\n&nbsp; <br />\r\n—— AirPort Extreme —— <br />\r\n简单易用的 AirPort Extreme 基站拥有新一代 802.11ac Wi-Fi 技术，能为家庭、学校和公司提供理想的无线接入点1。它具备同步双频支持，为 Mac 电脑、PC，以及 iPhone、iPad 和 iPod touch 等设备带来高性能的无线网络连接2。<br />\r\n1、AirPort Extreme 基于 IEEE 802.11ac 规范草案。性能数据基于与 Apple 的 802.11n 产品所做的比较。<br />\r\n2、接入无线互联网要求使用互联网账号；可能需要付费。 <br />\r\n&nbsp; <br />\r\n—— AirPort Time Capsule —— <br />\r\nAirPort Time Capsule 这款无线硬盘能与 OS X 中的 Time Machine 无缝配合，为你备份生活中难忘的美好回忆。它还是一款全功能的 Wi-Fi 基站，具备新一代 802.11ac 技术与同步双频支持*。<br />\r\n* AirPort Time Capsule 基于 IEEE 802.11ac 规范草案。性能数据基于与 Apple 的 802.11n 产品所做的比较。接入无线互联网要求使用互联网账号；可能需要付费。<br />\r\n&nbsp;适用于 Mac 的AppleCare Protection Plan 全方位服务计划可提供长达 3 年的专家电话技术支持，以及来自Apple 的额外硬件服务选项1。 <br />\r\n&nbsp; <br />\r\n当你购买了AppleCare Protection Plan 全方位服务计划，只需一通电话即可帮你解答各式各样的问题2，包括 iLife 和 iWork 等产品的使用方法问题。你甚至还可以在访问世界其他国家或地区时，在当地获取维修服务。 <br />\r\n&nbsp; <br />\r\n中国的消费者权益保护法包括\"三包\"规定，赋予了消费者自购机之日起 2 年的主要部件质量问题保修服务。在浙江省，消费者权益保护法赋予了消费者自购买之日起 3 年的台式电脑质量问题保修服务。在此基础之上，大多数 Apple 产品也附带 90 天的免费电话技术支持，以及来自 Apple 的 1 年有限保修服务。 <br />', 99, 0, 0, 1, 0, 0, 0, 1, 1, 'admin', '2021-10-26 17:38:02', '2015-04-20 03:41:29');
INSERT INTO `dt_article` VALUES (94, 7, 47, '', '干脆面', '', '/干脆面.jpg', '金士顿（Kingston） DataTraveler SE9 32GB 金属U盘 银色', '金士顿,金属U盘', '金士顿（Kingston） DataTraveler SE9 32GB 金属U盘 银色', '', '品名：金士顿颜色：银色容量：32GB USB2.0尺寸：1.535＂0.486＂0.179＂（39.00mm12.35mm4.55mm）携带方便：小巧的无盖帽设计袖珍型，携带方便质量保证：5年保固，免费技术支持工作温度：32℉到140℉（0℃到60℃）保存温度：-4℉到185℉（-20℃到85℃）', '<p>\r\n	<span class=\"yhbb\">品名：</span>金士顿<br />\r\n<span class=\"yhbb\">颜色：</span>银色<br />\r\n<span class=\"yhbb\">容量：</span>32GB USB2.0<br />\r\n<span class=\"yhbb\">尺寸：</span>1.535＂×0.486＂×0.179＂<br />\r\n（39.00mm×12.35mm×4.55mm）<br />\r\n<span class=\"yhbb\">携带方便：</span>小巧的无盖帽设计袖珍型，携带方便<br />\r\n<span class=\"yhbb\">质量保证：</span>5年保固，免费技术支持<br />\r\n<span class=\"yhbb\">工作温度：</span>32℉到140℉（0℃到60℃）<br />\r\n<span class=\"yhbb\">保存温度：</span>-4℉到185℉（-20℃到85℃）\r\n</p>\r\n<table width=\"750\" class=\"dingwei\" border=\"0\" cellspacing=\"0\" cellpadding=\"0\">\r\n	<tbody>\r\n		<tr>\r\n			<td>\r\n				<img width=\"750\" height=\"198\" class=\"gomeImgLoad\" alt=\"\" src=\"http://img6.gomein.net.cn/image/prodimg/productDesc/descImg/201410/desc7907/9132573660/1_06.jpg\" />\r\n			</td>\r\n		</tr>\r\n		<tr>\r\n			<td>\r\n				<img width=\"750\" height=\"199\" class=\"gomeImgLoad\" alt=\"\" src=\"http://img5.gomein.net.cn/image/prodimg/productDesc/descImg/201410/desc7907/9132573660/1_07.jpg\" />\r\n			</td>\r\n		</tr>\r\n		<tr>\r\n			<td>\r\n				<img width=\"750\" height=\"198\" class=\"gomeImgLoad\" alt=\"\" src=\"http://img6.gomein.net.cn/image/prodimg/productDesc/descImg/201410/desc7907/9132573660/1_08.jpg\" />\r\n			</td>\r\n		</tr>\r\n		<tr>\r\n			<td>\r\n				<img width=\"750\" height=\"198\" class=\"gomeImgLoad\" alt=\"\" src=\"http://img6.gomein.net.cn/image/prodimg/productDesc/descImg/201410/desc7907/9132573660/1_09.jpg\" />\r\n			</td>\r\n		</tr>\r\n		<tr>\r\n			<td>\r\n				<img width=\"750\" height=\"199\" class=\"gomeImgLoad\" alt=\"\" src=\"http://img5.gomein.net.cn/image/prodimg/productDesc/descImg/201410/desc7907/9132573660/1_10.jpg\" />\r\n			</td>\r\n		</tr>\r\n		<tr>\r\n			<td>\r\n				<img width=\"750\" height=\"198\" class=\"gomeImgLoad\" alt=\"\" src=\"http://img6.gomein.net.cn/image/prodimg/productDesc/descImg/201410/desc7907/9132573660/1_11.jpg\" />\r\n			</td>\r\n		</tr>\r\n		<tr>\r\n			<td>\r\n				<img width=\"750\" height=\"199\" class=\"gomeImgLoad\" alt=\"\" src=\"http://img6.gomein.net.cn/image/prodimg/productDesc/descImg/201410/desc7907/9132573660/1_12.jpg\" />\r\n			</td>\r\n		</tr>\r\n		<tr>\r\n			<td>\r\n				<img width=\"750\" height=\"198\" class=\"gomeImgLoad\" alt=\"\" src=\"http://img6.gomein.net.cn/image/prodimg/productDesc/descImg/201410/desc7907/9132573660/1_13.jpg\" />\r\n			</td>\r\n		</tr>\r\n		<tr>\r\n			<td>\r\n				<img width=\"750\" height=\"198\" class=\"gomeImgLoad\" alt=\"\" src=\"http://img6.gomein.net.cn/image/prodimg/productDesc/descImg/201410/desc7907/9132573660/1_14.jpg\" />\r\n			</td>\r\n		</tr>\r\n		<tr>\r\n			<td>\r\n				<img width=\"750\" height=\"199\" class=\"gomeImgLoad\" alt=\"\" src=\"http://img6.gomein.net.cn/image/prodimg/productDesc/descImg/201410/desc7907/9132573660/1_15.jpg\" />\r\n			</td>\r\n		</tr>\r\n	</tbody>\r\n</table>', 99, 0, 0, 1, 0, 0, 0, 0, 1, 'admin', '2021-10-26 17:38:14', '2016-12-06 17:04:16');
INSERT INTO `dt_article` VALUES (95, 7, 48, '', '航天杯三等奖', '', '/航天杯三等奖.jpg', '惠普（HP）LaserJet 2035商用黑白激光打印机（黑色）', '惠普,HP,LaserJet 2035,激光打印机', '惠普（HP）LaserJet 2035商用黑白激光打印机（黑色）', '', '全新hp laserjet p2035系列激光打印机既可令您尽享卓越的打印体验，又可提高办公生产率。此款打印机外形精巧、简单易用，且具备多种强大功能，以全力打造高端惠普激光打印体验。此外，它还可快速轻松输出专业办公文档，因此特别适用于中小型企业和大型企业环境内的小型工作组和…', '<table width=\"735\" border=\"0\" cellspacing=\"0\" cellpadding=\"0\">\r\n	<tbody>\r\n		<tr>\r\n			<td>\r\n				<img width=\"735\" height=\"473\" class=\"gomeImgLoad\" src=\"http://img5.gomein.net.cn/image/prodimg/productDesc/descImg/201504/desc1284/1000016696/6.jpg\" />\r\n			</td>\r\n		</tr>\r\n		<tr>\r\n			<td>\r\n				<table width=\"735\" border=\"0\" cellspacing=\"0\" cellpadding=\"0\">\r\n					<tbody>\r\n						<tr>\r\n							<td width=\"19\">\r\n								&nbsp;\r\n							</td>\r\n							<td width=\"700\" class=\"yha\">\r\n								全新hp laserjet p2035系列激光打印机既可令您尽享卓越的打印体验，又可提高办公生产率。此款打印机外形精巧、简单易用，且具备多种强大功能，以全力打造高端惠普激光打印体验。此外，它还可快速轻松输出专业办公文档，因此特别适用于中小型企业和大型企业环境内的小型工作组和高使用量个人用户。\r\n							</td>\r\n							<td width=\"16\">\r\n								&nbsp;\r\n							</td>\r\n						</tr>\r\n					</tbody>\r\n				</table>\r\n			</td>\r\n		</tr>\r\n		<tr>\r\n			<td>\r\n				&nbsp;\r\n			</td>\r\n		</tr>\r\n		<tr>\r\n			<td>\r\n				<table width=\"735\" border=\"0\" cellspacing=\"0\" cellpadding=\"0\">\r\n					<tbody>\r\n						<tr>\r\n							<td width=\"23\">\r\n								&nbsp;\r\n							</td>\r\n							<td width=\"689\" class=\"bk\">\r\n								&nbsp;\r\n							</td>\r\n							<td width=\"23\">\r\n								&nbsp;\r\n							</td>\r\n						</tr>\r\n					</tbody>\r\n				</table>\r\n			</td>\r\n		</tr>\r\n		<tr>\r\n			<td>\r\n				<table width=\"735\" border=\"0\" cellspacing=\"0\" cellpadding=\"0\">\r\n					<tbody>\r\n						<tr>\r\n							<td width=\"24\">\r\n								&nbsp;\r\n							</td>\r\n							<td width=\"293\">\r\n								<img width=\"268\" height=\"228\" class=\"gomeImgLoad\" src=\"http://img6.gomein.net.cn/image/prodimg/productDesc/descImg/201504/desc1284/1000016696/2.jpg\" />\r\n							</td>\r\n							<td width=\"392\">\r\n								<span class=\"yy\">以独特的价值实现强大的办公生产率</span><br />\r\n<span class=\"yhb\">·尽享高达30 ppm (letter/a4)的快捷打印速度。<br />\r\n·采用惠普0秒预热技术，节能模式下仅8秒即可快速输出首页。<br />\r\n·10/100以太网/快速以太网联网功能可确保轻松共享打印资源。<br />\r\n·使用usb或并行端口，轻松连接打印机与计算机。<br />\r\n·250页进纸盒和50页多用途纸盒，减少纸张输入次数。<br />\r\n·266 mhz处理器和16 mb内存可确保快速处理复杂文件。 </span>\r\n							</td>\r\n							<td width=\"26\">\r\n								&nbsp;\r\n							</td>\r\n						</tr>\r\n					</tbody>\r\n				</table>\r\n			</td>\r\n		</tr>\r\n		<tr>\r\n			<td>\r\n				&nbsp;\r\n			</td>\r\n		</tr>\r\n		<tr>\r\n			<td>\r\n				<table width=\"735\" border=\"0\" cellspacing=\"0\" cellpadding=\"0\">\r\n					<tbody>\r\n						<tr>\r\n							<td width=\"23\">\r\n								&nbsp;\r\n							</td>\r\n							<td width=\"689\" class=\"bk\">\r\n								&nbsp;\r\n							</td>\r\n							<td width=\"23\">\r\n								&nbsp;\r\n							</td>\r\n						</tr>\r\n					</tbody>\r\n				</table>\r\n			</td>\r\n		</tr>\r\n		<tr>\r\n			<td>\r\n				<table width=\"735\" border=\"0\" cellspacing=\"0\" cellpadding=\"0\">\r\n					<tbody>\r\n						<tr>\r\n							<td width=\"26\">\r\n								&nbsp;\r\n							</td>\r\n							<td width=\"407\">\r\n								<span class=\"yy\">线条流畅、节省空间的设计为您全力打造专业品质</span><br />\r\n<span class=\"yhb\">·高达600 x 600 dpi的分辨率，通过分辨率增强技术(ret)，打印质感文本和清晰图像的专业办公文档。<br />\r\n·借助惠普一体化硒鼓，体验品质如一的输出效果和出色易用性。</span>\r\n							</td>\r\n							<td width=\"20\">\r\n								&nbsp;\r\n							</td>\r\n							<td width=\"282\">\r\n								<img width=\"258\" height=\"242\" class=\"gomeImgLoad\" src=\"http://img5.gomein.net.cn/image/prodimg/productDesc/descImg/201504/desc1284/1000016696/3.jpg\" />\r\n							</td>\r\n						</tr>\r\n					</tbody>\r\n				</table>\r\n			</td>\r\n		</tr>\r\n		<tr>\r\n			<td>\r\n				&nbsp;\r\n			</td>\r\n		</tr>\r\n		<tr>\r\n			<td>\r\n				<table width=\"735\" border=\"0\" cellspacing=\"0\" cellpadding=\"0\">\r\n					<tbody>\r\n						<tr>\r\n							<td width=\"23\">\r\n								&nbsp;\r\n							</td>\r\n							<td width=\"689\" class=\"bk\">\r\n								&nbsp;\r\n							</td>\r\n							<td width=\"23\">\r\n								&nbsp;\r\n							</td>\r\n						</tr>\r\n					</tbody>\r\n				</table>\r\n			</td>\r\n		</tr>\r\n		<tr>\r\n			<td>\r\n				<table width=\"735\" border=\"0\" cellspacing=\"0\" cellpadding=\"0\">\r\n					<tbody>\r\n						<tr>\r\n							<td width=\"25\">\r\n								&nbsp;\r\n							</td>\r\n							<td width=\"277\">\r\n								<img width=\"253\" height=\"238\" class=\"gomeImgLoad\" src=\"http://img6.gomein.net.cn/image/prodimg/productDesc/descImg/201504/desc1284/1000016696/4.jpg\" />\r\n							</td>\r\n							<td width=\"405\">\r\n								<span class=\"yy\">容易设置、使用和维护</span><br />\r\n<span class=\"yhb\">·利用直观的控制面板，轻松导航打印机功能。<br />\r\n·一个打印机正面检修门可确保无忧更换硒鼓。<br />\r\n·借助可hp easy printer care软件，高效管理2到20台惠普激光打印机，掌握打印机的状态，配置等信息。<br />\r\n·hp suresupply便于订购打印耗材，避免意外停机。<br />\r\n·外形精巧，可节省宝贵的桌面空间。</span>\r\n							</td>\r\n							<td width=\"28\">\r\n								&nbsp;\r\n							</td>\r\n						</tr>\r\n					</tbody>\r\n				</table>\r\n			</td>\r\n		</tr>\r\n		<tr>\r\n			<td>\r\n				&nbsp;\r\n			</td>\r\n		</tr>\r\n		<tr>\r\n			<td>\r\n				<table width=\"735\" border=\"0\" cellspacing=\"0\" cellpadding=\"0\">\r\n					<tbody>\r\n						<tr>\r\n							<td width=\"23\">\r\n								&nbsp;\r\n							</td>\r\n							<td width=\"689\" class=\"bk\">\r\n								&nbsp;\r\n							</td>\r\n							<td width=\"23\">\r\n								&nbsp;\r\n							</td>\r\n						</tr>\r\n					</tbody>\r\n				</table>\r\n			</td>\r\n		</tr>\r\n		<tr>\r\n			<td>\r\n				<table width=\"735\" border=\"0\" cellspacing=\"0\" cellpadding=\"0\">\r\n					<tbody>\r\n						<tr>\r\n							<td width=\"26\">\r\n								&nbsp;\r\n							</td>\r\n							<td width=\"396\">\r\n								<span class=\"yy\">更多特性，带来更好打印体验</span><br />\r\n<span class=\"yhb\">·选择独特的打印机安静模式，尽享异常安静的操作体验。<br />\r\n·支持a6卡片等多种介质尺寸和类型，可轻松制作各类商业文档。</span>\r\n							</td>\r\n							<td width=\"23\">\r\n								&nbsp;\r\n							</td>\r\n							<td width=\"290\">\r\n							</td>\r\n						</tr>\r\n					</tbody>\r\n				</table>\r\n			</td>\r\n		</tr>\r\n	</tbody>\r\n</table>', 99, 0, 0, 1, 0, 0, 0, 0, 1, 'admin', '2021-10-26 17:38:27', '2016-12-06 17:04:16');
INSERT INTO `dt_article` VALUES (96, 7, 48, '', '六神花露水', '', '/花露水.jpg', '惠普(HP) Officejet Pro 8610商用彩色喷墨一体机', '惠普,Officejet Pro 8610,彩色喷墨一体机', '专业彩色打印件的单页成本比激光打印机低 50%，从而在日常打印中节省更多打印成本。', '', '专业彩色打印件的单页成本比激光打印机低 50%，从而在日常打印中节省更多打印成本。无论您身在何处，均可通过任意移动设备进行打印。 借助惠普“云打印”技术，您现在可以随时随地，随心打印。使用智能复印解决方案，创建完美无瑕的副本，同时轻松打印双面身份证。专业彩色打印…', '<p>\r\n	专业彩色打印件的单页成本比激光打印机低 50%，从而在日常打印中节省更多打印成本。\r\n</p>\r\n<p>\r\n	无论您身在何处，均可通过任意移动设备进行打印。 借助惠普“云打印”技术，您现在可以随时随地，随心打印。\r\n</p>\r\n<p>\r\n	使用智能复印解决方案，创建完美无瑕的副本，同时轻松打印双面身份证。\r\n</p>\r\n<p>\r\n	专业彩色打印成本低于激光打印机，而且生产率高，可大幅推动业务发展。\r\n</p>\r\n<p>\r\n	适用墨盒：HP 950XL 黑色/青色/品红/黄色超大容量墨盒 CN045AA/CN046AA/CN047AA/CN048AA\r\n</p>\r\n<p align=\"center\">\r\n	&nbsp;<img alt=\"WW-CNPublicStore:/Product/RichContent/IPG/CM750A-Pro-8600-20120704-ver1.jpg\" src=\"http://shopping1.hp.com/is-bin/intershop.static/WFS/WW-CNPublicStore-Site/WW-CNPublicStore/zh_CN/Product/RichContent/IPG/CM750A-Pro-8600-20120704-ver1.jpg\" border=\"0\" /> \r\n</p>', 99, 0, 0, 1, 0, 0, 0, 0, 1, 'admin', '2021-10-26 17:38:35', '2016-12-06 17:04:16');
INSERT INTO `dt_article` VALUES (97, 7, 49, '', '剪刀', '', '/剪刀.jpg', '三星（SAMSUNG）UA40HU5920JXXZ 40英寸4K超高清', '三星,UA40HU5920JXXZ,4K超高清,智能,四核处理器,平板液晶电视', '三星（SAMSUNG）UA40HU5920JXXZ 40英寸4K超高清 智能 四核处理器 平板液晶电视UHDTV4K网络智能！欢迎比价后购买！此商品为爆款，不参加满减活动！数量有限，先抢先得！智能彩电节，点击抢购', '', '三星（SAMSUNG）UA40HU5920JXXZ 40英寸4K超高清 智能 四核处理器 平板液晶电视（黑色） UHDTV【智能彩电节】4K网络智能！欢迎比价后购买！此商品为爆款，不参加满减活动！数量有限，先抢先得！智能彩电节，点击抢购', '<table width=\"750\" align=\"center\">\r\n	<tbody>\r\n		<tr>\r\n			<td>\r\n				<img alt=\"\" src=\"http://pwg0.gtimg.cn/wanggou/855006089/6fb0525cb4_028a1096486f185e4456f317c3ab36c.jpg/750\" /> \r\n			</td>\r\n		</tr>\r\n		<tr>\r\n			<td>\r\n				<img alt=\"\" src=\"http://pwg0.gtimg.cn/wanggou/855006089/6fb0525cb4_e6b2746ff5f12be74588b3336f24bc6.jpg/750\" /> \r\n			</td>\r\n		</tr>\r\n		<tr>\r\n			<td>\r\n				<img alt=\"\" src=\"http://pwg2.gtimg.cn/wanggou/855006089/6fb0525cb4_f836a109bd9d3db4f2a11dc68a2731c.jpg/750\" /> \r\n			</td>\r\n		</tr>\r\n		<tr>\r\n			<td>\r\n				<img alt=\"\" src=\"http://pwg3.gtimg.cn/wanggou/855006089/6fb0525cb4_39af00629049492f108b33dfcae40dd.jpg/750\" /> \r\n			</td>\r\n		</tr>\r\n	</tbody>\r\n</table>', 99, 0, 0, 1, 0, 1, 0, 0, 1, 'admin', '2021-10-26 17:38:42', '2015-04-20 03:02:22');
INSERT INTO `dt_article` VALUES (98, 7, 50, '', '魔方', '', '/魔方.jpg', '奔腾（BNTN） 380功放+纽约至尊 套装家庭影院（黑色）', '奔腾,380功放,套装家庭影院,黑色', '奔腾（BNTN） 380功放+纽约至尊 套装家庭影院送美诗特TA20无线话筒1套+自拍神器杆！ DTS解码数字功放 HDMI、光纤、同轴多组输入输出 USB、蓝牙播放功能', '', '奔腾（BNTN） 380功放+纽约至尊 套装家庭影院送美诗特TA20无线话筒1套+自拍神器杆！ DTS解码数字功放 HDMI、光纤、同轴多组输入输出 USB、蓝牙播放功能', '<table style=\"width:750px;\" border=\"0\" cellspacing=\"0\" cellpadding=\"0\">\r\n	<tbody>\r\n		<tr>\r\n			<td>\r\n				<a href=\"http://product.suning.com/105795090.html\" target=\"_blank\"><img width=\"247\" height=\"260\" class=\"err-product\" alt=\"\" src=\"http://image.suning.cn/images/nrgl/cpjs/105795090_20140709144524.jpg\" border=\"0\" /></a>\r\n			</td>\r\n			<td>\r\n				<a href=\"http://product.suning.com/120345060.html\" target=\"_blank\"><img width=\"244\" height=\"260\" class=\"err-product\" alt=\"\" src=\"http://image.suning.cn/images/nrgl/cpjs/105795090_20140709144532.jpg\" border=\"0\" /></a>\r\n			</td>\r\n			<td>\r\n				<a href=\"http://product.suning.com/104008402.html\" target=\"_blank\"><img width=\"259\" height=\"260\" class=\"err-product\" alt=\"\" src=\"http://image.suning.cn/images/nrgl/cpjs/105795090_20140709144541.jpg\" border=\"0\" /></a>\r\n			</td>\r\n		</tr>\r\n		<tr>\r\n			<td>\r\n				<a href=\"http://product.suning.com/104823628.html\" target=\"_blank\"><img width=\"247\" height=\"151\" class=\"err-product\" alt=\"\" src=\"http://image.suning.cn/images/nrgl/cpjs/105795090_20140709144551.jpg\" border=\"0\" /></a>\r\n			</td>\r\n			<td>\r\n				<a href=\"http://product.suning.com/105795089.html\" target=\"_blank\"><img width=\"244\" height=\"151\" class=\"err-product\" alt=\"\" src=\"http://image.suning.cn/images/nrgl/cpjs/105795090_20140709144601.jpg\" border=\"0\" /></a>\r\n			</td>\r\n			<td>\r\n				<a href=\"http://product.suning.com/107105903.html\" target=\"_blank\"><img width=\"259\" height=\"151\" class=\"err-product\" alt=\"\" src=\"http://image.suning.cn/images/nrgl/cpjs/105795090_20140709144610.jpg\" border=\"0\" /></a>\r\n			</td>\r\n		</tr>\r\n	</tbody>\r\n</table>\r\n<table style=\"width:750px;\" border=\"0\" cellspacing=\"1\" cellpadding=\"1\">\r\n	<tbody>\r\n		<tr>\r\n			<td>\r\n				&nbsp;\r\n			</td>\r\n		</tr>\r\n		<tr>\r\n			<td>\r\n				<img width=\"750\" height=\"219\" class=\"err-product\" alt=\"\" src=\"http://image.suning.cn/images/nrgl/cpjs/105795087_20131227155335.jpg\" /><br />\r\n<img width=\"750\" height=\"666\" class=\"err-product\" alt=\"\" src=\"http://image.suning.cn/images/nrgl/cpjs/105795087_20131227155342.jpg\" /><br />\r\n<img width=\"750\" height=\"690\" class=\"err-product\" alt=\"\" src=\"http://image.suning.cn/images/nrgl/cpjs/105795087_20131227155348.jpg\" /><br />\r\n<img width=\"750\" height=\"633\" class=\"err-product\" alt=\"\" src=\"http://image.suning.cn/images/nrgl/cpjs/105795087_20131227155355.jpg\" /><br />\r\n<img width=\"750\" height=\"630\" class=\"err-product\" alt=\"\" src=\"http://image.suning.cn/images/nrgl/cpjs/105795087_20131227155401.jpg\" />\r\n			</td>\r\n		</tr>\r\n	</tbody>\r\n</table>', 99, 0, 0, 1, 0, 0, 0, 0, 1, 'admin', '2021-10-26 17:38:49', '2016-12-06 17:04:16');
INSERT INTO `dt_article` VALUES (99, 7, 51, '', '皮卡丘', '', '/皮卡丘.jpg', '飞利浦（PHILIPS）DVP3690 全高清DVD影碟机播放器', '飞利浦,PHILIPS,DVP3690,全高清DVD,影碟机,播放器', '锐利清晰的影像，逼真的画质带给您极佳的影音娱乐体验', '', '2D电影系列在家中体验3D电影带来的刺激感，采用最新数字技术来分析2D视频内容，利用智能转码芯片点对点转换，从而将前台和后台之间的对象加以区分。这一细节可生成深度图，将普通2D视频格式转换为激动人心的3D。再配合兼容3D的电视，让您观看效果更好不晃眼，即可享受高清3D体…', '<p>\r\n	<img alt=\"\" src=\"http://img6.gomein.net.cn/image/prodimg/goodsDesc/descImg/201503/cat10000065/1122330258/pic_01.jpg\" />\r\n</p>\r\n<p style=\"text-align:center;\">\r\n	<span style=\"font-family:Microsoft YaHei;font-size:18px;\">锐利清晰的影像，逼真的画质带给您极佳的影音娱乐体验</span>\r\n</p>\r\n<p>\r\n	<img alt=\"\" src=\"http://img6.gomein.net.cn/image/prodimg/goodsDesc/descImg/201503/cat10000065/1122330258/pic_02.jpg\" /><img alt=\"\" src=\"http://img6.gomein.net.cn/image/prodimg/goodsDesc/descImg/201503/cat10000065/1122330258/pic_03.jpg\" /><img alt=\"\" src=\"http://img6.gomein.net.cn/image/prodimg/goodsDesc/descImg/201503/cat10000065/1122330258/pic_04.jpg\" /><img alt=\"\" src=\"http://img6.gomein.net.cn/image/prodimg/goodsDesc/descImg/201503/cat10000065/1122330258/pic_05.jpg\" />\r\n</p>\r\n<p>\r\n	<div style=\"text-align:left;\">\r\n		<span style=\"color:#333300;font-family:&quot;Microsoft YaHei&quot;;font-size:24px;\">&nbsp; &nbsp; &nbsp; &nbsp; &nbsp; &nbsp; &nbsp; &nbsp; &nbsp; &nbsp; &nbsp; &nbsp; &nbsp;超清画质呈现，还原真实的视觉盛宴</span>\r\n	</div>\r\n<br />\r\n	<p>\r\n		<br />\r\n	</p>\r\n	<p>\r\n		<img alt=\"\" src=\"http://img6.gomein.net.cn/image/prodimg/goodsDesc/descImg/201503/cat10000065/1122330258/pic_06.jpg\" /><img alt=\"\" src=\"http://img6.gomein.net.cn/image/prodimg/goodsDesc/descImg/201503/cat10000065/1122330258/pic_07.jpg\" /><img alt=\"\" src=\"http://img6.gomein.net.cn/image/prodimg/goodsDesc/descImg/201503/cat10000065/1122330258/pic_08.jpg\" />\r\n	</p>\r\n	<p style=\"text-align:center;\">\r\n		<span style=\"color:#996633;font-family:Microsoft YaHei;font-size:24px;\"><strong>液晶电视最佳伴侣送给最爱的人给他最真的感动</strong></span>\r\n	</p>\r\n	<p>\r\n		<img alt=\"\" src=\"http://img6.gomein.net.cn/image/prodimg/goodsDesc/descImg/201503/cat10000065/1122330258/pic_09.jpg\" /><img alt=\"\" src=\"http://img6.gomein.net.cn/image/prodimg/goodsDesc/descImg/201503/cat10000065/1122330258/pic_10.jpg\" />\r\n	</p>', 99, 0, 0, 1, 0, 0, 0, 0, 1, 'admin', '2021-10-26 17:39:03', '2015-04-20 03:22:26');
INSERT INTO `dt_article` VALUES (100, 7, 51, '', '校级优秀团员', '', '/校级优秀团员.jpg', '霍尼韦尔（Honeywel）HM-F1020-A-B HDMI高清数据线', '霍尼韦尔,HDMI高清数据线', '专利扁线设计！附送90°背夹！25K镀金端子！抗氧化！完美传输高品质画面！霍尼韦尔出品，国际品质！', '', '霍尼韦尔（Honeywel）HM-F1020-A-B HDMI高清数据线（镀金接口 扁平设计 支持4K*2K ）2米 黑色专利扁线设计！附送90背夹！25K镀金端子！抗氧化！完美传输高品质画面！霍尼韦尔出品，国际品质！', '<table width=\"750\" border=\"0\" cellspacing=\"0\" cellpadding=\"0\">\r\n	<tbody>\r\n		<tr>\r\n			<td>\r\n				<img width=\"750\" height=\"165\" class=\"gomeImgLoad\" alt=\"\" src=\"http://img5.gomein.net.cn/image/prodimg/productDesc/descImg/201404/desc6284/9123820115/1_20.jpg\" />\r\n			</td>\r\n		</tr>\r\n		<tr>\r\n			<td>\r\n				<img width=\"750\" height=\"166\" class=\"gomeImgLoad\" alt=\"\" src=\"http://img5.gomein.net.cn/image/prodimg/productDesc/descImg/201404/desc6284/9123820115/1_21.jpg\" />\r\n			</td>\r\n		</tr>\r\n		<tr>\r\n			<td>\r\n				<img width=\"750\" height=\"166\" class=\"gomeImgLoad\" alt=\"\" src=\"http://img5.gomein.net.cn/image/prodimg/productDesc/descImg/201404/desc6284/9123820115/1_22.jpg\" />\r\n			</td>\r\n		</tr>\r\n		<tr>\r\n			<td>\r\n				<img width=\"750\" height=\"165\" class=\"gomeImgLoad\" alt=\"\" src=\"http://img5.gomein.net.cn/image/prodimg/productDesc/descImg/201404/desc6284/9123820115/1_23.jpg\" />\r\n			</td>\r\n		</tr>\r\n		<tr>\r\n			<td>\r\n				<img width=\"750\" height=\"166\" class=\"gomeImgLoad\" alt=\"\" src=\"http://img5.gomein.net.cn/image/prodimg/productDesc/descImg/201404/desc6284/9123820115/1_24.jpg\" />\r\n			</td>\r\n		</tr>\r\n		<tr>\r\n			<td>\r\n				<img width=\"750\" height=\"166\" class=\"gomeImgLoad\" alt=\"\" src=\"http://img5.gomein.net.cn/image/prodimg/productDesc/descImg/201404/desc6284/9123820115/1_25.jpg\" />\r\n			</td>\r\n		</tr>\r\n		<tr>\r\n			<td>\r\n				<img width=\"750\" height=\"166\" class=\"gomeImgLoad\" alt=\"\" src=\"http://img5.gomein.net.cn/image/prodimg/productDesc/descImg/201404/desc6284/9123820115/1_26.jpg\" />\r\n			</td>\r\n		</tr>\r\n		<tr>\r\n			<td>\r\n				<img width=\"750\" height=\"165\" class=\"gomeImgLoad\" alt=\"\" src=\"http://img5.gomein.net.cn/image/prodimg/productDesc/descImg/201404/desc6284/9123820115/1_27.jpg\" />\r\n			</td>\r\n		</tr>\r\n		<tr>\r\n			<td>\r\n				<img width=\"750\" height=\"166\" class=\"gomeImgLoad\" alt=\"\" src=\"http://img5.gomein.net.cn/image/prodimg/productDesc/descImg/201404/desc6284/9123820115/1_28.jpg\" />\r\n			</td>\r\n		</tr>\r\n		<tr>\r\n			<td>\r\n				<img width=\"750\" height=\"166\" class=\"gomeImgLoad\" alt=\"\" src=\"http://img5.gomein.net.cn/image/prodimg/productDesc/descImg/201404/desc6284/9123820115/1_29.jpg\" />\r\n			</td>\r\n		</tr>\r\n		<tr>\r\n			<td>\r\n				<img width=\"750\" height=\"165\" class=\"gomeImgLoad\" alt=\"\" src=\"http://img5.gomein.net.cn/image/prodimg/productDesc/descImg/201404/desc6284/9123820115/1_30.jpg\" />\r\n			</td>\r\n		</tr>\r\n		<tr>\r\n			<td>\r\n				<img width=\"750\" height=\"166\" class=\"gomeImgLoad\" alt=\"\" src=\"http://img5.gomein.net.cn/image/prodimg/productDesc/descImg/201404/desc6284/9123820115/1_31.jpg\" />\r\n			</td>\r\n		</tr>\r\n		<tr>\r\n			<td>\r\n				<img width=\"750\" height=\"166\" class=\"gomeImgLoad\" alt=\"\" src=\"http://img5.gomein.net.cn/image/prodimg/productDesc/descImg/201404/desc6284/9123820115/1_32.jpg\" />\r\n			</td>\r\n		</tr>\r\n		<tr>\r\n			<td>\r\n				<img width=\"750\" height=\"166\" class=\"gomeImgLoad\" alt=\"\" src=\"http://img5.gomein.net.cn/image/prodimg/productDesc/descImg/201404/desc6284/9123820115/1_33.jpg\" />\r\n			</td>\r\n		</tr>\r\n		<tr>\r\n			<td>\r\n				<img width=\"750\" height=\"165\" class=\"gomeImgLoad\" alt=\"\" src=\"http://img5.gomein.net.cn/image/prodimg/productDesc/descImg/201404/desc6284/9123820115/1_34.jpg\" />\r\n			</td>\r\n		</tr>\r\n		<tr>\r\n			<td>\r\n				<img width=\"750\" height=\"166\" class=\"gomeImgLoad\" alt=\"\" src=\"http://img5.gomein.net.cn/image/prodimg/productDesc/descImg/201404/desc6284/9123820115/1_35.jpg\" />\r\n			</td>\r\n		</tr>\r\n		<tr>\r\n			<td>\r\n				<img width=\"750\" height=\"166\" class=\"gomeImgLoad\" alt=\"\" src=\"http://img5.gomein.net.cn/image/prodimg/productDesc/descImg/201404/desc6284/9123820115/1_36.jpg\" />\r\n			</td>\r\n		</tr>\r\n		<tr>\r\n			<td>\r\n				<img width=\"750\" height=\"165\" class=\"gomeImgLoad\" alt=\"\" src=\"http://img5.gomein.net.cn/image/prodimg/productDesc/descImg/201404/desc6284/9123820115/1_37.jpg\" />\r\n			</td>\r\n		</tr>\r\n		<tr>\r\n			<td>\r\n				<img width=\"750\" height=\"166\" class=\"gomeImgLoad\" alt=\"\" src=\"http://img5.gomein.net.cn/image/prodimg/productDesc/descImg/201404/desc6284/9123820115/1_38.jpg\" />\r\n			</td>\r\n		</tr>\r\n		<tr>\r\n			<td>\r\n				<img width=\"750\" height=\"166\" class=\"gomeImgLoad\" alt=\"\" src=\"http://img5.gomein.net.cn/image/prodimg/productDesc/descImg/201404/desc6284/9123820115/1_39.jpg\" />\r\n			</td>\r\n		</tr>\r\n		<tr>\r\n			<td>\r\n				<img width=\"750\" height=\"166\" class=\"gomeImgLoad\" alt=\"\" src=\"http://img5.gomein.net.cn/image/prodimg/productDesc/descImg/201404/desc6284/9123820115/1_40.jpg\" />\r\n			</td>\r\n		</tr>\r\n		<tr>\r\n			<td>\r\n				<img width=\"750\" height=\"165\" class=\"gomeImgLoad\" alt=\"\" src=\"http://img5.gomein.net.cn/image/prodimg/productDesc/descImg/201404/desc6284/9123820115/1_41.jpg\" />\r\n			</td>\r\n		</tr>\r\n		<tr>\r\n			<td>\r\n				<img width=\"750\" height=\"166\" class=\"gomeImgLoad\" alt=\"\" src=\"http://img5.gomein.net.cn/image/prodimg/productDesc/descImg/201404/desc6284/9123820115/1_42.jpg\" />\r\n			</td>\r\n		</tr>\r\n		<tr>\r\n			<td>\r\n				<img width=\"750\" height=\"166\" class=\"gomeImgLoad\" alt=\"\" src=\"http://img5.gomein.net.cn/image/prodimg/productDesc/descImg/201404/desc6284/9123820115/1_43.jpg\" />\r\n			</td>\r\n		</tr>\r\n		<tr>\r\n			<td>\r\n				<img width=\"750\" height=\"165\" class=\"gomeImgLoad\" alt=\"\" src=\"http://img5.gomein.net.cn/image/prodimg/productDesc/descImg/201404/desc6284/9123820115/1_44.jpg\" />\r\n			</td>\r\n		</tr>\r\n		<tr>\r\n			<td>\r\n				<img width=\"750\" height=\"166\" class=\"gomeImgLoad\" alt=\"\" src=\"http://img5.gomein.net.cn/image/prodimg/productDesc/descImg/201404/desc6284/9123820115/1_45.jpg\" />\r\n			</td>\r\n		</tr>\r\n		<tr>\r\n			<td>\r\n				<img width=\"750\" height=\"166\" class=\"gomeImgLoad\" alt=\"\" src=\"http://img5.gomein.net.cn/image/prodimg/productDesc/descImg/201404/desc6284/9123820115/1_46.jpg\" />\r\n			</td>\r\n		</tr>\r\n		<tr>\r\n			<td>\r\n				<img width=\"750\" height=\"166\" class=\"gomeImgLoad\" alt=\"\" src=\"http://img5.gomein.net.cn/image/prodimg/productDesc/descImg/201404/desc6284/9123820115/1_47.jpg\" />\r\n			</td>\r\n		</tr>\r\n		<tr>\r\n			<td>\r\n				<img width=\"750\" height=\"165\" class=\"gomeImgLoad\" alt=\"\" src=\"http://img5.gomein.net.cn/image/prodimg/productDesc/descImg/201404/desc6284/9123820115/1_48.jpg\" />\r\n			</td>\r\n		</tr>\r\n		<tr>\r\n			<td>\r\n				<img width=\"750\" height=\"166\" class=\"gomeImgLoad\" alt=\"\" src=\"http://img5.gomein.net.cn/image/prodimg/productDesc/descImg/201404/desc6284/9123820115/1_49.jpg\" />\r\n			</td>\r\n		</tr>\r\n		<tr>\r\n			<td>\r\n				<img width=\"750\" height=\"166\" class=\"gomeImgLoad\" alt=\"\" src=\"http://img5.gomein.net.cn/image/prodimg/productDesc/descImg/201404/desc6284/9123820115/1_50.jpg\" />\r\n			</td>\r\n		</tr>\r\n		<tr>\r\n			<td>\r\n				<img width=\"750\" height=\"165\" class=\"gomeImgLoad\" alt=\"\" src=\"http://img5.gomein.net.cn/image/prodimg/productDesc/descImg/201404/desc6284/9123820115/1_51.jpg\" />\r\n			</td>\r\n		</tr>\r\n		<tr>\r\n			<td>\r\n				<img width=\"750\" height=\"166\" class=\"gomeImgLoad\" alt=\"\" src=\"http://img5.gomein.net.cn/image/prodimg/productDesc/descImg/201404/desc6284/9123820115/1_52.jpg\" />\r\n			</td>\r\n		</tr>\r\n		<tr>\r\n			<td>\r\n				<img width=\"750\" height=\"166\" class=\"gomeImgLoad\" alt=\"\" src=\"http://img5.gomein.net.cn/image/prodimg/productDesc/descImg/201404/desc6284/9123820115/1_53.jpg\" />\r\n			</td>\r\n		</tr>\r\n		<tr>\r\n			<td>\r\n				<img width=\"750\" height=\"166\" class=\"gomeImgLoad\" alt=\"\" src=\"http://img5.gomein.net.cn/image/prodimg/productDesc/descImg/201404/desc6284/9123820115/1_54.jpg\" />\r\n			</td>\r\n		</tr>\r\n		<tr>\r\n			<td>\r\n			</td>\r\n		</tr>\r\n	</tbody>\r\n</table>', 99, 0, 0, 1, 0, 0, 0, 0, 1, 'admin', '2021-10-26 17:39:16', '2016-12-06 17:04:16');
INSERT INTO `dt_article` VALUES (101, 7, 51, '', '玩偶', '', '/玩偶.jpg', 'Shinco/新科 S2300 无线麦克风 无线手持话筒 双手麦 KTV 舞台', 'Shinco,新科,S2300,无线麦克风,无线手持话筒,双手麦', '', '', 'Shinco/新科 S2300 无线麦克风 无线手持话筒 双手麦 KTV 舞台有买就有送，买麦克风买一送九（话筒海绵套2个，话筒防滑胶圈2个，电脑转接头1个，5号电池4只），不容错过，数量有限，送完为止！', '<img class=\"gomeImgLoad\" alt=\"\" src=\"http://img5.gomein.net.cn/image/bbcimg/productDesc/descImg/201410/desc04/A0003850992/2989713.jpg\" />', 99, 0, 0, 1, 0, 0, 0, 0, 1, 'admin', '2021-10-26 17:39:26', '2015-04-20 03:41:03');
INSERT INTO `dt_article` VALUES (102, 9, 16, NULL, '校园美食1', NULL, '/校园美食1.png', NULL, NULL, NULL, NULL, NULL, NULL, NULL, NULL, NULL, NULL, NULL, NULL, NULL, NULL, NULL, NULL, '2021-11-09 18:47:28', '2019-01-01 00:00:00');
INSERT INTO `dt_article` VALUES (103, 9, 16, NULL, '校园美食2', NULL, '/校园美食2.jpg', NULL, NULL, NULL, NULL, NULL, NULL, NULL, NULL, NULL, NULL, NULL, NULL, NULL, NULL, NULL, NULL, '2021-11-09 18:47:31', '2019-01-01 00:00:00');
INSERT INTO `dt_article` VALUES (104, 9, 16, NULL, '校园美食3', NULL, '/校园美食3.jpg', NULL, NULL, NULL, NULL, NULL, NULL, NULL, NULL, NULL, NULL, NULL, NULL, NULL, NULL, NULL, NULL, '2021-11-09 18:47:33', '2019-01-01 00:00:00');
INSERT INTO `dt_article` VALUES (105, 9, 16, NULL, '校园美食4', NULL, '/校园美食4.jpg', NULL, NULL, NULL, NULL, NULL, NULL, NULL, NULL, NULL, NULL, NULL, NULL, NULL, NULL, NULL, NULL, '2021-11-09 18:47:35', '2019-01-01 00:00:00');
INSERT INTO `dt_article` VALUES (106, 9, 16, NULL, '校园美食5', NULL, '/校园美食5.jpg', NULL, NULL, NULL, NULL, NULL, NULL, NULL, NULL, NULL, NULL, NULL, NULL, NULL, NULL, NULL, NULL, '2021-11-09 18:47:38', '2019-01-01 00:00:00');
INSERT INTO `dt_article` VALUES (107, 9, 16, NULL, '校园美食6', NULL, '/校园美食6.jpg', NULL, NULL, NULL, NULL, NULL, NULL, NULL, NULL, NULL, NULL, NULL, NULL, NULL, NULL, NULL, NULL, '2021-11-09 18:47:40', '2019-01-01 00:00:00');
INSERT INTO `dt_article` VALUES (108, 9, 16, NULL, '校园美食7', NULL, '/校园美食7.jpg', NULL, NULL, NULL, NULL, NULL, NULL, NULL, NULL, NULL, NULL, NULL, NULL, NULL, NULL, NULL, NULL, '2021-11-09 18:47:42', '2019-01-01 00:00:00');
INSERT INTO `dt_article` VALUES (109, 9, 16, NULL, '校园美食8', NULL, '/校园美食8.jpg', NULL, NULL, NULL, NULL, NULL, NULL, NULL, NULL, NULL, NULL, NULL, NULL, NULL, NULL, NULL, NULL, '2021-11-09 18:47:43', '2019-01-01 00:00:00');
INSERT INTO `dt_article` VALUES (110, 9, 16, NULL, '校园美食9', NULL, '/校园美食9.jpg', NULL, NULL, NULL, NULL, NULL, NULL, NULL, NULL, NULL, NULL, NULL, NULL, NULL, NULL, NULL, NULL, '2021-11-09 18:47:45', '2019-01-01 00:00:00');
INSERT INTO `dt_article` VALUES (111, 9, 16, NULL, '校园美食10', NULL, '/校园美食10.jpg', NULL, NULL, NULL, NULL, NULL, NULL, NULL, NULL, NULL, NULL, NULL, NULL, NULL, NULL, NULL, NULL, '2021-11-09 18:47:47', '2019-01-01 00:00:00');
INSERT INTO `dt_article` VALUES (112, 9, 16, NULL, '校园美食11', NULL, '/校园美食11.jpg', NULL, NULL, NULL, NULL, NULL, NULL, NULL, NULL, NULL, NULL, NULL, NULL, NULL, NULL, NULL, NULL, '2021-11-09 18:47:49', '2019-01-01 00:00:00');
INSERT INTO `dt_article` VALUES (113, 9, 16, NULL, '校园美食12', NULL, '/校园美食12.jpg', NULL, NULL, NULL, NULL, NULL, NULL, NULL, NULL, NULL, NULL, NULL, NULL, NULL, NULL, NULL, NULL, '2021-11-09 18:47:50', '2019-01-01 00:00:00');
INSERT INTO `dt_article` VALUES (114, 9, 16, NULL, '校园美食13', NULL, '/校园美食13.jpg', NULL, NULL, NULL, NULL, NULL, NULL, NULL, NULL, NULL, NULL, NULL, NULL, NULL, NULL, NULL, NULL, '2021-11-09 18:47:52', '2019-01-01 00:00:00');
INSERT INTO `dt_article` VALUES (115, 9, 16, NULL, '校园美食14', NULL, '/校园美食14.jpg', NULL, NULL, NULL, NULL, NULL, NULL, NULL, NULL, NULL, NULL, NULL, NULL, NULL, NULL, NULL, NULL, '2021-11-09 18:47:54', '2019-01-01 00:00:00');
INSERT INTO `dt_article` VALUES (116, 9, 16, NULL, '校园美食15', NULL, '/校园美食15.jpg', NULL, NULL, NULL, NULL, NULL, NULL, NULL, NULL, NULL, NULL, NULL, NULL, NULL, NULL, NULL, NULL, '2021-11-09 18:47:57', '2019-01-01 00:00:00');
INSERT INTO `dt_article` VALUES (117, 9, 16, NULL, '校园美食16', NULL, '/校园美食16.jpg', NULL, NULL, NULL, NULL, NULL, NULL, NULL, NULL, NULL, NULL, NULL, NULL, NULL, NULL, NULL, NULL, '2021-11-09 18:48:00', '2019-01-01 00:00:00');
INSERT INTO `dt_article` VALUES (118, 9, 16, NULL, '校园美食17', NULL, '/校园美食17.jpg', NULL, NULL, NULL, NULL, NULL, NULL, NULL, NULL, NULL, NULL, NULL, NULL, NULL, NULL, NULL, NULL, '2021-11-09 18:48:02', '2019-01-01 00:00:00');
INSERT INTO `dt_article` VALUES (119, 9, 16, NULL, '校园美食18', NULL, '/校园美食18.jpg', NULL, NULL, NULL, NULL, NULL, NULL, NULL, NULL, NULL, NULL, NULL, NULL, NULL, NULL, NULL, NULL, '2021-11-09 18:48:04', '2019-01-01 00:00:00');
INSERT INTO `dt_article` VALUES (120, 9, 16, NULL, '校园美食19', NULL, '/校园美食19.jpg', NULL, NULL, NULL, NULL, NULL, NULL, NULL, NULL, NULL, NULL, NULL, NULL, NULL, NULL, NULL, NULL, '2021-11-09 18:48:06', '2019-01-01 00:00:00');
INSERT INTO `dt_article` VALUES (121, 9, 16, NULL, '校园美食20', NULL, '/校园美食20.jpg', NULL, NULL, NULL, NULL, NULL, NULL, NULL, NULL, NULL, NULL, NULL, NULL, NULL, NULL, NULL, NULL, '2021-11-09 18:48:08', '2019-01-01 00:00:00');
INSERT INTO `dt_article` VALUES (122, 9, 16, NULL, '校园美食21', NULL, '/校园美食21.png', NULL, NULL, NULL, NULL, NULL, NULL, NULL, NULL, NULL, NULL, NULL, NULL, NULL, NULL, NULL, NULL, '2021-11-09 18:48:10', '2019-01-01 00:00:00');
INSERT INTO `dt_article` VALUES (123, 9, 16, NULL, '校园美食22', NULL, '/校园美食22.png', NULL, NULL, NULL, NULL, NULL, NULL, NULL, NULL, NULL, NULL, NULL, NULL, NULL, NULL, NULL, NULL, '2021-11-09 18:48:12', '2019-01-01 00:00:00');
INSERT INTO `dt_article` VALUES (124, 9, 16, NULL, '校园美食23', NULL, '/校园美食23.jpg', NULL, NULL, NULL, NULL, NULL, NULL, NULL, NULL, NULL, NULL, NULL, NULL, NULL, NULL, NULL, NULL, '2021-11-09 18:48:15', '2019-01-01 00:00:00');
INSERT INTO `dt_article` VALUES (125, 9, 16, NULL, '麻辣香锅	聚英苑（学生一食堂）', NULL, '/校园美食a0.jpg', NULL, NULL, NULL, NULL, NULL, NULL, NULL, NULL, NULL, NULL, NULL, NULL, NULL, NULL, NULL, NULL, '2021-11-09 18:44:54', '2019-01-01 00:00:00');
INSERT INTO `dt_article` VALUES (126, 9, 16, NULL, '麻辣烫	聚英苑（学生一食堂）', NULL, '/校园美食a1.jpg', NULL, NULL, NULL, NULL, NULL, NULL, NULL, NULL, NULL, NULL, NULL, NULL, NULL, NULL, NULL, NULL, '2021-11-09 18:44:58', '2019-01-01 00:00:00');
INSERT INTO `dt_article` VALUES (127, 9, 16, NULL, '冷面	聚英苑（学生一食堂）', NULL, '/校园美食a2.jpg', NULL, NULL, NULL, NULL, NULL, NULL, NULL, NULL, NULL, NULL, NULL, NULL, NULL, NULL, NULL, NULL, '2021-11-09 18:45:00', '2019-01-01 00:00:00');
INSERT INTO `dt_article` VALUES (128, 9, 16, NULL, '烤冷面	聚英苑（学生一食堂）', NULL, '/校园美食a3.jpg', NULL, NULL, NULL, NULL, NULL, NULL, NULL, NULL, NULL, NULL, NULL, NULL, NULL, NULL, NULL, NULL, '2021-11-09 18:45:03', '2019-01-01 00:00:00');
INSERT INTO `dt_article` VALUES (129, 9, 16, NULL, '楚汉味道	聚英苑（学生一食堂）', NULL, '/校园美食a4.jpg', NULL, NULL, NULL, NULL, NULL, NULL, NULL, NULL, NULL, NULL, NULL, NULL, NULL, NULL, NULL, NULL, '2021-11-09 18:45:06', '2019-01-01 00:00:00');
INSERT INTO `dt_article` VALUES (130, 9, 16, NULL, '小牛町牛肉饭	荟萃苑（学生二食堂）', NULL, '/校园美食a5.jpg', NULL, NULL, NULL, NULL, NULL, NULL, NULL, NULL, NULL, NULL, NULL, NULL, NULL, NULL, NULL, NULL, '2021-11-09 18:45:08', '2019-01-01 00:00:00');
INSERT INTO `dt_article` VALUES (131, 9, 16, NULL, '皮克斯汉堡	荟萃苑（学生二食堂）', NULL, '/校园美食a6.jpg', NULL, NULL, NULL, NULL, NULL, NULL, NULL, NULL, NULL, NULL, NULL, NULL, NULL, NULL, NULL, NULL, '2021-11-09 18:45:13', '2019-01-01 00:00:00');
INSERT INTO `dt_article` VALUES (132, 9, 16, NULL, '嗨米牛肉饭	荟萃苑（学生二食堂）', NULL, '/校园美食a7.jpg', NULL, NULL, NULL, NULL, NULL, NULL, NULL, NULL, NULL, NULL, NULL, NULL, NULL, NULL, NULL, NULL, '2021-11-09 18:45:15', '2019-01-01 00:00:00');
INSERT INTO `dt_article` VALUES (133, 9, 16, NULL, '烧卤家族	荟萃苑（学生二食堂）', NULL, '/校园美食a8.jpg', NULL, NULL, NULL, NULL, NULL, NULL, NULL, NULL, NULL, NULL, NULL, NULL, NULL, NULL, NULL, NULL, '2021-11-09 18:45:20', '2019-01-01 00:00:00');
INSERT INTO `dt_article` VALUES (134, 9, 16, NULL, '快乐板烧（清真风味）	荟萃苑（学生二食堂）', NULL, '/校园美食a9.jpg', NULL, NULL, NULL, NULL, NULL, NULL, NULL, NULL, NULL, NULL, NULL, NULL, NULL, NULL, NULL, NULL, '2021-11-09 18:45:22', '2019-01-01 00:00:00');
INSERT INTO `dt_article` VALUES (135, 9, 16, NULL, '自助餐	集锦园（教工食堂）', NULL, '/校园美食a10.jpg', NULL, NULL, NULL, NULL, NULL, NULL, NULL, NULL, NULL, NULL, NULL, NULL, NULL, NULL, NULL, NULL, '2021-11-09 18:45:25', '2019-01-01 00:00:00');
INSERT INTO `dt_article` VALUES (136, 9, 16, NULL, '三鲜面	集锦园（教工食堂）', NULL, '/校园美食a11.jpg', NULL, NULL, NULL, NULL, NULL, NULL, NULL, NULL, NULL, NULL, NULL, NULL, NULL, NULL, NULL, NULL, '2021-11-09 18:45:28', '2019-01-01 00:00:00');
INSERT INTO `dt_article` VALUES (137, 9, 16, NULL, '掉渣饼	集锦园（教工食堂）', NULL, '/校园美食a12.jpg', NULL, NULL, NULL, NULL, NULL, NULL, NULL, NULL, NULL, NULL, NULL, NULL, NULL, NULL, NULL, NULL, '2021-11-09 18:45:30', '2019-01-01 00:00:00');
INSERT INTO `dt_article` VALUES (138, 9, 16, NULL, '煲仔饭	集锦园（教工食堂）', NULL, '/校园美食a13.jpg', NULL, NULL, NULL, NULL, NULL, NULL, NULL, NULL, NULL, NULL, NULL, NULL, NULL, NULL, NULL, NULL, '2021-11-09 18:45:32', '2019-01-01 00:00:00');
INSERT INTO `dt_article` VALUES (139, 9, 16, NULL, '校园美食', NULL, '/校园美食图1.jpg', NULL, NULL, NULL, NULL, NULL, NULL, NULL, NULL, NULL, NULL, NULL, NULL, NULL, NULL, NULL, NULL, '2021-11-09 18:54:04', '2019-01-01 00:00:00');
INSERT INTO `dt_article` VALUES (140, 9, 16, NULL, '校园美食', NULL, '/校园美食图2.jpg', NULL, NULL, NULL, NULL, NULL, NULL, NULL, NULL, NULL, NULL, NULL, NULL, NULL, NULL, NULL, NULL, '2021-11-09 18:54:07', '2019-01-01 00:00:00');
INSERT INTO `dt_article` VALUES (141, 9, 16, NULL, '校园美食', NULL, '/校园美食图3.jpg', NULL, NULL, NULL, NULL, NULL, NULL, NULL, NULL, NULL, NULL, NULL, NULL, NULL, NULL, NULL, NULL, '2021-11-09 18:54:12', '2019-01-01 00:00:00');
INSERT INTO `dt_article` VALUES (142, 9, 16, NULL, '校园美食', NULL, '/校园美食图4.jpg', NULL, NULL, NULL, NULL, NULL, NULL, NULL, NULL, NULL, NULL, NULL, NULL, NULL, NULL, NULL, NULL, '2021-11-09 18:54:17', '2019-01-01 00:00:00');
INSERT INTO `dt_article` VALUES (143, 9, 16, NULL, '校园美食', NULL, '/校园美食图5.jpg', NULL, NULL, NULL, NULL, NULL, NULL, NULL, NULL, NULL, NULL, NULL, NULL, NULL, NULL, NULL, NULL, '2021-11-09 18:54:20', '2019-01-01 00:00:00');
INSERT INTO `dt_article` VALUES (144, 9, 16, NULL, '校园美食', NULL, '/校园美食图6.jpg', NULL, NULL, NULL, NULL, NULL, NULL, NULL, NULL, NULL, NULL, NULL, NULL, NULL, NULL, NULL, NULL, '2021-11-09 18:54:22', '2019-01-01 00:00:00');
INSERT INTO `dt_article` VALUES (145, 9, 16, NULL, '校园美食', NULL, '/校园美食图7.jpg', NULL, NULL, NULL, NULL, NULL, NULL, NULL, NULL, NULL, NULL, NULL, NULL, NULL, NULL, NULL, NULL, '2021-11-09 18:54:24', '2019-01-01 00:00:00');
INSERT INTO `dt_article` VALUES (146, 9, 16, NULL, '校园美食', NULL, '/校园美食图8.jpg', NULL, NULL, NULL, NULL, NULL, NULL, NULL, NULL, NULL, NULL, NULL, NULL, NULL, NULL, NULL, NULL, '2021-11-09 18:54:26', '2019-01-01 00:00:00');
INSERT INTO `dt_article` VALUES (147, 9, 16, NULL, '校园美食', NULL, '/校园美食图9.jpg', NULL, NULL, NULL, NULL, NULL, NULL, NULL, NULL, NULL, NULL, NULL, NULL, NULL, NULL, NULL, NULL, '2021-11-09 18:54:27', '2019-01-01 00:00:00');
INSERT INTO `dt_article` VALUES (148, 9, 16, NULL, '校园美食', NULL, '/校园美食图10.jpg', NULL, NULL, NULL, NULL, NULL, NULL, NULL, NULL, NULL, NULL, NULL, NULL, NULL, NULL, NULL, NULL, '2021-11-09 18:54:29', '2019-01-01 00:00:00');
INSERT INTO `dt_article` VALUES (149, 9, 16, NULL, '校园美食', NULL, '/校园美食图11.jpg', NULL, NULL, NULL, NULL, NULL, NULL, NULL, NULL, NULL, NULL, NULL, NULL, NULL, NULL, NULL, NULL, '2021-11-09 18:54:32', '2019-01-01 00:00:00');
INSERT INTO `dt_article` VALUES (150, 9, 16, NULL, '校园美食', NULL, '/校园美食图12.jpg', NULL, NULL, NULL, NULL, NULL, NULL, NULL, NULL, NULL, NULL, NULL, NULL, NULL, NULL, NULL, NULL, '2021-11-09 18:54:34', '2019-01-01 00:00:00');
INSERT INTO `dt_article` VALUES (151, 9, 16, NULL, '校园美食', NULL, '/校园美食图13.jpg', NULL, NULL, NULL, NULL, NULL, NULL, NULL, NULL, NULL, NULL, NULL, NULL, NULL, NULL, NULL, NULL, '2021-11-09 18:54:37', '2019-01-01 00:00:00');
INSERT INTO `dt_article` VALUES (152, 9, 16, NULL, '校园美食', NULL, '/校园美食图14.jpg', NULL, NULL, NULL, NULL, NULL, NULL, NULL, NULL, NULL, NULL, NULL, NULL, NULL, NULL, NULL, NULL, '2021-11-09 18:54:40', '2019-01-01 00:00:00');
INSERT INTO `dt_article` VALUES (3, 9, 16, NULL, '校园美食', NULL, '/校园美食图15.jpg', NULL, NULL, NULL, NULL, NULL, NULL, NULL, NULL, NULL, NULL, NULL, NULL, NULL, NULL, NULL, NULL, '2021-11-09 18:54:41', '2019-01-01 00:00:00');
INSERT INTO `dt_article` VALUES (154, 9, 16, NULL, '校园美食', NULL, '/校园美食图16.jpg', NULL, NULL, NULL, NULL, NULL, NULL, NULL, NULL, NULL, NULL, NULL, NULL, NULL, NULL, NULL, NULL, '2021-11-09 18:54:47', '2019-01-01 00:00:00');
INSERT INTO `dt_article` VALUES (155, 9, 16, NULL, '校园美食', NULL, '/校园美食图17.jpg', NULL, NULL, NULL, NULL, NULL, NULL, NULL, NULL, NULL, NULL, NULL, NULL, NULL, NULL, NULL, NULL, '2021-11-09 18:54:51', '2019-01-01 00:00:00');
INSERT INTO `dt_article` VALUES (156, 9, 16, NULL, '校园美食', NULL, '/校园美食图18.jpg', NULL, NULL, NULL, NULL, NULL, NULL, NULL, NULL, NULL, NULL, NULL, NULL, NULL, NULL, NULL, NULL, '2021-11-09 18:54:53', '2019-01-01 00:00:00');
INSERT INTO `dt_article` VALUES (157, 9, 16, NULL, '校园美食', NULL, '/校园美食图19.jpg', NULL, NULL, NULL, NULL, NULL, NULL, NULL, NULL, NULL, NULL, NULL, NULL, NULL, NULL, NULL, NULL, '2021-11-09 18:54:55', '2019-01-01 00:00:00');
INSERT INTO `dt_article` VALUES (158, 9, 16, NULL, '校园美食', NULL, '/校园美食图20.jpg', NULL, NULL, NULL, NULL, NULL, NULL, NULL, NULL, NULL, NULL, NULL, NULL, NULL, NULL, NULL, NULL, '2021-11-09 18:54:57', '2019-01-01 00:00:00');
INSERT INTO `dt_article` VALUES (159, 9, 16, NULL, '校园美食', NULL, '/校园美食图21.jpg', NULL, NULL, NULL, NULL, NULL, NULL, NULL, NULL, NULL, NULL, NULL, NULL, NULL, NULL, NULL, NULL, '2021-11-09 18:55:00', '2019-01-01 00:00:00');
INSERT INTO `dt_article` VALUES (160, 9, 16, NULL, '校园美食', NULL, '/校园美食图22.jpg', NULL, NULL, NULL, NULL, NULL, NULL, NULL, NULL, NULL, NULL, NULL, NULL, NULL, NULL, NULL, NULL, '2021-11-09 18:55:03', '2019-01-01 00:00:00');
INSERT INTO `dt_article` VALUES (161, 9, 16, NULL, '校园美食', NULL, '/校园美食图23.jpg', NULL, NULL, NULL, NULL, NULL, NULL, NULL, NULL, NULL, NULL, NULL, NULL, NULL, NULL, NULL, NULL, '2021-11-09 18:55:08', '2019-01-01 00:00:00');
INSERT INTO `dt_article` VALUES (162, 9, 16, NULL, '校园美食', NULL, '/校园美食图24.jpg', NULL, NULL, NULL, NULL, NULL, NULL, NULL, NULL, NULL, NULL, NULL, NULL, NULL, NULL, NULL, NULL, '2021-11-09 18:55:11', '2019-01-01 00:00:00');
INSERT INTO `dt_article` VALUES (163, 9, 16, NULL, '校园美食', NULL, '/校园美食图25.jpg', NULL, NULL, NULL, NULL, NULL, NULL, NULL, NULL, NULL, NULL, NULL, NULL, NULL, NULL, NULL, NULL, '2021-11-09 18:55:14', '2019-01-01 00:00:00');
INSERT INTO `dt_article` VALUES (164, 9, 16, NULL, '校园美食', NULL, '/校园美食图26.jpg', NULL, NULL, NULL, NULL, NULL, NULL, NULL, NULL, NULL, NULL, NULL, NULL, NULL, NULL, NULL, NULL, '2021-11-09 18:55:16', '2019-01-01 00:00:00');
INSERT INTO `dt_article` VALUES (65, 9, 16, NULL, '校园美食', NULL, '/校园美食图27.jpg', NULL, NULL, NULL, NULL, NULL, NULL, NULL, NULL, NULL, NULL, NULL, NULL, NULL, NULL, NULL, NULL, '2021-11-09 18:55:18', '2019-01-01 00:00:00');
INSERT INTO `dt_article` VALUES (166, 9, 16, NULL, '校园美食', NULL, '/校园美食图28.jpg', NULL, NULL, NULL, NULL, NULL, NULL, NULL, NULL, NULL, NULL, NULL, NULL, NULL, NULL, NULL, NULL, '2021-11-09 18:55:23', '2019-01-01 00:00:00');
INSERT INTO `dt_article` VALUES (167, 9, 16, NULL, '校园美食', NULL, '/校园美食图29.jpg', NULL, NULL, NULL, NULL, NULL, NULL, NULL, NULL, NULL, NULL, NULL, NULL, NULL, NULL, NULL, NULL, '2021-11-09 18:55:25', '2019-01-01 00:00:00');
INSERT INTO `dt_article` VALUES (168, 9, 16, NULL, '校园美食', NULL, '/校园美食图30.jpg', NULL, NULL, NULL, NULL, NULL, NULL, NULL, NULL, NULL, NULL, NULL, NULL, NULL, NULL, NULL, NULL, '2021-11-09 18:55:27', '2019-01-01 00:00:00');
INSERT INTO `dt_article` VALUES (169, 9, 16, NULL, '校园美食', NULL, '/校园美食图31.jpg', NULL, NULL, NULL, NULL, NULL, NULL, NULL, NULL, NULL, NULL, NULL, NULL, NULL, NULL, NULL, NULL, '2021-11-09 18:55:29', '2019-01-01 00:00:00');
INSERT INTO `dt_article` VALUES (170, 9, 16, NULL, '校园美食', NULL, '/校园美食图32.jpg', NULL, NULL, NULL, NULL, NULL, NULL, NULL, NULL, NULL, NULL, NULL, NULL, NULL, NULL, NULL, NULL, '2021-11-09 18:55:31', '2019-01-01 00:00:00');
INSERT INTO `dt_article` VALUES (171, 9, 16, NULL, '校园美食', NULL, '/校园美食图33.jpg', NULL, NULL, NULL, NULL, NULL, NULL, NULL, NULL, NULL, NULL, NULL, NULL, NULL, NULL, NULL, NULL, '2021-11-09 18:55:35', '2019-01-01 00:00:00');
INSERT INTO `dt_article` VALUES (172, 9, 17, NULL, '明德广场', NULL, '/校园建筑0.jpg', NULL, NULL, NULL, NULL, NULL, NULL, NULL, NULL, NULL, NULL, NULL, NULL, NULL, NULL, NULL, NULL, '2021-11-09 19:10:50', '2019-01-01 00:00:00');
INSERT INTO `dt_article` VALUES (173, 9, 17, NULL, '静思广场（地球广场）', NULL, '/校园建筑1.jpg', NULL, NULL, NULL, NULL, NULL, NULL, NULL, NULL, NULL, NULL, NULL, NULL, NULL, NULL, NULL, NULL, '2021-11-09 19:10:52', '2019-01-01 00:00:00');
INSERT INTO `dt_article` VALUES (174, 9, 17, NULL, '静思广场（地球广场）', NULL, '/校园建筑2.jpg', NULL, NULL, NULL, NULL, NULL, NULL, NULL, NULL, NULL, NULL, NULL, NULL, NULL, NULL, NULL, NULL, '2021-11-09 19:10:55', '2019-01-01 00:00:00');
INSERT INTO `dt_article` VALUES (175, 9, 17, NULL, '静思广场（地球广场）', NULL, '/校园建筑3.jpg', NULL, NULL, NULL, NULL, NULL, NULL, NULL, NULL, NULL, NULL, NULL, NULL, NULL, NULL, NULL, NULL, '2021-11-10 19:36:27', '2019-01-01 00:00:00');
INSERT INTO `dt_article` VALUES (176, 9, 17, NULL, '镜湖-一级池', NULL, '/校园建筑4.jpg', NULL, NULL, NULL, NULL, NULL, NULL, NULL, NULL, NULL, NULL, NULL, NULL, NULL, NULL, NULL, NULL, '2021-11-09 19:11:04', '2019-01-01 00:00:00');
INSERT INTO `dt_article` VALUES (177, 9, 17, NULL, '镜湖-二级池', NULL, '/校园建筑5.jpg', NULL, NULL, NULL, NULL, NULL, NULL, NULL, NULL, NULL, NULL, NULL, NULL, NULL, NULL, NULL, NULL, '2021-11-09 19:11:06', '2019-01-01 00:00:00');
INSERT INTO `dt_article` VALUES (178, 9, 17, NULL, '镜湖-三级池', NULL, '/校园建筑6.jpg', NULL, NULL, NULL, NULL, NULL, NULL, NULL, NULL, NULL, NULL, NULL, NULL, NULL, NULL, NULL, NULL, '2021-11-09 19:11:08', '2019-01-01 00:00:00');
INSERT INTO `dt_article` VALUES (179, 9, 17, NULL, '校训石', NULL, '/校园建筑7.jpg', NULL, NULL, NULL, NULL, NULL, NULL, NULL, NULL, NULL, NULL, NULL, NULL, NULL, NULL, NULL, NULL, '2021-11-09 19:11:10', '2019-01-01 00:00:00');
INSERT INTO `dt_article` VALUES (180, 9, 17, NULL, '勘探队员之歌', NULL, '/校园建筑8.jpg', NULL, NULL, NULL, NULL, NULL, NULL, NULL, NULL, NULL, NULL, NULL, NULL, NULL, NULL, NULL, NULL, '2021-11-09 19:11:12', '2019-01-01 00:00:00');
INSERT INTO `dt_article` VALUES (181, 9, 17, NULL, '勘探队员雕像', NULL, '/校园建筑9.jpg', NULL, NULL, NULL, NULL, NULL, NULL, NULL, NULL, NULL, NULL, NULL, NULL, NULL, NULL, NULL, NULL, '2021-11-09 19:11:15', '2019-01-01 00:00:00');
INSERT INTO `dt_article` VALUES (182, 9, 17, NULL, '海棠园', NULL, '/校园建筑10.jpg', NULL, NULL, NULL, NULL, NULL, NULL, NULL, NULL, NULL, NULL, NULL, NULL, NULL, NULL, NULL, NULL, '2021-11-09 19:11:17', '2019-01-01 00:00:00');
INSERT INTO `dt_article` VALUES (183, 9, 17, NULL, '海棠园', NULL, '/校园建筑11.jpg', NULL, NULL, NULL, NULL, NULL, NULL, NULL, NULL, NULL, NULL, NULL, NULL, NULL, NULL, NULL, NULL, '2021-11-09 19:11:20', '2019-01-01 00:00:00');
INSERT INTO `dt_article` VALUES (184, 9, 17, NULL, '海棠园', NULL, '/校园建筑12.jpg', NULL, NULL, NULL, NULL, NULL, NULL, NULL, NULL, NULL, NULL, NULL, NULL, NULL, NULL, NULL, NULL, '2021-11-09 19:11:22', '2019-01-01 00:00:00');
INSERT INTO `dt_article` VALUES (185, 9, 17, NULL, '观水桥', NULL, '/校园建筑13.jpg', NULL, NULL, NULL, NULL, NULL, NULL, NULL, NULL, NULL, NULL, NULL, NULL, NULL, NULL, NULL, NULL, '2021-11-09 19:11:25', '2019-01-01 00:00:00');
INSERT INTO `dt_article` VALUES (186, 9, 17, NULL, '“峡江烟云”浮雕', NULL, '/校园建筑14.jpg', NULL, NULL, NULL, NULL, NULL, NULL, NULL, NULL, NULL, NULL, NULL, NULL, NULL, NULL, NULL, NULL, '2021-11-09 19:11:27', '2019-01-01 00:00:00');
INSERT INTO `dt_article` VALUES (187, 9, 17, NULL, '至善桥', NULL, '/校园建筑15.jpg', NULL, NULL, NULL, NULL, NULL, NULL, NULL, NULL, NULL, NULL, NULL, NULL, NULL, NULL, NULL, NULL, '2021-11-09 19:11:29', '2019-01-01 00:00:00');
INSERT INTO `dt_article` VALUES (188, 9, 17, NULL, '“珠峰晨曦”浮雕', NULL, '/校园建筑16.jpg', NULL, NULL, NULL, NULL, NULL, NULL, NULL, NULL, NULL, NULL, NULL, NULL, NULL, NULL, NULL, NULL, '2021-11-09 19:11:31', '2019-01-01 00:00:00');
INSERT INTO `dt_article` VALUES (189, 9, 17, NULL, '微生态滤床', NULL, '/校园建筑17.jpg', NULL, NULL, NULL, NULL, NULL, NULL, NULL, NULL, NULL, NULL, NULL, NULL, NULL, NULL, NULL, NULL, '2021-11-09 19:11:34', '2019-01-01 00:00:00');
INSERT INTO `dt_article` VALUES (NULL, 9, 14, NULL, '校园图片', NULL, '/手绘图1.jpg', NULL, NULL, NULL, NULL, NULL, NULL, NULL, NULL, NULL, NULL, NULL, NULL, NULL, NULL, NULL, NULL, '2021-11-09 19:16:49', '2019-01-01 00:00:00');
INSERT INTO `dt_article` VALUES (NULL, 9, 14, NULL, '校园图片', NULL, '/手绘图2.jpg', NULL, NULL, NULL, NULL, NULL, NULL, NULL, NULL, NULL, NULL, NULL, NULL, NULL, NULL, NULL, NULL, '2021-11-09 19:16:50', '2019-01-01 00:00:00');
INSERT INTO `dt_article` VALUES (NULL, 9, 14, NULL, '校园图片', NULL, '/手绘图3.jpg', NULL, NULL, NULL, NULL, NULL, NULL, NULL, NULL, NULL, NULL, NULL, NULL, NULL, NULL, NULL, NULL, '2021-11-09 19:16:50', '2019-01-01 00:00:00');
INSERT INTO `dt_article` VALUES (NULL, 9, 14, NULL, '校园图片', NULL, '/手绘图4,.jpg', NULL, NULL, NULL, NULL, NULL, NULL, NULL, NULL, NULL, NULL, NULL, NULL, NULL, NULL, NULL, NULL, '2021-11-09 19:20:14', '2019-01-01 00:00:00');
INSERT INTO `dt_article` VALUES (NULL, 9, 14, NULL, '校园图片', NULL, '/手绘图5.jpg', NULL, NULL, NULL, NULL, NULL, NULL, NULL, NULL, NULL, NULL, NULL, NULL, NULL, NULL, NULL, NULL, '2021-11-09 19:16:50', '2019-01-01 00:00:00');
INSERT INTO `dt_article` VALUES (NULL, 9, 14, NULL, '校园图片', NULL, '/手绘图6.jpg', NULL, NULL, NULL, NULL, NULL, NULL, NULL, NULL, NULL, NULL, NULL, NULL, NULL, NULL, NULL, NULL, '2021-11-09 19:16:50', '2019-01-01 00:00:00');
INSERT INTO `dt_article` VALUES (NULL, 9, 14, NULL, '校园图片', NULL, '/手绘图7-1.jpg', NULL, NULL, NULL, NULL, NULL, NULL, NULL, NULL, NULL, NULL, NULL, NULL, NULL, NULL, NULL, NULL, '2021-11-09 19:16:50', '2019-01-01 00:00:00');
INSERT INTO `dt_article` VALUES (NULL, 9, 14, NULL, '校园图片', NULL, '/手绘图8-1.jpg', NULL, NULL, NULL, NULL, NULL, NULL, NULL, NULL, NULL, NULL, NULL, NULL, NULL, NULL, NULL, NULL, '2021-11-09 19:16:51', '2019-01-01 00:00:00');
INSERT INTO `dt_article` VALUES (NULL, 9, 14, NULL, '校园图片', NULL, '/手绘图9,.jpg', NULL, NULL, NULL, NULL, NULL, NULL, NULL, NULL, NULL, NULL, NULL, NULL, NULL, NULL, NULL, NULL, '2021-11-09 19:16:51', '2019-01-01 00:00:00');
INSERT INTO `dt_article` VALUES (NULL, 9, 14, NULL, '校园图片', NULL, '/手绘图10.jpg', NULL, NULL, NULL, NULL, NULL, NULL, NULL, NULL, NULL, NULL, NULL, NULL, NULL, NULL, NULL, NULL, '2021-11-09 19:16:51', '2019-01-01 00:00:00');
INSERT INTO `dt_article` VALUES (NULL, 9, 14, NULL, '校园图片', NULL, '/手绘图11-4.jpg', NULL, NULL, NULL, NULL, NULL, NULL, NULL, NULL, NULL, NULL, NULL, NULL, NULL, NULL, NULL, NULL, '2021-11-09 19:16:52', '2019-01-01 00:00:00');
INSERT INTO `dt_article` VALUES (NULL, 9, 14, NULL, '校园图片', NULL, '/手绘图12-3.jpg', NULL, NULL, NULL, NULL, NULL, NULL, NULL, NULL, NULL, NULL, NULL, NULL, NULL, NULL, NULL, NULL, '2021-11-09 19:16:52', '2019-01-01 00:00:00');
INSERT INTO `dt_article` VALUES (NULL, 9, 14, NULL, '学生宿舍', NULL, '/搬迁9.jpg', NULL, NULL, NULL, NULL, NULL, NULL, NULL, NULL, NULL, NULL, NULL, NULL, NULL, NULL, NULL, NULL, '2021-11-09 19:22:25', '2019-01-01 00:00:00');
INSERT INTO `dt_article` VALUES (NULL, 9, 14, NULL, '学生宿舍', NULL, '/搬迁13.jpg', NULL, NULL, NULL, NULL, NULL, NULL, NULL, NULL, NULL, NULL, NULL, NULL, NULL, NULL, NULL, NULL, '2021-11-09 19:22:25', '2019-01-01 00:00:00');
INSERT INTO `dt_article` VALUES (NULL, 9, 14, NULL, '学生宿舍', NULL, '/搬迁14.jpg', NULL, NULL, NULL, NULL, NULL, NULL, NULL, NULL, NULL, NULL, NULL, NULL, NULL, NULL, NULL, NULL, '2021-11-09 19:22:25', '2019-01-01 00:00:00');
INSERT INTO `dt_article` VALUES (NULL, 9, 14, NULL, '学生宿舍', NULL, '/搬迁15.jpg', NULL, NULL, NULL, NULL, NULL, NULL, NULL, NULL, NULL, NULL, NULL, NULL, NULL, NULL, NULL, NULL, '2021-11-09 19:22:25', '2019-01-01 00:00:00');
INSERT INTO `dt_article` VALUES (NULL, 9, 18, NULL, '刺柏', NULL, '/校园植物0.jpg', NULL, NULL, NULL, NULL, NULL, NULL, NULL, NULL, NULL, NULL, NULL, NULL, NULL, NULL, NULL, NULL, '2021-11-09 19:52:01', '2019-01-01 00:00:00');
INSERT INTO `dt_article` VALUES (NULL, 9, 18, NULL, '刺柏', NULL, '/校园植物1.jpg', NULL, NULL, NULL, NULL, NULL, NULL, NULL, NULL, NULL, NULL, NULL, NULL, NULL, NULL, NULL, NULL, '2021-11-09 19:52:01', '2019-01-01 00:00:00');
INSERT INTO `dt_article` VALUES (NULL, 9, 18, NULL, '刺柏', NULL, '/校园植物2.jpg', NULL, NULL, NULL, NULL, NULL, NULL, NULL, NULL, NULL, NULL, NULL, NULL, NULL, NULL, NULL, NULL, '2021-11-09 19:52:01', '2019-01-01 00:00:00');
INSERT INTO `dt_article` VALUES (NULL, 9, 18, NULL, '八棱海棠', NULL, '/校园植物3.jpg', NULL, NULL, NULL, NULL, NULL, NULL, NULL, NULL, NULL, NULL, NULL, NULL, NULL, NULL, NULL, NULL, '2021-11-09 19:52:01', '2019-01-01 00:00:00');
INSERT INTO `dt_article` VALUES (NULL, 9, 18, NULL, '八棱海棠', NULL, '/校园植物4.jpg', NULL, NULL, NULL, NULL, NULL, NULL, NULL, NULL, NULL, NULL, NULL, NULL, NULL, NULL, NULL, NULL, '2021-11-09 19:52:01', '2019-01-01 00:00:00');
INSERT INTO `dt_article` VALUES (NULL, 9, 18, NULL, '北美海棠', NULL, '/校园植物5.jpg', NULL, NULL, NULL, NULL, NULL, NULL, NULL, NULL, NULL, NULL, NULL, NULL, NULL, NULL, NULL, NULL, '2021-11-09 19:52:01', '2019-01-01 00:00:00');
INSERT INTO `dt_article` VALUES (NULL, 9, 18, NULL, '柚', NULL, '/校园植物6.jpg', NULL, NULL, NULL, NULL, NULL, NULL, NULL, NULL, NULL, NULL, NULL, NULL, NULL, NULL, NULL, NULL, '2021-11-09 19:52:01', '2019-01-01 00:00:00');
INSERT INTO `dt_article` VALUES (NULL, 9, 18, NULL, '柚', NULL, '/校园植物7.jpg', NULL, NULL, NULL, NULL, NULL, NULL, NULL, NULL, NULL, NULL, NULL, NULL, NULL, NULL, NULL, NULL, '2021-11-09 19:52:01', '2019-01-01 00:00:00');
INSERT INTO `dt_article` VALUES (NULL, 9, 18, NULL, '柚', NULL, '/校园植物8.jpg', NULL, NULL, NULL, NULL, NULL, NULL, NULL, NULL, NULL, NULL, NULL, NULL, NULL, NULL, NULL, NULL, '2021-11-09 19:52:01', '2019-01-01 00:00:00');
INSERT INTO `dt_article` VALUES (NULL, 9, 18, NULL, '早园竹', NULL, '/校园植物9.jpg', NULL, NULL, NULL, NULL, NULL, NULL, NULL, NULL, NULL, NULL, NULL, NULL, NULL, NULL, NULL, NULL, '2021-11-09 19:52:02', '2019-01-01 00:00:00');
INSERT INTO `dt_article` VALUES (NULL, 9, 18, NULL, '早园竹', NULL, '/校园植物10.jpg', NULL, NULL, NULL, NULL, NULL, NULL, NULL, NULL, NULL, NULL, NULL, NULL, NULL, NULL, NULL, NULL, '2021-11-09 19:52:02', '2019-01-01 00:00:00');
INSERT INTO `dt_article` VALUES (NULL, 9, 18, NULL, '孝顺竹', NULL, '/校园植物11.jpg', NULL, NULL, NULL, NULL, NULL, NULL, NULL, NULL, NULL, NULL, NULL, NULL, NULL, NULL, NULL, NULL, '2021-11-09 19:52:02', '2019-01-01 00:00:00');
INSERT INTO `dt_article` VALUES (NULL, 9, 18, NULL, '孝顺竹', NULL, '/校园植物12.jpg', NULL, NULL, NULL, NULL, NULL, NULL, NULL, NULL, NULL, NULL, NULL, NULL, NULL, NULL, NULL, NULL, '2021-11-09 19:52:02', '2019-01-01 00:00:00');
INSERT INTO `dt_article` VALUES (NULL, 9, 18, NULL, '乌哺鸡竹', NULL, '/校园植物13.jpg', NULL, NULL, NULL, NULL, NULL, NULL, NULL, NULL, NULL, NULL, NULL, NULL, NULL, NULL, NULL, NULL, '2021-11-09 19:52:02', '2019-01-01 00:00:00');
INSERT INTO `dt_article` VALUES (NULL, 9, 18, NULL, '乌哺鸡竹', NULL, '/校园植物14.jpg', NULL, NULL, NULL, NULL, NULL, NULL, NULL, NULL, NULL, NULL, NULL, NULL, NULL, NULL, NULL, NULL, '2021-11-09 19:52:02', '2019-01-01 00:00:00');
INSERT INTO `dt_article` VALUES (NULL, 9, 18, NULL, '无刺枸骨', NULL, '/校园植物15.jpg', NULL, NULL, NULL, NULL, NULL, NULL, NULL, NULL, NULL, NULL, NULL, NULL, NULL, NULL, NULL, NULL, '2021-11-09 19:52:02', '2019-01-01 00:00:00');
INSERT INTO `dt_article` VALUES (NULL, 9, 18, NULL, '无刺枸骨', NULL, '/校园植物16.jpg', NULL, NULL, NULL, NULL, NULL, NULL, NULL, NULL, NULL, NULL, NULL, NULL, NULL, NULL, NULL, NULL, '2021-11-09 19:52:02', '2019-01-01 00:00:00');
INSERT INTO `dt_article` VALUES (NULL, 9, 18, NULL, '无刺枸骨', NULL, '/校园植物17.jpg', NULL, NULL, NULL, NULL, NULL, NULL, NULL, NULL, NULL, NULL, NULL, NULL, NULL, NULL, NULL, NULL, '2021-11-09 19:52:02', '2019-01-01 00:00:00');
INSERT INTO `dt_article` VALUES (NULL, 9, 18, NULL, '黄杨', NULL, '/校园植物18.jpg', NULL, NULL, NULL, NULL, NULL, NULL, NULL, NULL, NULL, NULL, NULL, NULL, NULL, NULL, NULL, NULL, '2021-11-09 19:52:02', '2019-01-01 00:00:00');
INSERT INTO `dt_article` VALUES (NULL, 9, 18, NULL, '黄杨', NULL, '/校园植物19.jpg', NULL, NULL, NULL, NULL, NULL, NULL, NULL, NULL, NULL, NULL, NULL, NULL, NULL, NULL, NULL, NULL, '2021-11-09 19:52:02', '2019-01-01 00:00:00');
INSERT INTO `dt_article` VALUES (NULL, 9, 18, NULL, '大叶黄杨', NULL, '/校园植物20.jpg', NULL, NULL, NULL, NULL, NULL, NULL, NULL, NULL, NULL, NULL, NULL, NULL, NULL, NULL, NULL, NULL, '2021-11-09 19:52:02', '2019-01-01 00:00:00');
INSERT INTO `dt_article` VALUES (NULL, 9, 18, NULL, '大叶黄杨', NULL, '/校园植物21.jpg', NULL, NULL, NULL, NULL, NULL, NULL, NULL, NULL, NULL, NULL, NULL, NULL, NULL, NULL, NULL, NULL, '2021-11-09 19:52:02', '2019-01-01 00:00:00');
INSERT INTO `dt_article` VALUES (NULL, 9, 18, NULL, '光叶海桐', NULL, '/校园植物22.jpg', NULL, NULL, NULL, NULL, NULL, NULL, NULL, NULL, NULL, NULL, NULL, NULL, NULL, NULL, NULL, NULL, '2021-11-09 19:52:03', '2019-01-01 00:00:00');
INSERT INTO `dt_article` VALUES (NULL, 9, 18, NULL, '光叶海桐', NULL, '/校园植物23.jpg', NULL, NULL, NULL, NULL, NULL, NULL, NULL, NULL, NULL, NULL, NULL, NULL, NULL, NULL, NULL, NULL, '2021-11-09 19:52:03', '2019-01-01 00:00:00');
INSERT INTO `dt_article` VALUES (NULL, 9, 18, NULL, '鸡爪槭', NULL, '/校园植物24.jpg', NULL, NULL, NULL, NULL, NULL, NULL, NULL, NULL, NULL, NULL, NULL, NULL, NULL, NULL, NULL, NULL, '2021-11-09 19:52:03', '2019-01-01 00:00:00');
INSERT INTO `dt_article` VALUES (NULL, 9, 18, NULL, '鸡爪槭', NULL, '/校园植物25.jpg', NULL, NULL, NULL, NULL, NULL, NULL, NULL, NULL, NULL, NULL, NULL, NULL, NULL, NULL, NULL, NULL, '2021-11-09 19:52:03', '2019-01-01 00:00:00');
INSERT INTO `dt_article` VALUES (NULL, 9, 18, NULL, '鸡爪槭', NULL, '/校园植物26.jpg', NULL, NULL, NULL, NULL, NULL, NULL, NULL, NULL, NULL, NULL, NULL, NULL, NULL, NULL, NULL, NULL, '2021-11-09 19:52:03', '2019-01-01 00:00:00');
INSERT INTO `dt_article` VALUES (NULL, 9, 18, NULL, '红枫', NULL, '/校园植物27.jpg', NULL, NULL, NULL, NULL, NULL, NULL, NULL, NULL, NULL, NULL, NULL, NULL, NULL, NULL, NULL, NULL, '2021-11-09 19:52:03', '2019-01-01 00:00:00');
INSERT INTO `dt_article` VALUES (NULL, 9, 18, NULL, '红枫', NULL, '/校园植物28.jpg', NULL, NULL, NULL, NULL, NULL, NULL, NULL, NULL, NULL, NULL, NULL, NULL, NULL, NULL, NULL, NULL, '2021-11-09 19:52:03', '2019-01-01 00:00:00');
INSERT INTO `dt_article` VALUES (NULL, 9, 18, NULL, '红枫', NULL, '/校园植物29.jpg', NULL, NULL, NULL, NULL, NULL, NULL, NULL, NULL, NULL, NULL, NULL, NULL, NULL, NULL, NULL, NULL, '2021-11-09 19:52:03', '2019-01-01 00:00:00');
INSERT INTO `dt_article` VALUES (NULL, 9, 18, NULL, '大叶早樱', NULL, '/校园植物30.jpg', NULL, NULL, NULL, NULL, NULL, NULL, NULL, NULL, NULL, NULL, NULL, NULL, NULL, NULL, NULL, NULL, '2021-11-09 19:52:03', '2019-01-01 00:00:00');
INSERT INTO `dt_article` VALUES (NULL, 9, 18, NULL, '大叶早樱', NULL, '/校园植物31.jpg', NULL, NULL, NULL, NULL, NULL, NULL, NULL, NULL, NULL, NULL, NULL, NULL, NULL, NULL, NULL, NULL, '2021-11-09 19:52:03', '2019-01-01 00:00:00');
INSERT INTO `dt_article` VALUES (NULL, 9, 18, NULL, '日本晚樱', NULL, '/校园植物32.jpg', NULL, NULL, NULL, NULL, NULL, NULL, NULL, NULL, NULL, NULL, NULL, NULL, NULL, NULL, NULL, NULL, '2021-11-09 19:52:03', '2019-01-01 00:00:00');
INSERT INTO `dt_article` VALUES (NULL, 9, 18, NULL, '日本晚樱', NULL, '/校园植物33.jpg', NULL, NULL, NULL, NULL, NULL, NULL, NULL, NULL, NULL, NULL, NULL, NULL, NULL, NULL, NULL, NULL, '2021-11-09 19:52:03', '2019-01-01 00:00:00');
INSERT INTO `dt_article` VALUES (NULL, 9, 18, NULL, '日本晚樱', NULL, '/校园植物34.jpg', NULL, NULL, NULL, NULL, NULL, NULL, NULL, NULL, NULL, NULL, NULL, NULL, NULL, NULL, NULL, NULL, '2021-11-09 19:52:04', '2019-01-01 00:00:00');
INSERT INTO `dt_article` VALUES (NULL, 9, 18, NULL, '紫叶李', NULL, '/校园植物35.jpg', NULL, NULL, NULL, NULL, NULL, NULL, NULL, NULL, NULL, NULL, NULL, NULL, NULL, NULL, NULL, NULL, '2021-11-09 19:52:04', '2019-01-01 00:00:00');
INSERT INTO `dt_article` VALUES (NULL, 9, 18, NULL, '紫叶李', NULL, '/校园植物36.jpg', NULL, NULL, NULL, NULL, NULL, NULL, NULL, NULL, NULL, NULL, NULL, NULL, NULL, NULL, NULL, NULL, '2021-11-09 19:52:04', '2019-01-01 00:00:00');
INSERT INTO `dt_article` VALUES (NULL, 9, 18, NULL, '紫叶李', NULL, '/校园植物37.jpg', NULL, NULL, NULL, NULL, NULL, NULL, NULL, NULL, NULL, NULL, NULL, NULL, NULL, NULL, NULL, NULL, '2021-11-09 19:52:04', '2019-01-01 00:00:00');
INSERT INTO `dt_article` VALUES (NULL, 9, 18, NULL, '紫叶桃', NULL, '/校园植物38.jpg', NULL, NULL, NULL, NULL, NULL, NULL, NULL, NULL, NULL, NULL, NULL, NULL, NULL, NULL, NULL, NULL, '2021-11-09 19:52:04', '2019-01-01 00:00:00');
INSERT INTO `dt_article` VALUES (NULL, 9, 18, NULL, '紫叶桃', NULL, '/校园植物39.jpg', NULL, NULL, NULL, NULL, NULL, NULL, NULL, NULL, NULL, NULL, NULL, NULL, NULL, NULL, NULL, NULL, '2021-11-09 19:52:04', '2019-01-01 00:00:00');
INSERT INTO `dt_article` VALUES (NULL, 9, 18, NULL, '碧桃', NULL, '/校园植物40.jpg', NULL, NULL, NULL, NULL, NULL, NULL, NULL, NULL, NULL, NULL, NULL, NULL, NULL, NULL, NULL, NULL, '2021-11-09 19:52:04', '2019-01-01 00:00:00');
INSERT INTO `dt_article` VALUES (NULL, 9, 18, NULL, '碧桃', NULL, '/校园植物41.jpg', NULL, NULL, NULL, NULL, NULL, NULL, NULL, NULL, NULL, NULL, NULL, NULL, NULL, NULL, NULL, NULL, '2021-11-09 19:52:04', '2019-01-01 00:00:00');
INSERT INTO `dt_article` VALUES (NULL, 9, 18, NULL, '碧桃', NULL, '/校园植物42.jpg', NULL, NULL, NULL, NULL, NULL, NULL, NULL, NULL, NULL, NULL, NULL, NULL, NULL, NULL, NULL, NULL, '2021-11-09 19:52:04', '2019-01-01 00:00:00');
INSERT INTO `dt_article` VALUES (NULL, 9, 18, NULL, '紫薇', NULL, '/校园植物43.jpg', NULL, NULL, NULL, NULL, NULL, NULL, NULL, NULL, NULL, NULL, NULL, NULL, NULL, NULL, NULL, NULL, '2021-11-09 19:52:04', '2019-01-01 00:00:00');
INSERT INTO `dt_article` VALUES (NULL, 9, 18, NULL, '紫薇', NULL, '/校园植物44.jpg', NULL, NULL, NULL, NULL, NULL, NULL, NULL, NULL, NULL, NULL, NULL, NULL, NULL, NULL, NULL, NULL, '2021-11-09 19:52:04', '2019-01-01 00:00:00');
INSERT INTO `dt_article` VALUES (NULL, 9, 18, NULL, '紫薇', NULL, '/校园植物45.jpg', NULL, NULL, NULL, NULL, NULL, NULL, NULL, NULL, NULL, NULL, NULL, NULL, NULL, NULL, NULL, NULL, '2021-11-09 19:52:04', '2019-01-01 00:00:00');
INSERT INTO `dt_article` VALUES (NULL, 9, 18, NULL, '紫荆', NULL, '/校园植物46.jpg', NULL, NULL, NULL, NULL, NULL, NULL, NULL, NULL, NULL, NULL, NULL, NULL, NULL, NULL, NULL, NULL, '2021-11-09 19:52:04', '2019-01-01 00:00:00');
INSERT INTO `dt_article` VALUES (NULL, 9, 18, NULL, '紫荆', NULL, '/校园植物47.jpg', NULL, NULL, NULL, NULL, NULL, NULL, NULL, NULL, NULL, NULL, NULL, NULL, NULL, NULL, NULL, NULL, '2021-11-09 19:52:04', '2019-01-01 00:00:00');
INSERT INTO `dt_article` VALUES (NULL, 9, 18, NULL, '紫荆', NULL, '/校园植物48.jpg', NULL, NULL, NULL, NULL, NULL, NULL, NULL, NULL, NULL, NULL, NULL, NULL, NULL, NULL, NULL, NULL, '2021-11-09 19:52:04', '2019-01-01 00:00:00');
INSERT INTO `dt_article` VALUES (NULL, 9, 18, NULL, '蜡梅', NULL, '/校园植物49.jpg', NULL, NULL, NULL, NULL, NULL, NULL, NULL, NULL, NULL, NULL, NULL, NULL, NULL, NULL, NULL, NULL, '2021-11-09 19:52:04', '2019-01-01 00:00:00');
INSERT INTO `dt_article` VALUES (NULL, 9, 18, NULL, '蜡梅', NULL, '/校园植物50.jpg', NULL, NULL, NULL, NULL, NULL, NULL, NULL, NULL, NULL, NULL, NULL, NULL, NULL, NULL, NULL, NULL, '2021-11-09 19:52:04', '2019-01-01 00:00:00');
INSERT INTO `dt_article` VALUES (NULL, 9, 18, NULL, '蜡梅', NULL, '/校园植物51.jpg', NULL, NULL, NULL, NULL, NULL, NULL, NULL, NULL, NULL, NULL, NULL, NULL, NULL, NULL, NULL, NULL, '2021-11-09 19:52:04', '2019-01-01 00:00:00');
INSERT INTO `dt_article` VALUES (NULL, 9, 18, NULL, '梅', NULL, '/校园植物52.jpg', NULL, NULL, NULL, NULL, NULL, NULL, NULL, NULL, NULL, NULL, NULL, NULL, NULL, NULL, NULL, NULL, '2021-11-09 19:52:04', '2019-01-01 00:00:00');
INSERT INTO `dt_article` VALUES (NULL, 9, 18, NULL, '梅', NULL, '/校园植物53.jpg', NULL, NULL, NULL, NULL, NULL, NULL, NULL, NULL, NULL, NULL, NULL, NULL, NULL, NULL, NULL, NULL, '2021-11-09 19:52:04', '2019-01-01 00:00:00');
INSERT INTO `dt_article` VALUES (NULL, 9, 18, NULL, '梅', NULL, '/校园植物54.jpg', NULL, NULL, NULL, NULL, NULL, NULL, NULL, NULL, NULL, NULL, NULL, NULL, NULL, NULL, NULL, NULL, '2021-11-09 19:52:04', '2019-01-01 00:00:00');
INSERT INTO `dt_article` VALUES (NULL, 9, 18, NULL, '花石榴', NULL, '/校园植物55.jpg', NULL, NULL, NULL, NULL, NULL, NULL, NULL, NULL, NULL, NULL, NULL, NULL, NULL, NULL, NULL, NULL, '2021-11-09 19:52:04', '2019-01-01 00:00:00');
INSERT INTO `dt_article` VALUES (NULL, 9, 18, NULL, '花石榴', NULL, '/校园植物56.jpg', NULL, NULL, NULL, NULL, NULL, NULL, NULL, NULL, NULL, NULL, NULL, NULL, NULL, NULL, NULL, NULL, '2021-11-09 19:52:04', '2019-01-01 00:00:00');
INSERT INTO `dt_article` VALUES (NULL, 9, 18, NULL, '垂丝海棠', NULL, '/校园植物57.jpg', NULL, NULL, NULL, NULL, NULL, NULL, NULL, NULL, NULL, NULL, NULL, NULL, NULL, NULL, NULL, NULL, '2021-11-09 19:52:04', '2019-01-01 00:00:00');
INSERT INTO `dt_article` VALUES (NULL, 9, 18, NULL, '垂丝海棠', NULL, '/校园植物58.jpg', NULL, NULL, NULL, NULL, NULL, NULL, NULL, NULL, NULL, NULL, NULL, NULL, NULL, NULL, NULL, NULL, '2021-11-09 19:52:05', '2019-01-01 00:00:00');
INSERT INTO `dt_article` VALUES (NULL, 9, 18, NULL, '垂丝海棠', NULL, '/校园植物59.jpg', NULL, NULL, NULL, NULL, NULL, NULL, NULL, NULL, NULL, NULL, NULL, NULL, NULL, NULL, NULL, NULL, '2021-11-09 19:52:05', '2019-01-01 00:00:00');
INSERT INTO `dt_article` VALUES (NULL, 9, 18, NULL, '贴梗海棠', NULL, '/校园植物60.jpg', NULL, NULL, NULL, NULL, NULL, NULL, NULL, NULL, NULL, NULL, NULL, NULL, NULL, NULL, NULL, NULL, '2021-11-09 19:52:05', '2019-01-01 00:00:00');
INSERT INTO `dt_article` VALUES (NULL, 9, 18, NULL, '贴梗海棠', NULL, '/校园植物61.jpg', NULL, NULL, NULL, NULL, NULL, NULL, NULL, NULL, NULL, NULL, NULL, NULL, NULL, NULL, NULL, NULL, '2021-11-09 19:52:05', '2019-01-01 00:00:00');
INSERT INTO `dt_article` VALUES (NULL, 9, 18, NULL, '贴梗海棠', NULL, '/校园植物62.jpg', NULL, NULL, NULL, NULL, NULL, NULL, NULL, NULL, NULL, NULL, NULL, NULL, NULL, NULL, NULL, NULL, '2021-11-09 19:52:05', '2019-01-01 00:00:00');
INSERT INTO `dt_article` VALUES (NULL, 9, 18, NULL, '紫玉兰', NULL, '/校园植物63.jpg', NULL, NULL, NULL, NULL, NULL, NULL, NULL, NULL, NULL, NULL, NULL, NULL, NULL, NULL, NULL, NULL, '2021-11-09 19:52:05', '2019-01-01 00:00:00');
INSERT INTO `dt_article` VALUES (NULL, 9, 18, NULL, '紫玉兰', NULL, '/校园植物64.jpg', NULL, NULL, NULL, NULL, NULL, NULL, NULL, NULL, NULL, NULL, NULL, NULL, NULL, NULL, NULL, NULL, '2021-11-09 19:52:05', '2019-01-01 00:00:00');
INSERT INTO `dt_article` VALUES (NULL, 9, 18, NULL, '金枝槐', NULL, '/校园植物65.jpg', NULL, NULL, NULL, NULL, NULL, NULL, NULL, NULL, NULL, NULL, NULL, NULL, NULL, NULL, NULL, NULL, '2021-11-09 19:52:05', '2019-01-01 00:00:00');
INSERT INTO `dt_article` VALUES (NULL, 9, 18, NULL, '金枝槐', NULL, '/校园植物66.jpg', NULL, NULL, NULL, NULL, NULL, NULL, NULL, NULL, NULL, NULL, NULL, NULL, NULL, NULL, NULL, NULL, '2021-11-09 19:52:05', '2019-01-01 00:00:00');
INSERT INTO `dt_article` VALUES (NULL, 9, 18, NULL, '山茶', NULL, '/校园植物67.jpg', NULL, NULL, NULL, NULL, NULL, NULL, NULL, NULL, NULL, NULL, NULL, NULL, NULL, NULL, NULL, NULL, '2021-11-09 19:52:05', '2019-01-01 00:00:00');
INSERT INTO `dt_article` VALUES (NULL, 9, 18, NULL, '山茶', NULL, '/校园植物68.jpg', NULL, NULL, NULL, NULL, NULL, NULL, NULL, NULL, NULL, NULL, NULL, NULL, NULL, NULL, NULL, NULL, '2021-11-09 19:52:05', '2019-01-01 00:00:00');
INSERT INTO `dt_article` VALUES (NULL, 9, 18, NULL, '山茶', NULL, '/校园植物69.jpg', NULL, NULL, NULL, NULL, NULL, NULL, NULL, NULL, NULL, NULL, NULL, NULL, NULL, NULL, NULL, NULL, '2021-11-09 19:52:05', '2019-01-01 00:00:00');
INSERT INTO `dt_article` VALUES (NULL, 9, 18, NULL, '枇杷', NULL, '/校园植物70.jpg', NULL, NULL, NULL, NULL, NULL, NULL, NULL, NULL, NULL, NULL, NULL, NULL, NULL, NULL, NULL, NULL, '2021-11-09 19:52:05', '2019-01-01 00:00:00');
INSERT INTO `dt_article` VALUES (NULL, 9, 18, NULL, '枇杷', NULL, '/校园植物71.jpg', NULL, NULL, NULL, NULL, NULL, NULL, NULL, NULL, NULL, NULL, NULL, NULL, NULL, NULL, NULL, NULL, '2021-11-09 19:52:05', '2019-01-01 00:00:00');
INSERT INTO `dt_article` VALUES (NULL, 9, 18, NULL, '枇杷', NULL, '/校园植物72.jpg', NULL, NULL, NULL, NULL, NULL, NULL, NULL, NULL, NULL, NULL, NULL, NULL, NULL, NULL, NULL, NULL, '2021-11-09 19:52:06', '2019-01-01 00:00:00');
INSERT INTO `dt_article` VALUES (NULL, 9, 18, NULL, '红叶石楠', NULL, '/校园植物73.jpg', NULL, NULL, NULL, NULL, NULL, NULL, NULL, NULL, NULL, NULL, NULL, NULL, NULL, NULL, NULL, NULL, '2021-11-09 19:52:06', '2019-01-01 00:00:00');
INSERT INTO `dt_article` VALUES (NULL, 9, 18, NULL, '红叶石楠', NULL, '/校园植物74.jpg', NULL, NULL, NULL, NULL, NULL, NULL, NULL, NULL, NULL, NULL, NULL, NULL, NULL, NULL, NULL, NULL, '2021-11-09 19:52:06', '2019-01-01 00:00:00');
INSERT INTO `dt_article` VALUES (NULL, 9, 18, NULL, '红叶石楠', NULL, '/校园植物75.jpg', NULL, NULL, NULL, NULL, NULL, NULL, NULL, NULL, NULL, NULL, NULL, NULL, NULL, NULL, NULL, NULL, '2021-11-09 19:52:06', '2019-01-01 00:00:00');
INSERT INTO `dt_article` VALUES (NULL, 9, 18, NULL, '桂花', NULL, '/校园植物76.jpg', NULL, NULL, NULL, NULL, NULL, NULL, NULL, NULL, NULL, NULL, NULL, NULL, NULL, NULL, NULL, NULL, '2021-11-09 19:52:06', '2019-01-01 00:00:00');
INSERT INTO `dt_article` VALUES (NULL, 9, 18, NULL, '桂花', NULL, '/校园植物77.jpg', NULL, NULL, NULL, NULL, NULL, NULL, NULL, NULL, NULL, NULL, NULL, NULL, NULL, NULL, NULL, NULL, '2021-11-09 19:52:06', '2019-01-01 00:00:00');
INSERT INTO `dt_article` VALUES (NULL, 9, 18, NULL, '桂花', NULL, '/校园植物78.jpg', NULL, NULL, NULL, NULL, NULL, NULL, NULL, NULL, NULL, NULL, NULL, NULL, NULL, NULL, NULL, NULL, '2021-11-09 19:52:06', '2019-01-01 00:00:00');
INSERT INTO `dt_article` VALUES (NULL, 9, 18, NULL, '二乔玉兰', NULL, '/校园植物79.jpg', NULL, NULL, NULL, NULL, NULL, NULL, NULL, NULL, NULL, NULL, NULL, NULL, NULL, NULL, NULL, NULL, '2021-11-09 19:52:06', '2019-01-01 00:00:00');
INSERT INTO `dt_article` VALUES (NULL, 9, 18, NULL, '二乔玉兰', NULL, '/校园植物80.jpg', NULL, NULL, NULL, NULL, NULL, NULL, NULL, NULL, NULL, NULL, NULL, NULL, NULL, NULL, NULL, NULL, '2021-11-09 19:52:06', '2019-01-01 00:00:00');
INSERT INTO `dt_article` VALUES (NULL, 9, 18, NULL, '玉兰', NULL, '/校园植物81.jpg', NULL, NULL, NULL, NULL, NULL, NULL, NULL, NULL, NULL, NULL, NULL, NULL, NULL, NULL, NULL, NULL, '2021-11-09 19:52:06', '2019-01-01 00:00:00');
INSERT INTO `dt_article` VALUES (NULL, 9, 18, NULL, '玉兰', NULL, '/校园植物82.jpg', NULL, NULL, NULL, NULL, NULL, NULL, NULL, NULL, NULL, NULL, NULL, NULL, NULL, NULL, NULL, NULL, '2021-11-09 19:52:06', '2019-01-01 00:00:00');
INSERT INTO `dt_article` VALUES (NULL, 9, 18, NULL, '玉兰', NULL, '/校园植物83.jpg', NULL, NULL, NULL, NULL, NULL, NULL, NULL, NULL, NULL, NULL, NULL, NULL, NULL, NULL, NULL, NULL, '2021-11-09 19:52:06', '2019-01-01 00:00:00');
INSERT INTO `dt_article` VALUES (NULL, 9, 18, NULL, '乌桕', NULL, '/校园植物84.jpg', NULL, NULL, NULL, NULL, NULL, NULL, NULL, NULL, NULL, NULL, NULL, NULL, NULL, NULL, NULL, NULL, '2021-11-09 19:52:06', '2019-01-01 00:00:00');
INSERT INTO `dt_article` VALUES (NULL, 9, 18, NULL, '乌桕', NULL, '/校园植物85.jpg', NULL, NULL, NULL, NULL, NULL, NULL, NULL, NULL, NULL, NULL, NULL, NULL, NULL, NULL, NULL, NULL, '2021-11-09 19:52:06', '2019-01-01 00:00:00');
INSERT INTO `dt_article` VALUES (NULL, 9, 18, NULL, '乌桕', NULL, '/校园植物86.jpg', NULL, NULL, NULL, NULL, NULL, NULL, NULL, NULL, NULL, NULL, NULL, NULL, NULL, NULL, NULL, NULL, '2021-11-09 19:52:06', '2019-01-01 00:00:00');
INSERT INTO `dt_article` VALUES (NULL, 9, 18, NULL, '枫香树', NULL, '/校园植物87.jpg', NULL, NULL, NULL, NULL, NULL, NULL, NULL, NULL, NULL, NULL, NULL, NULL, NULL, NULL, NULL, NULL, '2021-11-09 19:52:06', '2019-01-01 00:00:00');
INSERT INTO `dt_article` VALUES (NULL, 9, 18, NULL, '枫香树', NULL, '/校园植物88.jpg', NULL, NULL, NULL, NULL, NULL, NULL, NULL, NULL, NULL, NULL, NULL, NULL, NULL, NULL, NULL, NULL, '2021-11-09 19:52:06', '2019-01-01 00:00:00');
INSERT INTO `dt_article` VALUES (NULL, 9, 18, NULL, '三角槭', NULL, '/校园植物89.jpg', NULL, NULL, NULL, NULL, NULL, NULL, NULL, NULL, NULL, NULL, NULL, NULL, NULL, NULL, NULL, NULL, '2021-11-09 19:52:06', '2019-01-01 00:00:00');
INSERT INTO `dt_article` VALUES (NULL, 9, 18, NULL, '三角槭', NULL, '/校园植物90.jpg', NULL, NULL, NULL, NULL, NULL, NULL, NULL, NULL, NULL, NULL, NULL, NULL, NULL, NULL, NULL, NULL, '2021-11-09 19:52:06', '2019-01-01 00:00:00');
INSERT INTO `dt_article` VALUES (NULL, 9, 18, NULL, '垂柳', NULL, '/校园植物91.jpg', NULL, NULL, NULL, NULL, NULL, NULL, NULL, NULL, NULL, NULL, NULL, NULL, NULL, NULL, NULL, NULL, '2021-11-09 19:52:06', '2019-01-01 00:00:00');
INSERT INTO `dt_article` VALUES (NULL, 9, 18, NULL, '垂柳', NULL, '/校园植物92.jpg', NULL, NULL, NULL, NULL, NULL, NULL, NULL, NULL, NULL, NULL, NULL, NULL, NULL, NULL, NULL, NULL, '2021-11-09 19:52:06', '2019-01-01 00:00:00');
INSERT INTO `dt_article` VALUES (NULL, 9, 18, NULL, '合欢', NULL, '/校园植物93.jpg', NULL, NULL, NULL, NULL, NULL, NULL, NULL, NULL, NULL, NULL, NULL, NULL, NULL, NULL, NULL, NULL, '2021-11-09 19:52:06', '2019-01-01 00:00:00');
INSERT INTO `dt_article` VALUES (NULL, 9, 18, NULL, '合欢', NULL, '/校园植物94.jpg', NULL, NULL, NULL, NULL, NULL, NULL, NULL, NULL, NULL, NULL, NULL, NULL, NULL, NULL, NULL, NULL, '2021-11-09 19:52:06', '2019-01-01 00:00:00');
INSERT INTO `dt_article` VALUES (NULL, 9, 18, NULL, '合欢', NULL, '/校园植物95.jpg', NULL, NULL, NULL, NULL, NULL, NULL, NULL, NULL, NULL, NULL, NULL, NULL, NULL, NULL, NULL, NULL, '2021-11-09 19:52:07', '2019-01-01 00:00:00');
INSERT INTO `dt_article` VALUES (NULL, 9, 18, NULL, '槐', NULL, '/校园植物96.jpg', NULL, NULL, NULL, NULL, NULL, NULL, NULL, NULL, NULL, NULL, NULL, NULL, NULL, NULL, NULL, NULL, '2021-11-09 19:52:07', '2019-01-01 00:00:00');
INSERT INTO `dt_article` VALUES (NULL, 9, 18, NULL, '悬铃木', NULL, '/校园植物97.jpg', NULL, NULL, NULL, NULL, NULL, NULL, NULL, NULL, NULL, NULL, NULL, NULL, NULL, NULL, NULL, NULL, '2021-11-09 19:52:07', '2019-01-01 00:00:00');
INSERT INTO `dt_article` VALUES (NULL, 9, 18, NULL, '悬铃木', NULL, '/校园植物98.jpg', NULL, NULL, NULL, NULL, NULL, NULL, NULL, NULL, NULL, NULL, NULL, NULL, NULL, NULL, NULL, NULL, '2021-11-09 19:52:07', '2019-01-01 00:00:00');
INSERT INTO `dt_article` VALUES (NULL, 9, 18, NULL, '朴树', NULL, '/校园植物99.jpg', NULL, NULL, NULL, NULL, NULL, NULL, NULL, NULL, NULL, NULL, NULL, NULL, NULL, NULL, NULL, NULL, '2021-11-09 19:52:07', '2019-01-01 00:00:00');
INSERT INTO `dt_article` VALUES (NULL, 9, 18, NULL, '朴树', NULL, '/校园植物100.jpg', NULL, NULL, NULL, NULL, NULL, NULL, NULL, NULL, NULL, NULL, NULL, NULL, NULL, NULL, NULL, NULL, '2021-11-09 19:52:07', '2019-01-01 00:00:00');
INSERT INTO `dt_article` VALUES (NULL, 9, 18, NULL, '无患子', NULL, '/校园植物101.jpg', NULL, NULL, NULL, NULL, NULL, NULL, NULL, NULL, NULL, NULL, NULL, NULL, NULL, NULL, NULL, NULL, '2021-11-09 19:52:07', '2019-01-01 00:00:00');
INSERT INTO `dt_article` VALUES (NULL, 9, 18, NULL, '无患子', NULL, '/校园植物102.jpg', NULL, NULL, NULL, NULL, NULL, NULL, NULL, NULL, NULL, NULL, NULL, NULL, NULL, NULL, NULL, NULL, '2021-11-09 19:52:07', '2019-01-01 00:00:00');
INSERT INTO `dt_article` VALUES (NULL, 9, 18, NULL, '黄山栾树', NULL, '/校园植物103.jpg', NULL, NULL, NULL, NULL, NULL, NULL, NULL, NULL, NULL, NULL, NULL, NULL, NULL, NULL, NULL, NULL, '2021-11-09 19:52:07', '2019-01-01 00:00:00');
INSERT INTO `dt_article` VALUES (NULL, 9, 18, NULL, '黄山栾树', NULL, '/校园植物104.jpg', NULL, NULL, NULL, NULL, NULL, NULL, NULL, NULL, NULL, NULL, NULL, NULL, NULL, NULL, NULL, NULL, '2021-11-09 19:52:07', '2019-01-01 00:00:00');
INSERT INTO `dt_article` VALUES (NULL, 9, 18, NULL, '黄山栾树', NULL, '/校园植物105.jpg', NULL, NULL, NULL, NULL, NULL, NULL, NULL, NULL, NULL, NULL, NULL, NULL, NULL, NULL, NULL, NULL, '2021-11-09 19:52:07', '2019-01-01 00:00:00');
INSERT INTO `dt_article` VALUES (NULL, 9, 18, NULL, '榉树', NULL, '/校园植物106.jpg', NULL, NULL, NULL, NULL, NULL, NULL, NULL, NULL, NULL, NULL, NULL, NULL, NULL, NULL, NULL, NULL, '2021-11-09 19:52:07', '2019-01-01 00:00:00');
INSERT INTO `dt_article` VALUES (NULL, 9, 18, NULL, '榉树', NULL, '/校园植物107.jpg', NULL, NULL, NULL, NULL, NULL, NULL, NULL, NULL, NULL, NULL, NULL, NULL, NULL, NULL, NULL, NULL, '2021-11-09 19:52:07', '2019-01-01 00:00:00');
INSERT INTO `dt_article` VALUES (NULL, 9, 18, NULL, '银杏', NULL, '/校园植物108.jpg', NULL, NULL, NULL, NULL, NULL, NULL, NULL, NULL, NULL, NULL, NULL, NULL, NULL, NULL, NULL, NULL, '2021-11-09 19:52:07', '2019-01-01 00:00:00');
INSERT INTO `dt_article` VALUES (NULL, 9, 18, NULL, '银杏', NULL, '/校园植物109.jpg', NULL, NULL, NULL, NULL, NULL, NULL, NULL, NULL, NULL, NULL, NULL, NULL, NULL, NULL, NULL, NULL, '2021-11-09 19:52:07', '2019-01-01 00:00:00');
INSERT INTO `dt_article` VALUES (NULL, 9, 18, NULL, '银杏', NULL, '/校园植物110.jpg', NULL, NULL, NULL, NULL, NULL, NULL, NULL, NULL, NULL, NULL, NULL, NULL, NULL, NULL, NULL, NULL, '2021-11-09 19:52:07', '2019-01-01 00:00:00');
INSERT INTO `dt_article` VALUES (NULL, 9, 18, NULL, '池杉', NULL, '/校园植物111.jpg', NULL, NULL, NULL, NULL, NULL, NULL, NULL, NULL, NULL, NULL, NULL, NULL, NULL, NULL, NULL, NULL, '2021-11-09 19:52:07', '2019-01-01 00:00:00');
INSERT INTO `dt_article` VALUES (NULL, 9, 18, NULL, '池杉', NULL, '/校园植物112.jpg', NULL, NULL, NULL, NULL, NULL, NULL, NULL, NULL, NULL, NULL, NULL, NULL, NULL, NULL, NULL, NULL, '2021-11-09 19:52:07', '2019-01-01 00:00:00');
INSERT INTO `dt_article` VALUES (NULL, 9, 18, NULL, '水杉', NULL, '/校园植物113.jpg', NULL, NULL, NULL, NULL, NULL, NULL, NULL, NULL, NULL, NULL, NULL, NULL, NULL, NULL, NULL, NULL, '2021-11-09 19:52:07', '2019-01-01 00:00:00');
INSERT INTO `dt_article` VALUES (NULL, 9, 18, NULL, '水杉', NULL, '/校园植物114.jpg', NULL, NULL, NULL, NULL, NULL, NULL, NULL, NULL, NULL, NULL, NULL, NULL, NULL, NULL, NULL, NULL, '2021-11-09 19:52:08', '2019-01-01 00:00:00');
INSERT INTO `dt_article` VALUES (NULL, 9, 18, NULL, '墨西哥落羽杉', NULL, '/校园植物115.jpg', NULL, NULL, NULL, NULL, NULL, NULL, NULL, NULL, NULL, NULL, NULL, NULL, NULL, NULL, NULL, NULL, '2021-11-09 19:52:08', '2019-01-01 00:00:00');
INSERT INTO `dt_article` VALUES (NULL, 9, 18, NULL, '墨西哥落羽杉', NULL, '/校园植物116.jpg', NULL, NULL, NULL, NULL, NULL, NULL, NULL, NULL, NULL, NULL, NULL, NULL, NULL, NULL, NULL, NULL, '2021-11-09 19:52:08', '2019-01-01 00:00:00');
INSERT INTO `dt_article` VALUES (NULL, 9, 18, NULL, '杜英', NULL, '/校园植物117.jpg', NULL, NULL, NULL, NULL, NULL, NULL, NULL, NULL, NULL, NULL, NULL, NULL, NULL, NULL, NULL, NULL, '2021-11-09 19:52:08', '2019-01-01 00:00:00');
INSERT INTO `dt_article` VALUES (NULL, 9, 18, NULL, '杜英', NULL, '/校园植物118.jpg', NULL, NULL, NULL, NULL, NULL, NULL, NULL, NULL, NULL, NULL, NULL, NULL, NULL, NULL, NULL, NULL, '2021-11-09 19:52:08', '2019-01-01 00:00:00');
INSERT INTO `dt_article` VALUES (NULL, 9, 18, NULL, '杜英', NULL, '/校园植物119.jpg', NULL, NULL, NULL, NULL, NULL, NULL, NULL, NULL, NULL, NULL, NULL, NULL, NULL, NULL, NULL, NULL, '2021-11-09 19:52:08', '2019-01-01 00:00:00');
INSERT INTO `dt_article` VALUES (NULL, 9, 18, NULL, '荷花玉兰', NULL, '/校园植物120.jpg', NULL, NULL, NULL, NULL, NULL, NULL, NULL, NULL, NULL, NULL, NULL, NULL, NULL, NULL, NULL, NULL, '2021-11-09 19:52:08', '2019-01-01 00:00:00');
INSERT INTO `dt_article` VALUES (NULL, 9, 18, NULL, '荷花玉兰', NULL, '/校园植物121.jpg', NULL, NULL, NULL, NULL, NULL, NULL, NULL, NULL, NULL, NULL, NULL, NULL, NULL, NULL, NULL, NULL, '2021-11-09 19:52:08', '2019-01-01 00:00:00');
INSERT INTO `dt_article` VALUES (NULL, 9, 18, NULL, '乐昌含笑', NULL, '/校园植物122.jpg', NULL, NULL, NULL, NULL, NULL, NULL, NULL, NULL, NULL, NULL, NULL, NULL, NULL, NULL, NULL, NULL, '2021-11-09 19:52:08', '2019-01-01 00:00:00');
INSERT INTO `dt_article` VALUES (NULL, 9, 18, NULL, '棕榈', NULL, '/校园植物123.jpg', NULL, NULL, NULL, NULL, NULL, NULL, NULL, NULL, NULL, NULL, NULL, NULL, NULL, NULL, NULL, NULL, '2021-11-09 19:52:08', '2019-01-01 00:00:00');
INSERT INTO `dt_article` VALUES (NULL, 9, 18, NULL, '棕榈', NULL, '/校园植物124.jpg', NULL, NULL, NULL, NULL, NULL, NULL, NULL, NULL, NULL, NULL, NULL, NULL, NULL, NULL, NULL, NULL, '2021-11-09 19:52:08', '2019-01-01 00:00:00');
INSERT INTO `dt_article` VALUES (NULL, 9, 18, NULL, '棕榈', NULL, '/校园植物125.jpg', NULL, NULL, NULL, NULL, NULL, NULL, NULL, NULL, NULL, NULL, NULL, NULL, NULL, NULL, NULL, NULL, '2021-11-09 19:52:08', '2019-01-01 00:00:00');
INSERT INTO `dt_article` VALUES (NULL, 9, 18, NULL, '女贞', NULL, '/校园植物126.jpg', NULL, NULL, NULL, NULL, NULL, NULL, NULL, NULL, NULL, NULL, NULL, NULL, NULL, NULL, NULL, NULL, '2021-11-09 19:52:08', '2019-01-01 00:00:00');
INSERT INTO `dt_article` VALUES (NULL, 9, 18, NULL, '女贞', NULL, '/校园植物127.jpg', NULL, NULL, NULL, NULL, NULL, NULL, NULL, NULL, NULL, NULL, NULL, NULL, NULL, NULL, NULL, NULL, '2021-11-09 19:52:08', '2019-01-01 00:00:00');
INSERT INTO `dt_article` VALUES (NULL, 9, 18, NULL, '樟', NULL, '/校园植物128.jpg', NULL, NULL, NULL, NULL, NULL, NULL, NULL, NULL, NULL, NULL, NULL, NULL, NULL, NULL, NULL, NULL, '2021-11-09 19:52:08', '2019-01-01 00:00:00');
INSERT INTO `dt_article` VALUES (NULL, 9, 18, NULL, '樟', NULL, '/校园植物129.jpg', NULL, NULL, NULL, NULL, NULL, NULL, NULL, NULL, NULL, NULL, NULL, NULL, NULL, NULL, NULL, NULL, '2021-11-09 19:52:08', '2019-01-01 00:00:00');
INSERT INTO `dt_article` VALUES (NULL, 9, 18, NULL, '樟', NULL, '/校园植物130.jpg', NULL, NULL, NULL, NULL, NULL, NULL, NULL, NULL, NULL, NULL, NULL, NULL, NULL, NULL, NULL, NULL, '2021-11-09 19:52:09', '2019-01-01 00:00:00');
INSERT INTO `dt_article` VALUES (NULL, 9, 18, NULL, '雪松', NULL, '/校园植物131.jpg', NULL, NULL, NULL, NULL, NULL, NULL, NULL, NULL, NULL, NULL, NULL, NULL, NULL, NULL, NULL, NULL, '2021-11-09 19:52:09', '2019-01-01 00:00:00');
INSERT INTO `dt_article` VALUES (NULL, 9, 18, NULL, '雪松', NULL, '/校园植物132.jpg', NULL, NULL, NULL, NULL, NULL, NULL, NULL, NULL, NULL, NULL, NULL, NULL, NULL, NULL, NULL, NULL, '2021-11-09 19:52:09', '2019-01-01 00:00:00');
INSERT INTO `dt_article` VALUES (NULL, 9, 18, NULL, '湿地松', NULL, '/校园植物133.jpg', NULL, NULL, NULL, NULL, NULL, NULL, NULL, NULL, NULL, NULL, NULL, NULL, NULL, NULL, NULL, NULL, '2021-11-09 19:52:09', '2019-01-01 00:00:00');
INSERT INTO `dt_article` VALUES (NULL, 9, 18, NULL, '湿地松', NULL, '/校园植物134.jpg', NULL, NULL, NULL, NULL, NULL, NULL, NULL, NULL, NULL, NULL, NULL, NULL, NULL, NULL, NULL, NULL, '2021-11-09 19:52:09', '2019-01-01 00:00:00');

-- ----------------------------
-- Table structure for dt_article_albums
-- ----------------------------
DROP TABLE IF EXISTS `dt_article_albums`;
CREATE TABLE `dt_article_albums`  (
  `id` int(11) NULL DEFAULT NULL,
  `article_id` int(11) NULL DEFAULT NULL,
  `thumb_path` varchar(255) CHARACTER SET utf8 COLLATE utf8_general_ci NULL DEFAULT NULL,
  `original_path` varchar(255) CHARACTER SET utf8 COLLATE utf8_general_ci NULL DEFAULT NULL,
  `remark` varchar(255) CHARACTER SET utf8 COLLATE utf8_general_ci NULL DEFAULT NULL,
  `add_time` timestamp NOT NULL DEFAULT CURRENT_TIMESTAMP ON UPDATE CURRENT_TIMESTAMP
) ENGINE = InnoDB AVG_ROW_LENGTH = 212 CHARACTER SET = utf8 COLLATE = utf8_general_ci ROW_FORMAT = DYNAMIC;

-- ----------------------------
-- Records of dt_article_albums
-- ----------------------------
INSERT INTO `dt_article_albums` VALUES (4, 37, '/upload/201504/18/thumb_201504181230434303.jpg', '/upload/201504/18/201504181230434303.jpg', '', '2015-04-18 12:30:47');
INSERT INTO `dt_article_albums` VALUES (5, 37, '/upload/201504/18/thumb_201504181230437111.jpg', '/upload/201504/18/201504181230437111.jpg', '', '2015-04-18 12:30:47');
INSERT INTO `dt_article_albums` VALUES (6, 37, '/upload/201504/18/thumb_201504181230439139.jpg', '/upload/201504/18/201504181230439139.jpg', '', '2015-04-18 12:30:47');
INSERT INTO `dt_article_albums` VALUES (7, 37, '/upload/201504/18/thumb_201504181230440387.jpg', '/upload/201504/18/201504181230440387.jpg', '', '2015-04-18 12:30:47');
INSERT INTO `dt_article_albums` VALUES (8, 37, '/upload/201504/18/thumb_201504181230444755.jpg', '/upload/201504/18/201504181230444755.jpg', '', '2015-04-18 12:30:47');
INSERT INTO `dt_article_albums` VALUES (9, 38, '/upload/201504/18/thumb_201504181237019134.jpg', '/upload/201504/18/201504181237019134.jpg', '', '2015-04-18 12:37:15');
INSERT INTO `dt_article_albums` VALUES (10, 38, '/upload/201504/18/thumb_201504181237020070.jpg', '/upload/201504/18/201504181237020070.jpg', '', '2015-04-18 12:37:15');
INSERT INTO `dt_article_albums` VALUES (11, 38, '/upload/201504/18/thumb_201504181237021942.jpg', '/upload/201504/18/201504181237021942.jpg', '', '2015-04-18 12:37:15');
INSERT INTO `dt_article_albums` VALUES (12, 38, '/upload/201504/18/thumb_201504181237023658.jpg', '/upload/201504/18/201504181237023658.jpg', '', '2015-04-18 12:37:15');
INSERT INTO `dt_article_albums` VALUES (13, 38, '/upload/201504/18/thumb_201504181237029898.jpg', '/upload/201504/18/201504181237029898.jpg', '', '2015-04-18 12:37:15');
INSERT INTO `dt_article_albums` VALUES (14, 39, '/upload/201504/18/thumb_201504181241259978.jpg', '/upload/201504/18/201504181241259978.jpg', '', '2015-04-18 12:41:33');
INSERT INTO `dt_article_albums` VALUES (15, 39, '/upload/201504/18/thumb_201504181241262318.jpg', '/upload/201504/18/201504181241262318.jpg', '', '2015-04-18 12:41:33');
INSERT INTO `dt_article_albums` VALUES (16, 39, '/upload/201504/18/thumb_201504181241264190.jpg', '/upload/201504/18/201504181241264190.jpg', '', '2015-04-18 12:41:33');
INSERT INTO `dt_article_albums` VALUES (17, 39, '/upload/201504/18/thumb_201504181241265438.jpg', '/upload/201504/18/201504181241265438.jpg', '', '2015-04-18 12:41:34');
INSERT INTO `dt_article_albums` VALUES (18, 39, '/upload/201504/18/thumb_201504181241266686.jpg', '/upload/201504/18/201504181241266686.jpg', '', '2015-04-18 12:41:34');
INSERT INTO `dt_article_albums` VALUES (19, 39, '/upload/201504/18/thumb_201504181241268246.jpg', '/upload/201504/18/201504181241268246.jpg', '', '2015-04-18 12:41:34');
INSERT INTO `dt_article_albums` VALUES (20, 39, '/upload/201504/18/thumb_201504181241270898.jpg', '/upload/201504/18/201504181241270898.jpg', '', '2015-04-18 12:41:34');
INSERT INTO `dt_article_albums` VALUES (21, 40, '/upload/201504/18/thumb_201504181246376332.jpg', '/upload/201504/18/201504181246376332.jpg', '', '2015-04-18 12:46:47');
INSERT INTO `dt_article_albums` VALUES (22, 40, '/upload/201504/18/thumb_201504181246378360.jpg', '/upload/201504/18/201504181246378360.jpg', '', '2015-04-18 12:46:47');
INSERT INTO `dt_article_albums` VALUES (23, 40, '/upload/201504/18/thumb_201504181246381948.jpg', '/upload/201504/18/201504181246381948.jpg', '', '2015-04-18 12:46:47');
INSERT INTO `dt_article_albums` VALUES (24, 40, '/upload/201504/18/thumb_201504181246383508.jpg', '/upload/201504/18/201504181246383508.jpg', '', '2015-04-18 12:46:47');
INSERT INTO `dt_article_albums` VALUES (25, 41, '/upload/201504/18/thumb_201504181252033785.jpg', '/upload/201504/18/201504181252033785.jpg', '', '2015-04-18 12:52:21');
INSERT INTO `dt_article_albums` VALUES (26, 41, '/upload/201504/18/thumb_201504181252034877.jpg', '/upload/201504/18/201504181252034877.jpg', '', '2015-04-18 12:52:21');
INSERT INTO `dt_article_albums` VALUES (27, 41, '/upload/201504/18/thumb_201504181252036437.jpg', '/upload/201504/18/201504181252036437.jpg', '', '2015-04-18 12:52:21');
INSERT INTO `dt_article_albums` VALUES (28, 41, '/upload/201504/18/thumb_201504181252040962.jpg', '/upload/201504/18/201504181252040962.jpg', '', '2015-04-18 12:52:21');
INSERT INTO `dt_article_albums` VALUES (29, 42, '/upload/201504/18/thumb_201504181255546022.jpg', '/upload/201504/18/201504181255546022.jpg', '', '2015-04-18 12:55:55');
INSERT INTO `dt_article_albums` VALUES (30, 42, '/upload/201504/18/thumb_201504181255546646.jpg', '/upload/201504/18/201504181255546646.jpg', '', '2015-04-18 12:55:55');
INSERT INTO `dt_article_albums` VALUES (31, 42, '/upload/201504/18/thumb_201504181255552730.jpg', '/upload/201504/18/201504181255552730.jpg', '', '2015-04-18 12:55:55');
INSERT INTO `dt_article_albums` VALUES (32, 43, '/upload/201504/18/thumb_201504181258575445.jpg', '/upload/201504/18/201504181258575445.jpg', '', '2015-04-18 12:59:09');
INSERT INTO `dt_article_albums` VALUES (33, 43, '/upload/201504/18/thumb_201504181258580562.jpg', '/upload/201504/18/201504181258580562.jpg', '', '2015-04-18 12:59:09');
INSERT INTO `dt_article_albums` VALUES (34, 43, '/upload/201504/18/thumb_201504181258586174.jpg', '/upload/201504/18/201504181258586174.jpg', '', '2015-04-18 12:59:09');
INSERT INTO `dt_article_albums` VALUES (35, 44, '/upload/201504/18/thumb_201504181343191605.jpg', '/upload/201504/18/201504181343191605.jpg', '', '2015-04-18 13:43:18');
INSERT INTO `dt_article_albums` VALUES (36, 44, '/upload/201504/18/thumb_201504181343192455.jpg', '/upload/201504/18/201504181343192455.jpg', '', '2015-04-18 13:43:18');
INSERT INTO `dt_article_albums` VALUES (37, 45, '/upload/201504/18/thumb_201504181347324908.jpg', '/upload/201504/18/201504181347324908.jpg', '', '2015-04-18 13:47:33');
INSERT INTO `dt_article_albums` VALUES (38, 45, '/upload/201504/18/thumb_201504181347330156.jpg', '/upload/201504/18/201504181347330156.jpg', '', '2015-04-18 13:47:33');
INSERT INTO `dt_article_albums` VALUES (39, 46, '/upload/201504/18/thumb_201504181350088573.jpg', '/upload/201504/18/201504181350088573.jpg', '', '2015-04-18 13:50:07');
INSERT INTO `dt_article_albums` VALUES (40, 46, '/upload/201504/18/thumb_201504181350094036.jpg', '/upload/201504/18/201504181350094036.jpg', '', '2015-04-18 13:50:08');
INSERT INTO `dt_article_albums` VALUES (41, 47, '/upload/201504/18/thumb_201504181353090559.jpg', '/upload/201504/18/201504181353090559.jpg', '', '2015-04-18 13:53:09');
INSERT INTO `dt_article_albums` VALUES (42, 47, '/upload/201504/18/thumb_201504181353096645.jpg', '/upload/201504/18/201504181353096645.jpg', '', '2015-04-18 13:53:09');
INSERT INTO `dt_article_albums` VALUES (43, 48, '/upload/201504/18/thumb_201504181356412687.jpg', '/upload/201504/18/201504181356412687.jpg', '', '2015-04-18 13:57:00');
INSERT INTO `dt_article_albums` VALUES (44, 48, '/upload/201504/18/thumb_201504181356417887.jpg', '/upload/201504/18/201504181356417887.jpg', '', '2015-04-18 13:57:00');
INSERT INTO `dt_article_albums` VALUES (45, 49, '/upload/201504/18/thumb_201504181404061134.jpg', '/upload/201504/18/201504181404061134.jpg', '', '2015-04-18 14:04:13');
INSERT INTO `dt_article_albums` VALUES (46, 49, '/upload/201504/18/thumb_201504181404062204.jpg', '/upload/201504/18/201504181404062204.jpg', '', '2015-04-18 14:04:13');
INSERT INTO `dt_article_albums` VALUES (47, 49, '/upload/201504/18/thumb_201504181404066434.jpg', '/upload/201504/18/201504181404066434.jpg', '', '2015-04-18 14:04:13');
INSERT INTO `dt_article_albums` VALUES (48, 50, '/upload/201504/18/thumb_201504181416245191.jpg', '/upload/201504/18/201504181416245191.jpg', '', '2015-04-18 14:17:36');
INSERT INTO `dt_article_albums` VALUES (49, 50, '/upload/201504/18/thumb_201504181416251481.jpg', '/upload/201504/18/201504181416251481.jpg', '', '2015-04-18 14:17:36');
INSERT INTO `dt_article_albums` VALUES (50, 51, '/upload/201504/18/thumb_201504181420529760.jpg', '/upload/201504/18/201504181420529760.jpg', '', '2015-04-18 14:20:57');
INSERT INTO `dt_article_albums` VALUES (51, 51, '/upload/201504/18/thumb_201504181420530761.jpg', '/upload/201504/18/201504181420530761.jpg', '', '2015-04-18 14:20:57');
INSERT INTO `dt_article_albums` VALUES (52, 51, '/upload/201504/18/thumb_201504181420533291.jpg', '/upload/201504/18/201504181420533291.jpg', '', '2015-04-18 14:20:57');
INSERT INTO `dt_article_albums` VALUES (53, 52, '/upload/201504/18/thumb_201504181426524427.jpg', '/upload/201504/18/201504181426524427.jpg', '', '2015-04-18 14:27:02');
INSERT INTO `dt_article_albums` VALUES (54, 52, '/upload/201504/18/thumb_201504181426525744.jpg', '/upload/201504/18/201504181426525744.jpg', '', '2015-04-18 14:27:02');
INSERT INTO `dt_article_albums` VALUES (55, 52, '/upload/201504/18/thumb_201504181426531161.jpg', '/upload/201504/18/201504181426531161.jpg', '', '2015-04-18 14:27:02');
INSERT INTO `dt_article_albums` VALUES (56, 53, '/upload/201504/18/thumb_201504181431411505.jpg', '/upload/201504/18/201504181431411505.jpg', '', '2015-04-18 14:31:40');
INSERT INTO `dt_article_albums` VALUES (57, 53, '/upload/201504/18/thumb_201504181431416818.jpg', '/upload/201504/18/201504181431416818.jpg', '', '2015-04-18 14:31:40');
INSERT INTO `dt_article_albums` VALUES (58, 87, '/机器人国三.jpg', '/upload/201504/20/201504200046589514.jpg', '', '2021-10-26 18:48:29');
INSERT INTO `dt_article_albums` VALUES (59, 87, '/机器人省一.jpg', '/upload/201504/20/201504200046594439.jpg', '', '2021-10-26 20:37:52');
INSERT INTO `dt_article_albums` VALUES (60, 88, '/upload/201504/20/thumb_201504200059017695.jpg', '/upload/201504/20/201504200059017695.jpg', '', '2015-04-20 01:00:59');
INSERT INTO `dt_article_albums` VALUES (61, 88, '/upload/201504/20/thumb_201504200059022920.jpg', '/upload/201504/20/201504200059022920.jpg', '', '2015-04-20 01:00:59');
INSERT INTO `dt_article_albums` VALUES (62, 89, '/upload/201504/20/thumb_201504200119256512.jpg', '/upload/201504/20/201504200119256512.jpg', '', '2015-04-20 01:19:30');
INSERT INTO `dt_article_albums` VALUES (63, 89, '/upload/201504/20/thumb_201504200119262837.jpg', '/upload/201504/20/201504200119262837.jpg', '', '2015-04-20 01:19:31');
INSERT INTO `dt_article_albums` VALUES (64, 90, '/upload/201504/20/thumb_201504200154277661.jpg', '/upload/201504/20/201504200154277661.jpg', '', '2015-04-20 01:54:37');
INSERT INTO `dt_article_albums` VALUES (65, 90, '/upload/201504/20/thumb_201504200154282586.jpg', '/upload/201504/20/201504200154282586.jpg', '', '2015-04-20 01:54:37');
INSERT INTO `dt_article_albums` VALUES (66, 91, '/upload/201504/20/thumb_201504200214466608.jpg', '/upload/201504/20/201504200214466608.jpg', '', '2015-04-20 02:14:52');
INSERT INTO `dt_article_albums` VALUES (67, 91, '/upload/201504/20/thumb_201504200214471783.jpg', '/upload/201504/20/201504200214471783.jpg', '', '2015-04-20 02:14:52');
INSERT INTO `dt_article_albums` VALUES (68, 92, '/upload/201504/20/thumb_201504200225100165.jpg', '/upload/201504/20/201504200225100165.jpg', '', '2015-04-20 02:25:14');
INSERT INTO `dt_article_albums` VALUES (69, 92, '/upload/201504/20/thumb_201504200225107390.jpg', '/upload/201504/20/201504200225107390.jpg', '', '2015-04-20 02:25:14');
INSERT INTO `dt_article_albums` VALUES (70, 93, '/upload/201504/20/thumb_201504200233019087.jpg', '/upload/201504/20/201504200233019087.jpg', '', '2015-04-20 02:33:06');
INSERT INTO `dt_article_albums` VALUES (71, 93, '/upload/201504/20/thumb_201504200233024338.jpg', '/upload/201504/20/201504200233024338.jpg', '', '2015-04-20 02:33:06');
INSERT INTO `dt_article_albums` VALUES (72, 94, '/upload/201504/20/thumb_201504200239192345.jpg', '/upload/201504/20/201504200239192345.jpg', '', '2015-04-20 02:39:33');
INSERT INTO `dt_article_albums` VALUES (73, 94, '/upload/201504/20/thumb_201504200239197670.jpg', '/upload/201504/20/201504200239197670.jpg', '', '2015-04-20 02:39:33');
INSERT INTO `dt_article_albums` VALUES (74, 95, '/upload/201504/20/thumb_201504200242250674.jpg', '/upload/201504/20/201504200242250674.jpg', '', '2015-04-20 02:43:39');
INSERT INTO `dt_article_albums` VALUES (75, 96, '/upload/201504/20/thumb_201504200253026047.jpg', '/upload/201504/20/201504200253026047.jpg', '', '2015-04-20 02:53:07');
INSERT INTO `dt_article_albums` VALUES (76, 97, '/upload/201504/20/thumb_201504200258403759.jpg', '/upload/201504/20/201504200258403759.jpg', '', '2015-04-20 03:01:39');
INSERT INTO `dt_article_albums` VALUES (77, 98, '/upload/201504/20/thumb_201504200314272543.jpg', '/upload/201504/20/201504200314272543.jpg', '', '2015-04-20 03:14:44');
INSERT INTO `dt_article_albums` VALUES (78, 99, '/upload/201504/20/thumb_201504200318534459.jpg', '/upload/201504/20/201504200318534459.jpg', '', '2015-04-20 03:19:49');
INSERT INTO `dt_article_albums` VALUES (79, 100, '/upload/201504/20/thumb_201504200327369421.jpg', '/upload/201504/20/201504200327369421.jpg', '', '2015-04-20 03:27:40');
INSERT INTO `dt_article_albums` VALUES (80, 101, '/upload/201504/20/thumb_201504200333240710.jpg', '/upload/201504/20/201504200333240710.jpg', '', '2015-04-20 03:34:56');

-- ----------------------------
-- Table structure for dt_article_attach
-- ----------------------------
DROP TABLE IF EXISTS `dt_article_attach`;
CREATE TABLE `dt_article_attach`  (
  `id` int(11) NULL DEFAULT NULL,
  `article_id` int(11) NULL DEFAULT NULL,
  `file_name` varchar(255) CHARACTER SET utf8 COLLATE utf8_general_ci NULL DEFAULT NULL,
  `file_path` varchar(255) CHARACTER SET utf8 COLLATE utf8_general_ci NULL DEFAULT NULL,
  `file_size` int(11) NULL DEFAULT NULL,
  `file_ext` varchar(20) CHARACTER SET utf8 COLLATE utf8_general_ci NULL DEFAULT NULL,
  `down_num` int(11) NULL DEFAULT NULL,
  `point` int(11) NULL DEFAULT NULL,
  `add_time` timestamp NOT NULL DEFAULT CURRENT_TIMESTAMP ON UPDATE CURRENT_TIMESTAMP
) ENGINE = InnoDB AVG_ROW_LENGTH = 1092 CHARACTER SET = utf8 COLLATE = utf8_general_ci ROW_FORMAT = DYNAMIC;

-- ----------------------------
-- Records of dt_article_attach
-- ----------------------------
INSERT INTO `dt_article_attach` VALUES (1, 56, '干净整洁的绿色扁平化UI套件(PSD).zip', '/upload/201504/18/201504182311117470.zip', 608, 'zip', 0, 0, '2015-04-18 23:11:17');
INSERT INTO `dt_article_attach` VALUES (2, 57, 'jqueryrotate制作机锋网积分抽奖效果.zip', '/upload/201504/18/201504182322569933.zip', 217, 'zip', 0, 1, '2015-04-18 23:24:50');
INSERT INTO `dt_article_attach` VALUES (3, 58, 'jQThumb – jQuery缩略图插件.zip', '/upload/201504/18/201504182330109147.zip', 772, 'zip', 0, 0, '2015-04-18 23:37:52');
INSERT INTO `dt_article_attach` VALUES (4, 59, 'Tipso – 轻巧的jQuery提示框插件.zip', '/upload/201504/18/201504182342075293.zip', 41, 'zip', 0, 0, '2015-04-18 23:46:59');
INSERT INTO `dt_article_attach` VALUES (5, 60, 'ck_slide – 简单的jQuery幻灯片插件.zip', '/upload/201504/18/201504182357255775.zip', 544, 'zip', 0, 0, '2015-04-18 23:57:33');
INSERT INTO `dt_article_attach` VALUES (6, 61, 'WOW.js – 让页面滚动更有趣.zip', '/upload/201504/19/201504190003237865.zip', 16, 'zip', 0, 0, '2015-04-19 00:03:24');
INSERT INTO `dt_article_attach` VALUES (7, 62, '12个丰富多彩的图标PSD素材.zip', '/upload/201504/19/201504190022397292.zip', 120, 'zip', 0, 0, '2015-04-19 00:25:16');
INSERT INTO `dt_article_attach` VALUES (8, 63, '六边形上传按钮PSD源文件下载.zip', '/upload/201504/19/201504190030190442.zip', 559, 'zip', 0, 0, '2015-04-19 00:33:24');
INSERT INTO `dt_article_attach` VALUES (9, 64, 'Linecons – 48个免费矢量图标.rar', '/upload/201504/19/201504190039107074.rar', 67, 'rar', 0, 0, '2015-04-19 00:39:16');
INSERT INTO `dt_article_attach` VALUES (10, 65, '30个IOS7风格简洁线条图标PSD素材.zip', '/upload/201504/19/201504190048014374.zip', 238, 'zip', 0, 0, '2015-04-19 00:48:01');
INSERT INTO `dt_article_attach` VALUES (11, 66, '腾讯游戏盒子2013官网页面html代码.zip', '/upload/201504/19/201504190053004277.zip', 105, 'zip', 1, 0, '2015-04-19 00:53:01');
INSERT INTO `dt_article_attach` VALUES (12, 67, '简单的描边图标.zip', '/upload/201504/19/201504190056330184.zip', 101, 'zip', 0, 0, '2015-04-19 00:56:34');
INSERT INTO `dt_article_attach` VALUES (13, 68, '百度百科2014新首页幻灯片.zip', '/upload/201504/19/201504190101129112.zip', 353, 'zip', 0, 0, '2015-04-19 01:08:29');
INSERT INTO `dt_article_attach` VALUES (14, 69, 'polyfill.zip', '/upload/201504/19/201504190111527909.zip', 206, 'zip', 0, 0, '2015-04-19 01:11:53');
INSERT INTO `dt_article_attach` VALUES (15, 70, 'PgwMenu – jQueryZepto响应式菜单.zip', '/upload/201504/19/201504190121229928.zip', 39, 'zip', 1, 0, '2015-04-19 01:23:40');

-- ----------------------------
-- Table structure for dt_article_attribute_field
-- ----------------------------
DROP TABLE IF EXISTS `dt_article_attribute_field`;
CREATE TABLE `dt_article_attribute_field`  (
  `id` int(11) NULL DEFAULT NULL,
  `name` varchar(100) CHARACTER SET utf8 COLLATE utf8_general_ci NULL DEFAULT NULL,
  `title` varchar(100) CHARACTER SET utf8 COLLATE utf8_general_ci NULL DEFAULT NULL,
  `control_type` varchar(50) CHARACTER SET utf8 COLLATE utf8_general_ci NULL DEFAULT NULL,
  `data_type` varchar(50) CHARACTER SET utf8 COLLATE utf8_general_ci NULL DEFAULT NULL,
  `data_length` int(11) NULL DEFAULT NULL,
  `data_place` int(11) NULL DEFAULT NULL,
  `item_option` longtext CHARACTER SET utf8 COLLATE utf8_general_ci NULL,
  `default_value` longtext CHARACTER SET utf8 COLLATE utf8_general_ci NULL,
  `is_required` int(11) NULL DEFAULT NULL,
  `is_password` int(11) NULL DEFAULT NULL,
  `is_html` int(11) NULL DEFAULT NULL,
  `editor_type` int(11) NULL DEFAULT NULL,
  `valid_tip_msg` varchar(255) CHARACTER SET utf8 COLLATE utf8_general_ci NULL DEFAULT NULL,
  `valid_error_msg` varchar(255) CHARACTER SET utf8 COLLATE utf8_general_ci NULL DEFAULT NULL,
  `valid_pattern` varchar(255) CHARACTER SET utf8 COLLATE utf8_general_ci NULL DEFAULT NULL,
  `sort_id` int(11) NULL DEFAULT NULL,
  `is_sys` int(11) NULL DEFAULT NULL
) ENGINE = InnoDB AVG_ROW_LENGTH = 1820 CHARACTER SET = utf8 COLLATE = utf8_general_ci ROW_FORMAT = DYNAMIC;

-- ----------------------------
-- Records of dt_article_attribute_field
-- ----------------------------
INSERT INTO `dt_article_attribute_field` VALUES (2, 'sub_title', '副标题', 'single-text', 'nvarchar(255)', 255, 0, '', '', 0, 0, 0, 0, '可为空，最多255个字符', '', 's0-255', 99, 1);
INSERT INTO `dt_article_attribute_field` VALUES (3, 'source', '信息来源', 'single-text', 'nvarchar(100)', 100, 0, '', '本站', 0, 0, 0, 0, '非必填，最多50个字符', '', 's0-50', 100, 1);
INSERT INTO `dt_article_attribute_field` VALUES (4, 'author', '文章作者', 'single-text', 'nvarchar(50)', 50, 0, '', '', 0, 0, 0, 0, '非必填，最多50个字符', '', 's0-50', 101, 1);
INSERT INTO `dt_article_attribute_field` VALUES (5, 'goods_no', '商品货号', 'single-text', 'nvarchar(100)', 100, 0, '', '', 0, 0, 0, 0, '允许字母、下划线，100个字符内', '', 's0-100', 102, 1);
INSERT INTO `dt_article_attribute_field` VALUES (6, 'stock_quantity', '库存数量', 'number', 'int', 0, 0, '', '0', 0, 0, 0, 0, '库存数量为0时显示缺货状态', '', 'n', 103, 1);
INSERT INTO `dt_article_attribute_field` VALUES (7, 'market_price', '市场价格', 'number', 'decimal(9,2)', 0, 2, '', '0', 0, 0, 0, 0, '市场的参与价格，不参与计算', '', '/^(([1-9]{1}\\d*)|([0]{1}))(\\.(\\d){1,2})?$/', 104, 1);
INSERT INTO `dt_article_attribute_field` VALUES (8, 'sell_price', '销售价格', 'number', 'decimal(9,2)', 0, 2, '', '0', 1, 0, 0, 0, '*出售的实际交易价格', '', '/^(([1-9]{1}\\d*)|([0]{1}))(\\.(\\d){1,2})?$/', 105, 1);
INSERT INTO `dt_article_attribute_field` VALUES (9, 'point', '交易积分', 'number', 'int', 0, 0, '', '0', 0, 0, 0, 0, '*正为返还，负为消费积分', '', 'n', 106, 1);
INSERT INTO `dt_article_attribute_field` VALUES (12, 'video_src', '视频上传', 'video', 'nvarchar(255)', 0, 0, '', '', 0, 0, 0, 0, '', '', '', 99, 0);

-- ----------------------------
-- Table structure for dt_article_attribute_value
-- ----------------------------
DROP TABLE IF EXISTS `dt_article_attribute_value`;
CREATE TABLE `dt_article_attribute_value`  (
  `article_id` int(11) NULL DEFAULT NULL,
  `sub_title` varchar(255) CHARACTER SET utf8 COLLATE utf8_general_ci NULL DEFAULT NULL,
  `source` varchar(100) CHARACTER SET utf8 COLLATE utf8_general_ci NULL DEFAULT NULL,
  `author` varchar(50) CHARACTER SET utf8 COLLATE utf8_general_ci NULL DEFAULT NULL,
  `goods_no` varchar(100) CHARACTER SET utf8 COLLATE utf8_general_ci NULL DEFAULT NULL,
  `stock_quantity` int(11) NULL DEFAULT NULL,
  `market_price` double NULL DEFAULT NULL,
  `sell_price` double NULL DEFAULT NULL,
  `point` int(11) NULL DEFAULT NULL,
  `video_src` varchar(255) CHARACTER SET utf8 COLLATE utf8_general_ci NULL DEFAULT NULL
) ENGINE = InnoDB AVG_ROW_LENGTH = 184 CHARACTER SET = utf8 COLLATE = utf8_general_ci ROW_FORMAT = DYNAMIC;

-- ----------------------------
-- Records of dt_article_attribute_value
-- ----------------------------
INSERT INTO `dt_article_attribute_value` VALUES (13, NULL, '广州日报', '', NULL, 0, 0, 0, 0, NULL);
INSERT INTO `dt_article_attribute_value` VALUES (14, NULL, '湘潭房产网', '', NULL, 0, 0, 0, 0, NULL);
INSERT INTO `dt_article_attribute_value` VALUES (15, NULL, '易车网', '朱永磊 夏元骏', NULL, 0, 0, 0, 0, NULL);
INSERT INTO `dt_article_attribute_value` VALUES (16, NULL, '中华工商时报', '', NULL, 0, 0, 0, 0, NULL);
INSERT INTO `dt_article_attribute_value` VALUES (17, NULL, '汽车世界', '', NULL, 0, 0, 0, 0, NULL);
INSERT INTO `dt_article_attribute_value` VALUES (18, NULL, '腾讯网', '', NULL, 0, 0, 0, 0, NULL);
INSERT INTO `dt_article_attribute_value` VALUES (19, NULL, '腾讯网', '', NULL, 0, 0, 0, 0, NULL);
INSERT INTO `dt_article_attribute_value` VALUES (20, NULL, '证券时报网', '', NULL, 0, 0, 0, 0, NULL);
INSERT INTO `dt_article_attribute_value` VALUES (21, NULL, 'CCTIME飞象网', '', NULL, 0, 0, 0, 0, NULL);
INSERT INTO `dt_article_attribute_value` VALUES (22, NULL, '腾讯网', '', NULL, 0, 0, 0, 0, NULL);
INSERT INTO `dt_article_attribute_value` VALUES (23, NULL, '搜狐网', '', NULL, 0, 0, 0, 0, NULL);
INSERT INTO `dt_article_attribute_value` VALUES (24, NULL, '易车网', '', NULL, 0, 0, 0, 0, NULL);
INSERT INTO `dt_article_attribute_value` VALUES (25, NULL, '创事记', '', NULL, 0, 0, 0, 0, NULL);
INSERT INTO `dt_article_attribute_value` VALUES (26, NULL, '虎嗅网', '', NULL, 0, 0, 0, 0, NULL);
INSERT INTO `dt_article_attribute_value` VALUES (27, NULL, '网易新闻', '', NULL, 0, 0, 0, 0, NULL);
INSERT INTO `dt_article_attribute_value` VALUES (28, NULL, '本站', '', NULL, 0, 0, 0, 0, NULL);
INSERT INTO `dt_article_attribute_value` VALUES (29, NULL, '荆楚网', '', NULL, 0, 0, 0, 0, NULL);
INSERT INTO `dt_article_attribute_value` VALUES (30, NULL, '新浪网', '', NULL, 0, 0, 0, 0, NULL);
INSERT INTO `dt_article_attribute_value` VALUES (31, NULL, '搜狐焦点网', '', NULL, 0, 0, 0, 0, NULL);
INSERT INTO `dt_article_attribute_value` VALUES (32, NULL, '人民网', '', NULL, 0, 0, 0, 0, NULL);
INSERT INTO `dt_article_attribute_value` VALUES (33, NULL, '腾讯网', '', NULL, 0, 0, 0, 0, NULL);
INSERT INTO `dt_article_attribute_value` VALUES (34, NULL, '中国钢铁现货网', '', NULL, 0, 0, 0, 0, NULL);
INSERT INTO `dt_article_attribute_value` VALUES (35, NULL, '新浪网', '', NULL, 0, 0, 0, 0, NULL);
INSERT INTO `dt_article_attribute_value` VALUES (36, NULL, '互联网', '', NULL, 0, 0, 0, 0, NULL);
INSERT INTO `dt_article_attribute_value` VALUES (37, NULL, '本站', '', NULL, 0, 0, 0, 0, NULL);
INSERT INTO `dt_article_attribute_value` VALUES (38, NULL, '本站', '', NULL, 0, 0, 0, 0, NULL);
INSERT INTO `dt_article_attribute_value` VALUES (39, NULL, '本站', '', NULL, 0, 0, 0, 0, NULL);
INSERT INTO `dt_article_attribute_value` VALUES (40, NULL, '本站', '', NULL, 0, 0, 0, 0, NULL);
INSERT INTO `dt_article_attribute_value` VALUES (41, NULL, '本站', '', NULL, 0, 0, 0, 0, NULL);
INSERT INTO `dt_article_attribute_value` VALUES (42, NULL, '本站', '', NULL, 0, 0, 0, 0, NULL);
INSERT INTO `dt_article_attribute_value` VALUES (43, NULL, '本站', '', NULL, 0, 0, 0, 0, NULL);
INSERT INTO `dt_article_attribute_value` VALUES (44, NULL, '本站', '', NULL, 0, 0, 0, 0, NULL);
INSERT INTO `dt_article_attribute_value` VALUES (45, NULL, '本站', '', NULL, 0, 0, 0, 0, NULL);
INSERT INTO `dt_article_attribute_value` VALUES (46, NULL, '本站', '', NULL, 0, 0, 0, 0, NULL);
INSERT INTO `dt_article_attribute_value` VALUES (47, NULL, '本站', '', NULL, 0, 0, 0, 0, NULL);
INSERT INTO `dt_article_attribute_value` VALUES (48, NULL, '本站', '', NULL, 0, 0, 0, 0, NULL);
INSERT INTO `dt_article_attribute_value` VALUES (49, NULL, '本站', '', NULL, 0, 0, 0, 0, NULL);
INSERT INTO `dt_article_attribute_value` VALUES (50, NULL, '本站', '', NULL, 0, 0, 0, 0, NULL);
INSERT INTO `dt_article_attribute_value` VALUES (51, NULL, '本站', '', NULL, 0, 0, 0, 0, NULL);
INSERT INTO `dt_article_attribute_value` VALUES (52, NULL, '本站', '', NULL, 0, 0, 0, 0, NULL);
INSERT INTO `dt_article_attribute_value` VALUES (53, NULL, '本站', '', NULL, 0, 0, 0, 0, NULL);
INSERT INTO `dt_article_attribute_value` VALUES (54, NULL, NULL, NULL, NULL, 0, 0, 0, 0, NULL);
INSERT INTO `dt_article_attribute_value` VALUES (55, NULL, NULL, NULL, NULL, 0, 0, 0, 0, NULL);
INSERT INTO `dt_article_attribute_value` VALUES (56, NULL, '本站', '', NULL, 0, 0, 0, 0, NULL);
INSERT INTO `dt_article_attribute_value` VALUES (57, NULL, '本站', '', NULL, 0, 0, 0, 0, NULL);
INSERT INTO `dt_article_attribute_value` VALUES (58, NULL, '本站', '', NULL, 0, 0, 0, 0, NULL);
INSERT INTO `dt_article_attribute_value` VALUES (59, NULL, '本站', '', NULL, 0, 0, 0, 0, NULL);
INSERT INTO `dt_article_attribute_value` VALUES (60, NULL, '本站', '', NULL, 0, 0, 0, 0, NULL);
INSERT INTO `dt_article_attribute_value` VALUES (61, NULL, '本站', '', NULL, 0, 0, 0, 0, NULL);
INSERT INTO `dt_article_attribute_value` VALUES (62, NULL, '本站', '', NULL, 0, 0, 0, 0, NULL);
INSERT INTO `dt_article_attribute_value` VALUES (63, NULL, '本站', '', NULL, 0, 0, 0, 0, NULL);
INSERT INTO `dt_article_attribute_value` VALUES (64, NULL, '本站', '', NULL, 0, 0, 0, 0, NULL);
INSERT INTO `dt_article_attribute_value` VALUES (65, NULL, '本站', '', NULL, 0, 0, 0, 0, NULL);
INSERT INTO `dt_article_attribute_value` VALUES (66, NULL, '本站', '', NULL, 0, 0, 0, 0, NULL);
INSERT INTO `dt_article_attribute_value` VALUES (67, NULL, '本站', '', NULL, 0, 0, 0, 0, NULL);
INSERT INTO `dt_article_attribute_value` VALUES (68, NULL, '本站', '', NULL, 0, 0, 0, 0, NULL);
INSERT INTO `dt_article_attribute_value` VALUES (69, NULL, '本站', '', NULL, 0, 0, 0, 0, NULL);
INSERT INTO `dt_article_attribute_value` VALUES (70, NULL, '本站', '', NULL, 0, 0, 0, 0, NULL);
INSERT INTO `dt_article_attribute_value` VALUES (71, '更新至18集', NULL, NULL, NULL, 0, 0, 0, 0, 'http://movie.ks.js.cn/flv/other/1_0.mp4');
INSERT INTO `dt_article_attribute_value` VALUES (72, '更新至19集', NULL, NULL, NULL, 0, 0, 0, 0, 'http://movie.ks.js.cn/flv/other/1_0.mp4');
INSERT INTO `dt_article_attribute_value` VALUES (73, '23集全', NULL, NULL, NULL, 0, 0, 0, 0, 'http://movie.ks.js.cn/flv/other/1_0.mp4');
INSERT INTO `dt_article_attribute_value` VALUES (74, '96集全', NULL, NULL, NULL, 0, 0, 0, 0, 'http://movie.ks.js.cn/flv/other/1_0.mp4');
INSERT INTO `dt_article_attribute_value` VALUES (75, '主演：李易峰 / 陈伟霆 / 唐嫣', NULL, NULL, NULL, 0, 0, 0, 0, 'http://movie.ks.js.cn/flv/other/1_0.mp4');
INSERT INTO `dt_article_attribute_value` VALUES (76, '主演：金南珠 / 吴志浩', NULL, NULL, NULL, 0, 0, 0, 0, 'http://movie.ks.js.cn/flv/other/1_0.mp4');
INSERT INTO `dt_article_attribute_value` VALUES (77, '主演：黄渤 / 徐峥 / 袁泉', NULL, NULL, NULL, 0, 0, 0, 0, 'http://movie.ks.js.cn/flv/other/1_0.mp4');
INSERT INTO `dt_article_attribute_value` VALUES (78, '主演：江一燕 / 郑恺', NULL, NULL, NULL, 0, 0, 0, 0, 'http://movie.ks.js.cn/flv/other/1_0.mp4');
INSERT INTO `dt_article_attribute_value` VALUES (79, '上映时间：2015年4月12日', NULL, NULL, NULL, 0, 0, 0, 0, 'http://movie.ks.js.cn/flv/other/1_0.mp4');
INSERT INTO `dt_article_attribute_value` VALUES (80, '2011年6月17日美国上映', NULL, NULL, NULL, 0, 0, 0, 0, 'http://movie.ks.js.cn/flv/other/1_0.mp4');
INSERT INTO `dt_article_attribute_value` VALUES (81, '2015年1月30日在中国上映', NULL, NULL, NULL, 0, 0, 0, 0, 'http://movie.ks.js.cn/flv/other/1_0.mp4');
INSERT INTO `dt_article_attribute_value` VALUES (82, '马玲蹲守男生宿舍大胆告白 为爱跳泳池换取求爱机会', NULL, NULL, NULL, 0, 0, 0, 0, 'http://movie.ks.js.cn/flv/other/1_0.mp4');
INSERT INTO `dt_article_attribute_value` VALUES (83, '大型户外竞技真人秀节目', NULL, NULL, NULL, 0, 0, 0, 0, 'http://movie.ks.js.cn/flv/other/1_0.mp4');
INSERT INTO `dt_article_attribute_value` VALUES (84, '现代生活节奏的相亲节目', NULL, NULL, NULL, 0, 0, 0, 0, 'http://movie.ks.js.cn/flv/other/1_0.mp4');
INSERT INTO `dt_article_attribute_value` VALUES (85, '以人和、家和、天下和为口号', NULL, NULL, NULL, 0, 0, 0, 0, 'http://movie.ks.js.cn/flv/other/1_0.mp4');
INSERT INTO `dt_article_attribute_value` VALUES (86, '探讨中国人与美食的关系', NULL, NULL, NULL, 0, 0, 0, 0, 'http://movie.ks.js.cn/flv/other/1_0.mp4');
INSERT INTO `dt_article_attribute_value` VALUES (87, '智慧物流组', NULL, NULL, 'SD9102356032', 60, 10000, 3000, 100, NULL);
INSERT INTO `dt_article_attribute_value` VALUES (88, '支持联通移动电信三网4G，5.5英寸，1920x1080分辨率，800万像素摄像头，Touch ID指纹识别传感器', NULL, NULL, 'SD7159810321', 200, 6388, 5780, 200, NULL);
INSERT INTO `dt_article_attribute_value` VALUES (89, '小米note手机(天然竹特别版 双网通/16GB内存 标配)', NULL, NULL, 'SD2932214404', 60, 2699, 2199, 200, NULL);
INSERT INTO `dt_article_attribute_value` VALUES (90, '行业标杆!DIGIC 5数字影像处理器 全9点十字型自动对焦 2013入门旗舰 全新力作!', NULL, NULL, 'SD8861076806', 100, 5099, 4799, 400, NULL);
INSERT INTO `dt_article_attribute_value` VALUES (91, '3寸液晶屏 支持短片拍摄 双重清洁系统 11点自动对焦', NULL, NULL, 'SD1260286073', 10, 3150, 3180, 200, NULL);
INSERT INTO `dt_article_attribute_value` VALUES (92, '万箭穿心Ω斯巴达克斯级战备性能∑炼狱级2G显卡性能本，全面预装windows8系统！', NULL, NULL, 'SD6808149048', 100, 4599, 2999, 0, NULL);
INSERT INTO `dt_article_attribute_value` VALUES (93, '赏心悦目de感官享受 艺术品般de细致雕琢 效能与设计de完美结合', NULL, NULL, 'SD9683710842', 10, 7988, 7200, 100, NULL);
INSERT INTO `dt_article_attribute_value` VALUES (94, '足够自信，欢迎比价后购买！', NULL, NULL, 'SD3720019286', 100, 99, 79, 0, NULL);
INSERT INTO `dt_article_attribute_value` VALUES (95, '节约办公成本！智慧科技！', NULL, NULL, 'SD6808159034', 100, 2099, 1899, 0, NULL);
INSERT INTO `dt_article_attribute_value` VALUES (96, '', NULL, NULL, '', 100, 2099, 1999, 0, NULL);
INSERT INTO `dt_article_attribute_value` VALUES (97, '4K网络智能！欢迎比价后购买', NULL, NULL, 'SD345234674', 100, 3599, 3299, 0, NULL);
INSERT INTO `dt_article_attribute_value` VALUES (98, '送美诗特TA20无线话筒1套+自拍神器杆！ DTS解码数字功放 HDMI、光纤、同轴多组输入输出 USB、蓝牙播放功能', NULL, NULL, 'SD6583245641', 10, 5880, 4880, 0, NULL);
INSERT INTO `dt_article_attribute_value` VALUES (99, '锐利清晰的影像，逼真的画质带给您极佳的影音娱乐体验', NULL, NULL, 'SD3092308422', 100, 499, 399, 0, NULL);
INSERT INTO `dt_article_attribute_value` VALUES (100, '专利扁线设计！附送90°背夹！25K镀金端子！抗氧化！完美传输高品质画面！霍尼韦尔出品，国际品质！', NULL, NULL, 'SD5674897403', 50, 59, 49, 0, NULL);
INSERT INTO `dt_article_attribute_value` VALUES (101, '有买就有送，买麦克风买一送九（话筒海绵套2个，话筒防滑胶圈2个，电脑转接头1个，5号电池4只），不容错过，数量有限，送完为止！', NULL, NULL, 'SD3973042344', 20, 269, 199, 0, NULL);

-- ----------------------------
-- Table structure for dt_article_category
-- ----------------------------
DROP TABLE IF EXISTS `dt_article_category`;
CREATE TABLE `dt_article_category`  (
  `id` int(11) NULL DEFAULT NULL,
  `channel_id` int(11) NULL DEFAULT NULL,
  `title` varchar(100) CHARACTER SET utf8 COLLATE utf8_general_ci NULL DEFAULT NULL,
  `call_index` varchar(50) CHARACTER SET utf8 COLLATE utf8_general_ci NULL DEFAULT NULL,
  `parent_id` int(11) NULL DEFAULT NULL,
  `class_list` varchar(255) CHARACTER SET utf8 COLLATE utf8_general_ci NULL DEFAULT NULL,
  `class_layer` int(11) NULL DEFAULT NULL,
  `sort_id` int(11) NULL DEFAULT NULL,
  `link_url` varchar(255) CHARACTER SET utf8 COLLATE utf8_general_ci NULL DEFAULT NULL,
  `img_url` varchar(255) CHARACTER SET utf8 COLLATE utf8_general_ci NULL DEFAULT NULL,
  `content` longtext CHARACTER SET utf8 COLLATE utf8_general_ci NULL,
  `seo_title` varchar(255) CHARACTER SET utf8 COLLATE utf8_general_ci NULL DEFAULT NULL,
  `seo_keywords` varchar(255) CHARACTER SET utf8 COLLATE utf8_general_ci NULL DEFAULT NULL,
  `seo_description` varchar(255) CHARACTER SET utf8 COLLATE utf8_general_ci NULL DEFAULT NULL
) ENGINE = InnoDB AVG_ROW_LENGTH = 334 CHARACTER SET = utf8 COLLATE = utf8_general_ci ROW_FORMAT = DYNAMIC;

-- ----------------------------
-- Records of dt_article_category
-- ----------------------------
INSERT INTO `dt_article_category` VALUES (3, 6, '互联网媒体', '', 0, ',3,', 1, 99, '', '', '', '', '', '');
INSERT INTO `dt_article_category` VALUES (4, 6, '科技财经', '', 0, ',4,', 1, 100, '', '', '', '', '', '');
INSERT INTO `dt_article_category` VALUES (5, 6, '汽车房产', '', 0, ',5,', 1, 101, '', '', '', '', '', '');
INSERT INTO `dt_article_category` VALUES (6, 6, '人物动态', '', 3, ',3,6,', 2, 99, '', '', '', '', '', '');
INSERT INTO `dt_article_category` VALUES (7, 6, '电子商务', '', 3, ',3,7,', 2, 100, '', '', '', '', '', '');
INSERT INTO `dt_article_category` VALUES (8, 6, '传闻爆料', '', 3, ',3,8,', 2, 101, '', '', '', '', '', '');
INSERT INTO `dt_article_category` VALUES (9, 6, 'IT业界', '', 4, ',4,9,', 2, 99, '', '', '', '', '', '');
INSERT INTO `dt_article_category` VALUES (10, 6, '经济民生', '', 4, ',4,10,', 2, 100, '', '', '', '', '', '');
INSERT INTO `dt_article_category` VALUES (11, 6, '数码产品', '', 4, ',4,11,', 2, 101, '', '', '', '', '', '');
INSERT INTO `dt_article_category` VALUES (12, 6, '新车行情', '', 5, ',5,12,', 2, 99, '', '', '', '', '', '');
INSERT INTO `dt_article_category` VALUES (13, 6, '房产动态', '', 5, ',5,13,', 2, 100, '', '', '', '', '', '');
INSERT INTO `dt_article_category` VALUES (14, 9, '校园图片', '', 0, ',14,', 1, 99, '', '', '', '家居生活', '空间设计,家饰装修,户型', '收集各种家居设计图集');
INSERT INTO `dt_article_category` VALUES (15, 9, '校园视频', '', 0, ',15,', 1, 100, '', '', '', '摄影设计', '摄影,设计,风景,旅游', '收集各种摄影设计图集');
INSERT INTO `dt_article_category` VALUES (16, 9, '校园美食', '', 0, ',16,', 1, 101, '', '', '', '明星美女', '明星,美女,写真', '收集各种明星、美女、写真图集');
INSERT INTO `dt_article_category` VALUES (17, 9, '校园景点', '', 14, ',14,17,', 2, 99, '', '', '', '空间设计', '户型空间、家庭装饰', '收集各种户型、家庭设计图集');
INSERT INTO `dt_article_category` VALUES (18, 9, '校园植物', '', 14, ',14,18,', 2, 100, '', '', '', '户型装饰', '户型,装饰', '收集各种户型装饰设计图集');
INSERT INTO `dt_article_category` VALUES (19, 99, '广告摄影', '', 15, ',15,19,', 2, 99, '', '', '', '广告摄影', '广告,摄影', '收集各种广告摄影图集');
INSERT INTO `dt_article_category` VALUES (20, 99, '摄影学习', '', 15, ',15,20,', 2, 100, '', '', '', '摄影学习', '摄影,学习', '收集各种摄影手法图集');
INSERT INTO `dt_article_category` VALUES (21, 99, '摄影器材', '', 15, ',15,21,', 2, 101, '', '', '', '摄影器材', '摄影,器材', '收集各种摄影器材图集');
INSERT INTO `dt_article_category` VALUES (22, 99, '明星写真', '', 16, ',16,22,', 2, 99, '', '', '', '明星写真', '明星,写真', '收集各种明星写真图集');
INSERT INTO `dt_article_category` VALUES (23, 99, '清纯甜美', '', 16, ',16,23,', 2, 100, '', '', '', '清纯甜美', '清纯,甜美,美女', '收集各种清纯甜美美女图集');
INSERT INTO `dt_article_category` VALUES (24, 99, '古典美女', '', 16, ',16,24,', 2, 101, '', '', '', '古典美女', '古典,美女,写真', '收集各种古典美女写真图集');
INSERT INTO `dt_article_category` VALUES (25, 11, '公司介绍', '', 0, ',25,', 1, 99, '', '', '', '', '', '');
INSERT INTO `dt_article_category` VALUES (26, 10, 'JS代码', '', 0, ',26,', 1, 99, '', '', '', 'JS代码', 'JS代码,焦点图,jQuery特效,导航菜单,图片特效,网页特效,在线客服代码', 'JS代码频道为网页前端人员提供建站常用的广告代码和网页特效，内容涵盖焦点图，导航菜单，jQuery代码，jQuery特效，对联广告，图片特效，在线客服等40类资源');
INSERT INTO `dt_article_category` VALUES (27, 10, 'PSD素材', '', 0, ',27,', 1, 100, '', '', '', 'PSD素材', 'ps素材,PSD分层素材,PSD素材下载PSD模板,psd源文件', '提供各类精品PSD分层素材下载');
INSERT INTO `dt_article_category` VALUES (28, 10, '网页素材', '', 0, ',28,', 1, 101, '', '', '', '图片素材', '图片素材,背景图片,高清图片,印刷图片', '提供实用高清的图片素材');
INSERT INTO `dt_article_category` VALUES (29, 8, '电视剧', '', 0, ',29,', 1, 99, '', '', '', '电视剧', '热门电视剧,视频,视频分享,视频搜索,视频播放', '视频服务平台,提供视频播放,视频发布,视频搜索,视频分享');
INSERT INTO `dt_article_category` VALUES (30, 8, '电影', '', 0, ',30,', 1, 100, '', '', '', '电影', '电影,在线影院,好莱坞影院', '视频服务平台,提供视频播放,视频发布,视频搜索,视频分享');
INSERT INTO `dt_article_category` VALUES (31, 8, '综艺', '', 0, ',31,', 1, 101, '', '', '', '综艺', '视频,视频分享,视频搜索,视频播放', '视频服务平台,提供视频播放,视频发布,视频搜索,视频分享');
INSERT INTO `dt_article_category` VALUES (32, 8, '美剧', '', 29, ',29,32,', 2, 99, '', '', '', '美剧', '视频,视频分享,视频搜索,视频播放', '视频服务平台,提供视频播放,视频发布,视频搜索,视频分享');
INSERT INTO `dt_article_category` VALUES (33, 8, '大陆剧', '', 29, ',29,33,', 2, 100, '', '', '', '大陆剧', '视频,视频分享,视频搜索,视频播放', '视频服务平台,提供视频播放,视频发布,视频搜索,视频分享');
INSERT INTO `dt_article_category` VALUES (34, 8, '韩剧', '', 29, ',29,34,', 2, 101, '', '', '', '韩剧', '视频,视频分享,视频搜索,视频播放', '视频服务平台,提供视频播放,视频发布,视频搜索,视频分享');
INSERT INTO `dt_article_category` VALUES (35, 8, '华语', '', 30, ',30,35,', 2, 99, '', '', '', '华语', '视频,视频分享,视频搜索,视频播放', '视频服务平台,提供视频播放,视频发布,视频搜索,视频分享');
INSERT INTO `dt_article_category` VALUES (36, 8, '好莱坞', '', 30, ',30,36,', 2, 100, '', '', '', '好莱坞', '电影,在线影院,好莱坞影院', '视频服务平台,提供视频播放,视频发布,视频搜索,视频分享');
INSERT INTO `dt_article_category` VALUES (37, 8, '真人秀', '', 31, ',31,37,', 2, 99, '', '', '', '真人秀', '视频,视频分享,视频搜索,视频播放', '视频服务平台,提供视频播放,视频发布,视频搜索,视频分享');
INSERT INTO `dt_article_category` VALUES (38, 8, '情感相亲', '', 31, ',31,38,', 2, 100, '', '', '', '情感相亲', '视频,视频分享,视频搜索,视频播放', '视频服务平台,提供视频播放,视频发布,视频搜索,视频分享');
INSERT INTO `dt_article_category` VALUES (39, 8, '生活美食', '', 31, ',31,39,', 2, 101, '', '', '', '生活美食', '视频,视频分享,视频搜索,视频播放', '视频服务平台,提供视频播放,视频发布,视频搜索,视频分享');
INSERT INTO `dt_article_category` VALUES (40, 7, '手机数码', '', 0, ',40,', 1, 99, '', '', '', '手机数码', '单反相机,苹果手机,小米手机,三星手机,手机配件,手机电池,充电器,内存卡,蓝牙耳机,贴膜', '苹果手机，小米手机，三星手机，手机配件，手机电池，充电器，内存卡，蓝牙耳机，贴膜提供最新报价、价格、促销、参数、评价、排行、图片等选购信息。');
INSERT INTO `dt_article_category` VALUES (41, 7, '电脑办公', '', 0, ',41,', 1, 100, '', '', '', '电脑办公', '笔记本,台式机,电脑配件,苹果配件,网络设备,办公设备,办公打印,办公文仪', '电脑产品，电脑整机，笔记本，台式机，电脑配件，苹果配件，网络设备，办公设备，办公打印，办公文仪提供最新报价、价格、促销、参数、评价、排行、图片等选购信息。');
INSERT INTO `dt_article_category` VALUES (42, 7, '影音娱乐', '', 0, ',42,', 1, 101, '', '', '', '影音娱乐', '空调,音响,DVD,影音配件,电视配件', '电视音响，DVD，影音配件提供最新报价、价格、促销、参数、评价、排行、图片等选购信息。');
INSERT INTO `dt_article_category` VALUES (43, 7, '手机通讯', '', 40, ',40,43,', 2, 99, '', '', '', '手机通讯', '苹果手机,小米手机,三星手机,手机配件,手机电池,充电器,内存卡,蓝牙耳机,贴膜', '苹果手机，小米手机，三星手机，手机配件，手机电池，充电器，内存卡，蓝牙耳机，贴膜提供最新报价、价格、促销、参数、评价、排行、图片等选购信息。');
INSERT INTO `dt_article_category` VALUES (44, 7, '摄影摄像', '', 40, ',40,44,', 2, 100, '', '', '', '摄影摄像', '单反相机,苹果手机,小米手机,三星手机,手机配件,手机电池,充电器,内存卡,蓝牙耳机,贴膜', '苹果手机，小米手机，三星手机，手机配件，手机电池，充电器，内存卡，蓝牙耳机，贴膜提供最新报价、价格、促销、参数、评价、排行、图片等选购信息。');
INSERT INTO `dt_article_category` VALUES (45, 7, '存储设备', '', 40, ',40,45,', 2, 101, '', '', '', '存储设备', '单反相机,苹果手机,小米手机,三星手机,手机配件,手机电池,充电器,内存卡,蓝牙耳机,贴膜', '苹果手机，小米手机，三星手机，手机配件，手机电池，充电器，内存卡，蓝牙耳机，贴膜提供最新报价、价格、促销、参数、评价、排行、图片等选购信息。');
INSERT INTO `dt_article_category` VALUES (46, 7, '电脑整机', '', 41, ',41,46,', 2, 99, '', '', '', '电脑整机', '笔记本,台式机,电脑配件,苹果配件,网络设备,办公设备,办公打印,办公文仪', '电脑产品，电脑整机，笔记本，台式机，电脑配件，苹果配件，网络设备，办公设备，办公打印，办公文仪提供最新报价、价格、促销、参数、评价、排行、图片等选购信息。');
INSERT INTO `dt_article_category` VALUES (47, 7, '外设产品', '', 41, ',41,47,', 2, 100, '', '', '', '外设产品', '笔记本,台式机,电脑配件,苹果配件,网络设备,办公设备,办公打印,办公文仪', '电脑产品，电脑整机，笔记本，台式机，电脑配件，苹果配件，网络设备，办公设备，办公打印，办公文仪提供最新报价、价格、促销、参数、评价、排行、图片等选购信息。');
INSERT INTO `dt_article_category` VALUES (48, 7, '办公打印', '', 41, ',41,48,', 2, 101, '', '', '', '办公打印', '笔记本,台式机,电脑配件,苹果配件,网络设备,办公设备,办公打印,办公文仪', '电脑产品，电脑整机，笔记本，台式机，电脑配件，苹果配件，网络设备，办公设备，办公打印，办公文仪提供最新报价、价格、促销、参数、评价、排行、图片等选购信息。');
INSERT INTO `dt_article_category` VALUES (49, 7, '平板电视', '', 42, ',42,49,', 2, 99, '', '', '', '平板电视', '空调,音响,DVD,影音配件,电视配件', '电视音响，DVD，影音配件提供最新报价、价格、促销、参数、评价、排行、图片等选购信息。');
INSERT INTO `dt_article_category` VALUES (50, 7, '音响DVD', '', 42, ',42,50,', 2, 100, '', '', '', '音响DVD', '空调,音响,DVD,影音配件,电视配件', '电视音响，DVD，影音配件提供最新报价、价格、促销、参数、评价、排行、图片等选购信息。');
INSERT INTO `dt_article_category` VALUES (51, 7, '影音配件', '', 42, ',42,51,', 2, 101, '', '', '', '影音配件', '空调,音响,DVD,影音配件,电视配件', '电视音响，DVD，影音配件提供最新报价、价格、促销、参数、评价、排行、图片等选购信息。');

-- ----------------------------
-- Table structure for dt_article_comment
-- ----------------------------
DROP TABLE IF EXISTS `dt_article_comment`;
CREATE TABLE `dt_article_comment`  (
  `id` int(11) NULL DEFAULT NULL,
  `channel_id` int(11) NULL DEFAULT NULL,
  `article_id` int(11) NULL DEFAULT NULL,
  `parent_id` int(11) NULL DEFAULT NULL,
  `user_id` int(11) NULL DEFAULT NULL,
  `user_name` varchar(100) CHARACTER SET utf8 COLLATE utf8_general_ci NULL DEFAULT NULL,
  `user_ip` varchar(255) CHARACTER SET utf8 COLLATE utf8_general_ci NULL DEFAULT NULL,
  `content` longtext CHARACTER SET utf8 COLLATE utf8_general_ci NULL,
  `is_lock` int(11) NULL DEFAULT NULL,
  `add_time` timestamp NOT NULL DEFAULT CURRENT_TIMESTAMP ON UPDATE CURRENT_TIMESTAMP,
  `is_reply` int(11) NULL DEFAULT NULL,
  `reply_content` longtext CHARACTER SET utf8 COLLATE utf8_general_ci NULL,
  `reply_time` timestamp NOT NULL DEFAULT '2019-01-01 00:00:00'
) ENGINE = InnoDB AVG_ROW_LENGTH = 910 CHARACTER SET = utf8 COLLATE = utf8_general_ci ROW_FORMAT = DYNAMIC;

-- ----------------------------
-- Records of dt_article_comment
-- ----------------------------
INSERT INTO `dt_article_comment` VALUES (14, 7, 101, 0, 0, '匿名用户', '127.0.0.1', '我来评论一下啦！', 0, '2015-04-20 04:09:30', 0, NULL, '2016-12-06 17:04:17');
INSERT INTO `dt_article_comment` VALUES (NULL, 7, 19, 0, 0, '匿名用户', '127.0.0.1', '第一条评论', 0, '2017-02-01 19:49:09', 0, '', '2017-02-01 19:49:09');
INSERT INTO `dt_article_comment` VALUES (NULL, 7, 19, 0, 0, '匿名用户', '127.0.0.1', '第二条评论', 0, '2017-02-01 19:49:56', 0, '', '2017-02-01 19:49:56');
INSERT INTO `dt_article_comment` VALUES (NULL, 7, 19, 0, 0, '匿名用户', '127.0.0.1', '第三条评论', 0, '2017-02-01 19:51:07', 0, '', '2017-02-01 19:51:07');
INSERT INTO `dt_article_comment` VALUES (NULL, 7, 19, 0, 0, '匿名用户', '127.0.0.1', '第四条评论', 0, '2017-02-01 19:51:14', 0, '', '2017-02-01 19:51:14');
INSERT INTO `dt_article_comment` VALUES (NULL, 7, 19, 0, 0, '匿名用户', '127.0.0.1', '第五条评论', 0, '2017-02-01 19:51:21', 0, '', '2017-02-01 19:51:21');
INSERT INTO `dt_article_comment` VALUES (NULL, 7, 19, 0, 0, '匿名用户', '127.0.0.1', '第六条评论', 0, '2017-02-01 19:51:27', 0, '', '2017-02-01 19:51:27');
INSERT INTO `dt_article_comment` VALUES (NULL, 7, 19, 0, 0, '匿名用户', '127.0.0.1', '第七条评论', 0, '2017-02-01 19:51:34', 0, '', '2017-02-01 19:51:34');
INSERT INTO `dt_article_comment` VALUES (NULL, 7, 19, 0, 0, '匿名用户', '127.0.0.1', '第八条评论', 0, '2017-02-01 19:51:41', 0, '', '2017-02-01 19:51:41');
INSERT INTO `dt_article_comment` VALUES (NULL, 7, 19, 0, 0, '匿名用户', '127.0.0.1', '第九条评论', 0, '2017-02-01 19:51:48', 0, '', '2017-02-01 19:51:48');
INSERT INTO `dt_article_comment` VALUES (NULL, 7, 19, 0, 0, '匿名用户', '127.0.0.1', '第十条评论', 0, '2017-02-01 19:51:53', 0, '', '2017-02-01 19:51:53');
INSERT INTO `dt_article_comment` VALUES (NULL, 7, 19, 0, 0, '匿名用户', '127.0.0.1', '第十一条评论', 0, '2017-02-01 19:51:59', 0, '', '2017-02-01 19:51:59');
INSERT INTO `dt_article_comment` VALUES (NULL, 7, 19, 0, 0, '匿名用户', '127.0.0.1', '第十二条评论', 0, '2017-02-01 20:01:58', 0, '', '2017-02-01 20:01:58');
INSERT INTO `dt_article_comment` VALUES (NULL, 7, 19, 0, 0, '匿名用户', '127.0.0.1', '第十三条评论', 0, '2017-02-02 01:46:58', 0, '', '2017-02-02 01:46:58');
INSERT INTO `dt_article_comment` VALUES (NULL, 7, 37, 0, 0, '匿名用户', '127.0.0.1', '房子不错', 0, '2017-02-02 13:03:17', 0, '', '2017-02-02 13:03:17');
INSERT INTO `dt_article_comment` VALUES (NULL, 7, 89, 0, 0, '匿名用户', '127.0.0.1', '雷军真牛', 0, '2017-02-03 14:07:30', 0, '', '2017-02-03 14:07:30');
INSERT INTO `dt_article_comment` VALUES (NULL, 7, 87, 0, 0, '匿名用户', '127.0.0.1', '华为Nova，智美一拍', 0, '2017-02-03 14:08:01', 0, '', '2017-02-03 14:08:01');
INSERT INTO `dt_article_comment` VALUES (NULL, 7, 89, 0, 0, '匿名用户', '127.0.0.1', '小米你个锤子', 0, '2017-02-03 15:21:52', 0, '', '2017-02-03 15:21:52');
INSERT INTO `dt_article_comment` VALUES (NULL, 7, 13, 0, 0, '匿名用户', '127.0.0.1', '123', 0, '2017-03-05 23:27:07', 0, '', '2017-03-05 23:27:07');
INSERT INTO `dt_article_comment` VALUES (NULL, 7, 14, 0, 0, '匿名用户', '127.0.0.1', '123', 0, '2017-03-06 00:17:07', 0, '', '2017-03-06 00:17:07');
INSERT INTO `dt_article_comment` VALUES (NULL, 7, 13, 0, 0, '匿名用户', '127.0.0.1', 'qqq', 0, '2017-03-06 00:20:31', 0, '', '2017-03-06 00:20:31');
INSERT INTO `dt_article_comment` VALUES (NULL, 7, 13, 0, 0, '匿名用户', '127.0.0.1', '456', 0, '2017-03-06 00:21:20', 0, '', '2017-03-06 00:21:20');
INSERT INTO `dt_article_comment` VALUES (NULL, 7, 13, 0, 0, '匿名用户', '127.0.0.1', '121212', 0, '2017-03-06 00:29:30', 0, '', '2017-03-06 00:29:30');
INSERT INTO `dt_article_comment` VALUES (NULL, 7, 13, 0, 0, '匿名用户', '127.0.0.1', '000', 0, '2017-03-06 00:34:34', 0, '', '2017-03-06 00:34:34');
INSERT INTO `dt_article_comment` VALUES (NULL, 7, 13, 0, 0, '匿名用户', '127.0.0.1', '89', 0, '2017-03-06 00:34:41', 0, '', '2017-03-06 00:34:41');
INSERT INTO `dt_article_comment` VALUES (NULL, 7, 13, 0, 0, '匿名用户', '127.0.0.1', '78', 0, '2017-03-06 00:34:45', 0, '', '2017-03-06 00:34:45');
INSERT INTO `dt_article_comment` VALUES (NULL, 7, 13, 0, 0, '匿名用户', '127.0.0.1', '89', 0, '2017-03-06 00:34:48', 0, '', '2017-03-06 00:34:48');
INSERT INTO `dt_article_comment` VALUES (NULL, 7, 13, 0, 0, '匿名用户', '127.0.0.1', 'dd', 0, '2017-03-06 00:34:50', 0, '', '2017-03-06 00:34:50');
INSERT INTO `dt_article_comment` VALUES (NULL, 7, 13, 0, 0, '匿名用户', '127.0.0.1', 'ff', 0, '2017-03-06 00:34:52', 0, '', '2017-03-06 00:34:52');
INSERT INTO `dt_article_comment` VALUES (NULL, 7, 13, 0, 0, '匿名用户', '127.0.0.1', 'ss', 0, '2017-03-06 00:34:54', 0, '', '2017-03-06 00:34:54');
INSERT INTO `dt_article_comment` VALUES (NULL, 7, 13, 0, 0, '匿名用户', '127.0.0.1', '123', 0, '2017-03-06 00:35:12', 0, '', '2017-03-06 00:35:12');
INSERT INTO `dt_article_comment` VALUES (NULL, 7, 37, 0, 0, '匿名用户', '127.0.0.1', '确实不错', 0, '2017-03-06 11:37:21', 0, '', '2017-03-06 11:37:21');
INSERT INTO `dt_article_comment` VALUES (NULL, 7, 37, 0, 0, '匿名用户', '127.0.0.1', '果真不错，买10套', 0, '2017-03-06 17:04:39', 0, '', '2017-03-06 17:04:39');
INSERT INTO `dt_article_comment` VALUES (NULL, 7, 89, 0, 0, '匿名用户', '127.0.0.1', '哈哈，楼上真热闹', 0, '2017-03-07 21:53:24', 0, '', '2017-03-07 21:53:24');
INSERT INTO `dt_article_comment` VALUES (NULL, 7, 13, 0, 0, '匿名用户', '127.0.0.1', '哈哈', 0, '2017-03-15 14:33:27', 0, '', '2017-03-15 14:33:27');
INSERT INTO `dt_article_comment` VALUES (NULL, 7, 13, 0, 0, '匿名用户', '127.0.0.1', '大喊三声彬哥，奇迹会出现~~~', 0, '2017-03-18 20:06:46', 0, '', '2017-03-18 20:06:46');
INSERT INTO `dt_article_comment` VALUES (NULL, 7, 13, 0, 0, '匿名用户', '127.0.0.1', '喝大力，出奇迹', 0, '2017-03-18 20:08:52', 0, '', '2017-03-18 20:08:52');
INSERT INTO `dt_article_comment` VALUES (NULL, 7, 37, 0, 0, '匿名用户', '127.0.0.1', '先来20套压压惊', 0, '2017-03-19 00:30:47', 0, '', '2017-03-19 00:30:47');
INSERT INTO `dt_article_comment` VALUES (NULL, 7, 37, 0, 0, '匿名用户', '127.0.0.1', '土豪', 0, '2017-03-19 00:31:31', 0, '', '2017-03-19 00:31:31');
INSERT INTO `dt_article_comment` VALUES (NULL, 7, 13, 0, 0, '匿名用户', '127.0.0.1', '执子之手，将子拖走', 0, '2017-03-19 09:55:51', 0, '', '2017-03-19 09:55:51');
INSERT INTO `dt_article_comment` VALUES (NULL, 7, 13, 0, 0, '匿名用户', '127.0.0.1', '自若不走，拍晕了，继续拖走', 0, '2017-03-19 09:56:20', 0, '', '2017-03-19 09:56:20');
INSERT INTO `dt_article_comment` VALUES (NULL, 7, 13, 0, 0, '匿名用户', '127.0.0.1', '123', 0, '2017-03-19 09:58:00', 0, '', '2017-03-19 09:58:00');
INSERT INTO `dt_article_comment` VALUES (NULL, 7, 37, 0, 0, '匿名用户', '127.0.0.1', '土豪啊，求包养', 0, '2017-03-19 11:56:00', 0, '', '2017-03-19 11:56:00');
INSERT INTO `dt_article_comment` VALUES (NULL, 7, 89, 0, 0, '匿名用户', '127.0.0.1', '小米真好用啊！！！', 0, '2017-03-19 17:06:10', 0, '', '2017-03-19 17:06:10');
INSERT INTO `dt_article_comment` VALUES (NULL, 7, 24, 0, 0, '匿名用户', '127.0.0.1', 'undefined', 0, '2017-08-24 14:07:43', 0, '', '2017-08-24 14:07:43');
INSERT INTO `dt_article_comment` VALUES (NULL, 7, 24, 0, 0, '匿名用户', '127.0.0.1', 'undefined', 0, '2017-08-24 14:08:17', 0, '', '2017-08-24 14:08:17');
INSERT INTO `dt_article_comment` VALUES (NULL, 7, 24, 0, 0, '匿名用户', '127.0.0.1', '123', 0, '2017-08-24 14:11:10', 0, '', '2017-08-24 14:11:10');
INSERT INTO `dt_article_comment` VALUES (NULL, 7, 24, 0, 0, '匿名用户', '127.0.0.1', '不错', 0, '2017-08-24 14:12:10', 0, '', '2017-08-24 14:12:10');
INSERT INTO `dt_article_comment` VALUES (NULL, 7, 24, 0, 0, '匿名用户', '127.0.0.1', '哈喽', 0, '2017-08-24 14:12:31', 0, '', '2017-08-24 14:12:31');
INSERT INTO `dt_article_comment` VALUES (NULL, 7, 46, 0, 0, '匿名用户', '127.0.0.1', '瓦塔西', 0, '2017-08-24 23:29:34', 0, '', '2017-08-24 23:29:34');
INSERT INTO `dt_article_comment` VALUES (NULL, 7, 46, 0, 0, '匿名用户', '127.0.0.1', '再来一条', 0, '2017-08-24 23:32:21', 0, '', '2017-08-24 23:32:21');
INSERT INTO `dt_article_comment` VALUES (NULL, 7, 38, 0, 0, '匿名用户', '127.0.0.1', '漂亮~', 0, '2017-08-24 23:33:10', 0, '', '2017-08-24 23:33:10');
INSERT INTO `dt_article_comment` VALUES (NULL, 7, 87, 0, 0, '匿名用户', '127.0.0.1', '手机不错，值得入手', 0, '2017-08-25 11:37:49', 0, '', '2017-08-25 11:37:49');

-- ----------------------------
-- Table structure for dt_brands
-- ----------------------------
DROP TABLE IF EXISTS `dt_brands`;
CREATE TABLE `dt_brands`  (
  `id` int(11) NOT NULL AUTO_INCREMENT,
  `name` varchar(255) CHARACTER SET utf8 COLLATE utf8_general_ci NOT NULL,
  `ctime` datetime NOT NULL,
  PRIMARY KEY (`id`) USING BTREE
) ENGINE = MyISAM AUTO_INCREMENT = 12 CHARACTER SET = utf8 COLLATE = utf8_general_ci ROW_FORMAT = Dynamic;

-- ----------------------------
-- Records of dt_brands
-- ----------------------------
INSERT INTO `dt_brands` VALUES (8, '宝马', '2017-08-16 14:46:07');
INSERT INTO `dt_brands` VALUES (9, '奥迪', '2017-08-16 15:32:28');

-- ----------------------------
-- Table structure for dt_channel
-- ----------------------------
DROP TABLE IF EXISTS `dt_channel`;
CREATE TABLE `dt_channel`  (
  `id` int(11) NULL DEFAULT NULL,
  `site_id` int(11) NULL DEFAULT NULL,
  `name` varchar(50) CHARACTER SET utf8 COLLATE utf8_general_ci NULL DEFAULT NULL,
  `title` varchar(100) CHARACTER SET utf8 COLLATE utf8_general_ci NULL DEFAULT NULL,
  `is_albums` int(11) NULL DEFAULT NULL,
  `is_attach` int(11) NULL DEFAULT NULL,
  `is_spec` int(11) NULL DEFAULT NULL,
  `sort_id` int(11) NULL DEFAULT NULL
) ENGINE = InnoDB AVG_ROW_LENGTH = 2730 CHARACTER SET = utf8 COLLATE = utf8_general_ci ROW_FORMAT = DYNAMIC;

-- ----------------------------
-- Records of dt_channel
-- ----------------------------
INSERT INTO `dt_channel` VALUES (6, 4, 'news', '新闻资讯', 0, 0, 0, 99);
INSERT INTO `dt_channel` VALUES (7, 4, 'goods', '购物商城', 1, 0, 1, 100);
INSERT INTO `dt_channel` VALUES (8, 4, 'video', '视频专区', 0, 0, 0, 101);
INSERT INTO `dt_channel` VALUES (9, 4, 'photo', '图片分享', 1, 0, 0, 102);
INSERT INTO `dt_channel` VALUES (10, 4, 'down', '资源下载', 0, 1, 0, 103);
INSERT INTO `dt_channel` VALUES (11, 4, 'content', '公司介绍', 0, 0, 0, 104);

-- ----------------------------
-- Table structure for dt_channel_field
-- ----------------------------
DROP TABLE IF EXISTS `dt_channel_field`;
CREATE TABLE `dt_channel_field`  (
  `id` int(11) NULL DEFAULT NULL,
  `channel_id` int(11) NULL DEFAULT NULL,
  `field_id` int(11) NULL DEFAULT NULL
) ENGINE = InnoDB AVG_ROW_LENGTH = 1170 CHARACTER SET = utf8 COLLATE = utf8_general_ci ROW_FORMAT = DYNAMIC;

-- ----------------------------
-- Records of dt_channel_field
-- ----------------------------
INSERT INTO `dt_channel_field` VALUES (16, 6, 3);
INSERT INTO `dt_channel_field` VALUES (17, 6, 4);
INSERT INTO `dt_channel_field` VALUES (22, 7, 2);
INSERT INTO `dt_channel_field` VALUES (23, 7, 5);
INSERT INTO `dt_channel_field` VALUES (24, 7, 6);
INSERT INTO `dt_channel_field` VALUES (25, 7, 7);
INSERT INTO `dt_channel_field` VALUES (26, 7, 8);
INSERT INTO `dt_channel_field` VALUES (27, 7, 9);
INSERT INTO `dt_channel_field` VALUES (28, 8, 12);
INSERT INTO `dt_channel_field` VALUES (29, 9, 3);
INSERT INTO `dt_channel_field` VALUES (30, 9, 4);
INSERT INTO `dt_channel_field` VALUES (31, 10, 3);
INSERT INTO `dt_channel_field` VALUES (32, 10, 4);
INSERT INTO `dt_channel_field` VALUES (35, 8, 2);

-- ----------------------------
-- Table structure for dt_channel_site
-- ----------------------------
DROP TABLE IF EXISTS `dt_channel_site`;
CREATE TABLE `dt_channel_site`  (
  `id` int(11) NULL DEFAULT NULL,
  `title` varchar(100) CHARACTER SET utf8 COLLATE utf8_general_ci NULL DEFAULT NULL,
  `build_path` varchar(100) CHARACTER SET utf8 COLLATE utf8_general_ci NULL DEFAULT NULL,
  `templet_path` varchar(100) CHARACTER SET utf8 COLLATE utf8_general_ci NULL DEFAULT NULL,
  `domain` varchar(255) CHARACTER SET utf8 COLLATE utf8_general_ci NULL DEFAULT NULL,
  `name` varchar(255) CHARACTER SET utf8 COLLATE utf8_general_ci NULL DEFAULT NULL,
  `logo` varchar(255) CHARACTER SET utf8 COLLATE utf8_general_ci NULL DEFAULT NULL,
  `company` varchar(255) CHARACTER SET utf8 COLLATE utf8_general_ci NULL DEFAULT NULL,
  `address` varchar(255) CHARACTER SET utf8 COLLATE utf8_general_ci NULL DEFAULT NULL,
  `tel` varchar(30) CHARACTER SET utf8 COLLATE utf8_general_ci NULL DEFAULT NULL,
  `fax` varchar(30) CHARACTER SET utf8 COLLATE utf8_general_ci NULL DEFAULT NULL,
  `email` varchar(50) CHARACTER SET utf8 COLLATE utf8_general_ci NULL DEFAULT NULL,
  `crod` varchar(100) CHARACTER SET utf8 COLLATE utf8_general_ci NULL DEFAULT NULL,
  `copyright` longtext CHARACTER SET utf8 COLLATE utf8_general_ci NULL,
  `seo_title` varchar(255) CHARACTER SET utf8 COLLATE utf8_general_ci NULL DEFAULT NULL,
  `seo_keyword` varchar(255) CHARACTER SET utf8 COLLATE utf8_general_ci NULL DEFAULT NULL,
  `seo_description` varchar(255) CHARACTER SET utf8 COLLATE utf8_general_ci NULL DEFAULT NULL,
  `is_default` int(11) NULL DEFAULT NULL,
  `sort_id` int(11) NULL DEFAULT NULL
) ENGINE = InnoDB AVG_ROW_LENGTH = 8192 CHARACTER SET = utf8 COLLATE = utf8_general_ci ROW_FORMAT = DYNAMIC;

-- ----------------------------
-- Records of dt_channel_site
-- ----------------------------
INSERT INTO `dt_channel_site` VALUES (4, '默认站点', 'main', 'main', '', 'DTcms内容管理系统', '', '深圳市动力启航软件有限公司', '深圳市宝安区西乡街道铁岗村一巷二号', '13695245546', '-', 'info@dtcms.net', '粤ICP备11064298号', '版权所有 深圳市动力启航软件有限公司 ? Copyright 2009 - 2015. dtcms.net. All Rights Reserved.', 'DTcms网站管理系统 - 动力启航_开源cms_NET开源_cms建站', '动力启航,DTCMS系统,ASP.NET开源,开源CMS,网站管理系统,互联网开发', '让更多的人分享互联网开发技术', 1, 99);
INSERT INTO `dt_channel_site` VALUES (5, '手机网站', 'mobile', 'mobile', 'm.dtcms.net', 'DTcms内容管理系统', '', '深圳市动力启航软件有限公司', '深圳市宝安区西乡街道铁岗村一巷二号', '13695245546', '', 'info@dtcms.net', '粤ICP备11064298号', '版权所有 深圳市动力启航软件有限公司 @ Copyright 2009 - 2015. dtcms.net. All Rights Reserved.', 'DTcms网站管理系统 - 动力启航_开源cms_NET开源_cms建站', '动力启航,DTCMS系统,ASP.NET开源,开源CMS,网站管理系统,互联网开发', '让更多的人分享互联网开发技术', 0, 100);

-- ----------------------------
-- Table structure for dt_express
-- ----------------------------
DROP TABLE IF EXISTS `dt_express`;
CREATE TABLE `dt_express`  (
  `id` int(11) NULL DEFAULT NULL,
  `title` varchar(100) CHARACTER SET utf8 COLLATE utf8_general_ci NULL DEFAULT NULL,
  `express_code` varchar(100) CHARACTER SET utf8 COLLATE utf8_general_ci NULL DEFAULT NULL,
  `express_fee` double NULL DEFAULT NULL,
  `website` varchar(255) CHARACTER SET utf8 COLLATE utf8_general_ci NULL DEFAULT NULL,
  `remark` longtext CHARACTER SET utf8 COLLATE utf8_general_ci NULL,
  `sort_id` int(11) NULL DEFAULT NULL,
  `is_lock` int(11) NULL DEFAULT NULL
) ENGINE = InnoDB CHARACTER SET = utf8 COLLATE = utf8_general_ci ROW_FORMAT = DYNAMIC;

-- ----------------------------
-- Records of dt_express
-- ----------------------------
INSERT INTO `dt_express` VALUES (1, '顺丰快递', 'shunfeng', 24, 'http://www.sf-express.com', '国内最好的物流公司', 99, 0);

-- ----------------------------
-- Table structure for dt_feedback
-- ----------------------------
DROP TABLE IF EXISTS `dt_feedback`;
CREATE TABLE `dt_feedback`  (
  `id` int(11) NULL DEFAULT NULL,
  `site_path` varchar(100) CHARACTER SET utf8 COLLATE utf8_general_ci NULL DEFAULT NULL,
  `title` varchar(100) CHARACTER SET utf8 COLLATE utf8_general_ci NULL DEFAULT NULL,
  `content` longtext CHARACTER SET utf8 COLLATE utf8_general_ci NULL,
  `user_name` varchar(50) CHARACTER SET utf8 COLLATE utf8_general_ci NULL DEFAULT NULL,
  `user_tel` varchar(30) CHARACTER SET utf8 COLLATE utf8_general_ci NULL DEFAULT NULL,
  `user_qq` varchar(30) CHARACTER SET utf8 COLLATE utf8_general_ci NULL DEFAULT NULL,
  `user_email` varchar(100) CHARACTER SET utf8 COLLATE utf8_general_ci NULL DEFAULT NULL,
  `add_time` timestamp NOT NULL DEFAULT CURRENT_TIMESTAMP ON UPDATE CURRENT_TIMESTAMP,
  `reply_content` longtext CHARACTER SET utf8 COLLATE utf8_general_ci NULL,
  `reply_time` timestamp NOT NULL DEFAULT '2019-01-01 00:00:00',
  `is_lock` int(11) NULL DEFAULT NULL
) ENGINE = InnoDB CHARACTER SET = utf8 COLLATE = utf8_general_ci ROW_FORMAT = DYNAMIC;

-- ----------------------------
-- Records of dt_feedback
-- ----------------------------

-- ----------------------------
-- Table structure for dt_link
-- ----------------------------
DROP TABLE IF EXISTS `dt_link`;
CREATE TABLE `dt_link`  (
  `id` int(11) NULL DEFAULT NULL,
  `site_path` varchar(100) CHARACTER SET utf8 COLLATE utf8_general_ci NULL DEFAULT NULL,
  `title` varchar(255) CHARACTER SET utf8 COLLATE utf8_general_ci NULL DEFAULT NULL,
  `user_name` varchar(50) CHARACTER SET utf8 COLLATE utf8_general_ci NULL DEFAULT NULL,
  `user_tel` varchar(20) CHARACTER SET utf8 COLLATE utf8_general_ci NULL DEFAULT NULL,
  `email` varchar(50) CHARACTER SET utf8 COLLATE utf8_general_ci NULL DEFAULT NULL,
  `site_url` varchar(255) CHARACTER SET utf8 COLLATE utf8_general_ci NULL DEFAULT NULL,
  `img_url` varchar(255) CHARACTER SET utf8 COLLATE utf8_general_ci NULL DEFAULT NULL,
  `is_image` int(11) NULL DEFAULT NULL,
  `sort_id` int(11) NULL DEFAULT NULL,
  `is_red` int(11) NULL DEFAULT NULL,
  `is_lock` int(11) NULL DEFAULT NULL,
  `add_time` timestamp NOT NULL DEFAULT CURRENT_TIMESTAMP ON UPDATE CURRENT_TIMESTAMP
) ENGINE = InnoDB AVG_ROW_LENGTH = 468 CHARACTER SET = utf8 COLLATE = utf8_general_ci ROW_FORMAT = DYNAMIC;

-- ----------------------------
-- Records of dt_link
-- ----------------------------
INSERT INTO `dt_link` VALUES (1, 'main', '动软中国', '', '', '', 'http://www.maticsoft.com', 'http://www.maticsoft.com/images/logo/logo12.gif', 1, 99, 1, 0, '2015-05-03 01:19:23');
INSERT INTO `dt_link` VALUES (2, 'main', '读科技', '', '', '', 'http://www.dukeji.com', 'http://www.dukeji.com/Content/themes/base/CMS/images/logo.jpg', 1, 99, 1, 0, '2015-05-03 01:43:35');
INSERT INTO `dt_link` VALUES (3, 'main', '中国站长网', '', '', '', 'http://www.chinaz.com', 'http://www.chinaz.com/images/chinaz.gif', 1, 99, 1, 0, '2015-05-03 01:44:22');
INSERT INTO `dt_link` VALUES (4, 'main', '我要源码站', '', '', '', 'http://www.51aspx.com', 'http://img.51aspx.com/p/images/logo_88x31.gif', 1, 99, 1, 0, '2015-05-03 01:50:41');
INSERT INTO `dt_link` VALUES (5, 'main', '懒人图库', '', '', '', 'http://www.lanrentuku.com', 'http://img.lanrentuku.com/img/images/logo88x31.gif', 1, 99, 1, 0, '2015-05-03 02:01:45');
INSERT INTO `dt_link` VALUES (6, 'main', '深圳体验设计专业委员会', '', '', '', 'http://www.uxdc.org', 'http://www.uxdc.org/logo/uxdc_logo.gif', 1, 99, 1, 0, '2015-05-03 02:05:43');
INSERT INTO `dt_link` VALUES (7, 'main', '腾讯CDC', '', '', '', 'http://cdc.tencent.com', 'http://cdc.tencent.com/wp-content/uploads/cdc_logo.gif', 1, 99, 1, 0, '2015-05-03 02:06:27');
INSERT INTO `dt_link` VALUES (8, 'main', '视觉同盟', '', '', '', 'http://www.visionunion.com', 'http://www.visionunion.com/help/images/vu_logo.gif', 1, 99, 1, 0, '2015-05-03 02:07:23');
INSERT INTO `dt_link` VALUES (9, 'main', '百度搜索用户体验中心', '', '', '', 'http://ued.baidu.com', 'http://cdc.tencent.com/wp-content/uploads/2015/02/ued.baidu_.com_.jpg', 1, 99, 1, 0, '2015-05-03 02:11:05');
INSERT INTO `dt_link` VALUES (10, 'main', '蓝色理想', '', '', '', 'http://www.blueidea.com', 'http://www.blueidea.com/logo.gif', 1, 99, 1, 0, '2015-05-03 02:13:23');
INSERT INTO `dt_link` VALUES (11, 'main', '盒子UI设计', '', '', '', 'http://www.boxui.com', '', 0, 99, 1, 0, '2015-05-03 02:15:55');
INSERT INTO `dt_link` VALUES (12, 'main', '图标下载', '', '', '', 'http://www.easyicon.net/', '', 0, 99, 1, 0, '2015-05-03 02:16:35');
INSERT INTO `dt_link` VALUES (13, 'main', '素材天下', '', '', '', 'http://www.sucaitianxia.com', '', 0, 99, 1, 0, '2015-05-03 02:17:26');
INSERT INTO `dt_link` VALUES (14, 'main', '设计联盟', '', '', '', 'http://www.cndu.cn', '', 0, 99, 1, 0, '2015-05-03 02:17:58');
INSERT INTO `dt_link` VALUES (15, 'main', '插画中国', '', '', '', 'http://www.chahua.org', '', 0, 99, 1, 0, '2015-05-03 02:18:42');
INSERT INTO `dt_link` VALUES (16, 'main', '设计路上', '', '', '', 'http://www.sj63.com', '', 0, 99, 1, 0, '2015-05-03 02:19:25');
INSERT INTO `dt_link` VALUES (17, 'main', 'UI制造者', '', '', '', 'http://www.uimaker.com', '', 0, 99, 1, 0, '2015-05-03 02:20:03');
INSERT INTO `dt_link` VALUES (18, 'main', '视觉中国', '', '', '', 'http://www.shijue.me', '', 0, 99, 1, 0, '2015-05-03 02:21:18');
INSERT INTO `dt_link` VALUES (19, 'main', '美图看看', '', '', '', 'http://kankan.meitu.com', '', 0, 99, 1, 0, '2015-05-03 02:21:54');
INSERT INTO `dt_link` VALUES (20, 'main', '包装设计网', '', '', '', 'http://www.chndesign.com', '', 0, 99, 1, 0, '2015-05-03 02:22:40');
INSERT INTO `dt_link` VALUES (21, 'main', '火星网', '', '', '', 'http://www.hxsd.com.cn', '', 0, 99, 1, 0, '2015-05-03 02:24:30');
INSERT INTO `dt_link` VALUES (22, 'main', '桌面城市', '', '', '', 'http://www.deskcity.com', '', 0, 99, 1, 0, '2015-05-03 02:25:03');
INSERT INTO `dt_link` VALUES (23, 'main', '天堂图片', '', '', '', 'http://www.ivsky.com', '', 0, 99, 1, 0, '2015-05-03 02:25:46');
INSERT INTO `dt_link` VALUES (24, 'main', '游艺网', '', '', '', 'http://www.game798.com', '', 0, 99, 1, 0, '2015-05-03 02:26:20');
INSERT INTO `dt_link` VALUES (25, 'main', 'JQuery', '', '', '', 'http://www.jquery.com', '', 0, 99, 1, 0, '2015-05-03 02:27:24');
INSERT INTO `dt_link` VALUES (26, 'main', 'dowebok', '', '', '', 'http://www.dowebok.com', '', 0, 99, 1, 0, '2015-05-03 02:28:59');
INSERT INTO `dt_link` VALUES (27, 'main', '前端开发仓库', '', '', '', 'http://code.ciaoca.com', '', 0, 99, 1, 0, '2015-05-03 02:29:44');
INSERT INTO `dt_link` VALUES (28, 'main', 'Discuz社区', '', '', '', 'http://www.discuz.net', '', 0, 99, 1, 0, '2015-05-03 02:31:27');
INSERT INTO `dt_link` VALUES (29, 'main', 'IT之家', '', '', '', 'http://www.ithome.com', '', 0, 99, 1, 0, '2015-05-03 02:32:04');
INSERT INTO `dt_link` VALUES (30, 'main', '中国IT实验室', '', '', '', 'http://www.chinaitlab.com', '', 0, 99, 1, 0, '2015-05-03 02:33:13');
INSERT INTO `dt_link` VALUES (31, 'main', '驱动之家', '', '', '', 'http://www.mydrivers.com', '', 0, 99, 1, 0, '2015-05-03 02:33:56');
INSERT INTO `dt_link` VALUES (32, 'main', '雷锋网', '', '', '', 'http://www.leiphone.com', '', 0, 99, 1, 0, '2015-05-03 02:34:32');
INSERT INTO `dt_link` VALUES (33, 'main', 'ckplayer视频播放器', '', '', '', 'http://www.ckplayer.com', '', 0, 99, 1, 0, '2015-05-03 02:35:05');
INSERT INTO `dt_link` VALUES (34, 'main', '快递查询', '', '', '', 'http://www.kuaidi100.com', '', 0, 99, 1, 0, '2015-05-03 02:36:15');
INSERT INTO `dt_link` VALUES (35, 'main', '动力启航', '', '', '', 'http://www.dtsoft.net', '', 0, 99, 1, 0, '2015-05-03 02:36:42');

-- ----------------------------
-- Table structure for dt_mail_template
-- ----------------------------
DROP TABLE IF EXISTS `dt_mail_template`;
CREATE TABLE `dt_mail_template`  (
  `id` int(11) NULL DEFAULT NULL,
  `title` varchar(100) CHARACTER SET utf8 COLLATE utf8_general_ci NULL DEFAULT NULL,
  `call_index` varchar(50) CHARACTER SET utf8 COLLATE utf8_general_ci NULL DEFAULT NULL,
  `maill_title` varchar(100) CHARACTER SET utf8 COLLATE utf8_general_ci NULL DEFAULT NULL,
  `content` longtext CHARACTER SET utf8 COLLATE utf8_general_ci NULL,
  `is_sys` int(11) NULL DEFAULT NULL
) ENGINE = InnoDB AVG_ROW_LENGTH = 2730 CHARACTER SET = utf8 COLLATE = utf8_general_ci ROW_FORMAT = DYNAMIC;

-- ----------------------------
-- Records of dt_mail_template
-- ----------------------------
INSERT INTO `dt_mail_template` VALUES (2, '注册激活账户邮件', 'regverify', '激活注册账户(请勿回复此邮件)', '<p>\r\n	<strong>尊敬的{username}，您好：</strong> \r\n</p>\r\n<p>\r\n	&nbsp;&nbsp;&nbsp; 欢迎您成为{webname}会员用户，请点击如下的网址进行激活您的会员账户：\r\n</p>\r\n<p>\r\n	&nbsp;&nbsp;&nbsp; <a href=\"{linkurl}\" target=\"_blank\">{linkurl}</a> \r\n</p>\r\n<hr />\r\n<p>\r\n	此链接有效期为{valid}天，请在{valid}天内点击链接进行注册；如果您从未注册过本站会员，请忽略本邮件；此邮件为系统自动发出，请勿回复。<br />\r\n任何疑问，请拨打客服热线咨询：{webtel}。谢谢您的支持！\r\n</p>\r\n<div style=\"text-align:right;\">\r\n	{webname} {weburl}\r\n</div>', 1);
INSERT INTO `dt_mail_template` VALUES (3, '用户取回密码', 'getpassword', '找回密码提示(请勿回复此邮件)', '<strong>{username}，您好：</strong><br />\r\n<p>\r\n	您在<span style=\"color:#FF0000;\">{webname}</span>点击了“忘记密码”找回申请，故系统自动为您发送了这封邮件。您可以点击以下链接修改您的密码：<br />\r\n<a href=\"{linkurl}\" target=\"_blank\">{linkurl}</a> \r\n</p>\r\n<hr />\r\n<p>\r\n	此链接有效期为{valid}天，请在{valid}天内点击链接进行修改。如果您不需要修改密码，或者您从未点击过“忘记密码”按钮，请忽略本邮件。<br />\r\n任何疑问，请拨打客服热线咨询：{webtel}。谢谢您的支持！\r\n</p>\r\n<div style=\"text-align:right;\">\r\n	{webname} {weburl}\r\n</div>', 1);
INSERT INTO `dt_mail_template` VALUES (4, '欢迎新用户邮件', 'welcomemsg', '欢迎新用户(请勿回复此邮件)', '<p>\r\n	<strong>尊敬的{username}，您好：</strong> \r\n</p>\r\n<p>\r\n	&nbsp;&nbsp;&nbsp; 您已成功注册并正式成为{webname}会员用户，请您注意保管好个人账户信息，防止丢失或泄漏。\r\n</p>\r\n<hr />\r\n<p>\r\n	此邮件为系统自动发出，请勿回复本邮件，任何疑问，请拨打客服热线咨询：{webtel}。谢谢您的支持！\r\n</p>\r\n<div style=\"text-align:right;\">\r\n	{webname} {weburl}\r\n</div>', 1);
INSERT INTO `dt_mail_template` VALUES (5, '订单确认通知', 'order_confirm', '订单确认通知', '<p>\r\n	<strong>尊敬的{username}，您好：</strong> \r\n</p>\r\n<p>\r\n	&nbsp;&nbsp;&nbsp;&nbsp;&nbsp; 您在{webname}的一笔订单已确认，订单号为：{orderno}，共计{amount}元，我们会尽快安排发货，请您耐心等待，祝您购物愉快！\r\n</p>\r\n<hr />\r\n<p>\r\n	此邮件为系统自动发出，请勿回复本邮件，任何疑问，请拨打客服热线咨询：{webtel}。谢谢您的支持！\r\n</p>\r\n<div style=\"text-align:right;\">\r\n	{webname} {weburl}\r\n</div>', 1);
INSERT INTO `dt_mail_template` VALUES (6, '订单发货通知', 'order_express', '订单发货通知', '<p>\r\n	<strong>尊敬的{username}，您好：</strong> \r\n</p>\r\n<p>\r\n	&nbsp;&nbsp;&nbsp;&nbsp;&nbsp; 您在{webname}的一笔订单已经发货，订单号为：{orderno}，共计{amount}元，请您注意查收，祝您购物愉快！\r\n</p>\r\n<hr />\r\n<p>\r\n	此邮件为系统自动发出，请勿回复本邮件，任何疑问，请拨打客服热线咨询：{webtel}。谢谢您的支持！\r\n</p>\r\n<div style=\"text-align:right;\">\r\n	{webname} {weburl}\r\n</div>', 1);
INSERT INTO `dt_mail_template` VALUES (7, '订单完成通知', 'order_complete', '订单完成通知', '<p>\r\n	<strong>尊敬的{username}，您好：</strong> \r\n</p>\r\n<p>\r\n	&nbsp;&nbsp;&nbsp;&nbsp;&nbsp; 您在{webname}的一笔订单交易完成，订单号为：{orderno}，共计{amount}元，期待您下次光临，祝您购物愉快！\r\n</p>\r\n<hr />\r\n<p>\r\n	此邮件为系统自动发出，请勿回复本邮件，任何疑问，请拨打客服热线咨询：{webtel}。谢谢您的支持！\r\n</p>\r\n<div style=\"text-align:right;\">\r\n	{webname} {weburl}\r\n</div>', 1);

-- ----------------------------
-- Table structure for dt_manager
-- ----------------------------
DROP TABLE IF EXISTS `dt_manager`;
CREATE TABLE `dt_manager`  (
  `id` int(11) NULL DEFAULT NULL,
  `role_id` int(11) NULL DEFAULT NULL,
  `role_type` int(11) NULL DEFAULT NULL,
  `user_name` varchar(100) CHARACTER SET utf8 COLLATE utf8_general_ci NULL DEFAULT NULL,
  `password` varchar(100) CHARACTER SET utf8 COLLATE utf8_general_ci NULL DEFAULT NULL,
  `salt` varchar(20) CHARACTER SET utf8 COLLATE utf8_general_ci NULL DEFAULT NULL,
  `real_name` varchar(50) CHARACTER SET utf8 COLLATE utf8_general_ci NULL DEFAULT NULL,
  `telephone` varchar(30) CHARACTER SET utf8 COLLATE utf8_general_ci NULL DEFAULT NULL,
  `email` varchar(30) CHARACTER SET utf8 COLLATE utf8_general_ci NULL DEFAULT NULL,
  `is_lock` int(11) NULL DEFAULT NULL,
  `add_time` timestamp NOT NULL DEFAULT CURRENT_TIMESTAMP ON UPDATE CURRENT_TIMESTAMP
) ENGINE = InnoDB CHARACTER SET = utf8 COLLATE = utf8_general_ci ROW_FORMAT = DYNAMIC;

-- ----------------------------
-- Records of dt_manager
-- ----------------------------
INSERT INTO `dt_manager` VALUES (1, 1, 1, 'admin', '87FA6AD6CBFDF3108E4DD6F47F5D04A4', '24V0XZ', '超级管理员', '13800138000', 'info@dtcms.net', 0, '2015-03-13 13:41:39');

-- ----------------------------
-- Table structure for dt_manager_log
-- ----------------------------
DROP TABLE IF EXISTS `dt_manager_log`;
CREATE TABLE `dt_manager_log`  (
  `id` int(11) NULL DEFAULT NULL,
  `user_id` int(11) NULL DEFAULT NULL,
  `user_name` varchar(100) CHARACTER SET utf8 COLLATE utf8_general_ci NULL DEFAULT NULL,
  `action_type` varchar(100) CHARACTER SET utf8 COLLATE utf8_general_ci NULL DEFAULT NULL,
  `remark` varchar(255) CHARACTER SET utf8 COLLATE utf8_general_ci NULL DEFAULT NULL,
  `user_ip` varchar(30) CHARACTER SET utf8 COLLATE utf8_general_ci NULL DEFAULT NULL,
  `add_time` timestamp NOT NULL DEFAULT CURRENT_TIMESTAMP ON UPDATE CURRENT_TIMESTAMP
) ENGINE = InnoDB CHARACTER SET = utf8 COLLATE = utf8_general_ci ROW_FORMAT = DYNAMIC;

-- ----------------------------
-- Records of dt_manager_log
-- ----------------------------

-- ----------------------------
-- Table structure for dt_manager_role
-- ----------------------------
DROP TABLE IF EXISTS `dt_manager_role`;
CREATE TABLE `dt_manager_role`  (
  `id` int(11) NULL DEFAULT NULL,
  `role_name` varchar(100) CHARACTER SET utf8 COLLATE utf8_general_ci NULL DEFAULT NULL,
  `role_type` int(11) NULL DEFAULT NULL,
  `is_sys` int(11) NULL DEFAULT NULL
) ENGINE = InnoDB CHARACTER SET = utf8 COLLATE = utf8_general_ci ROW_FORMAT = DYNAMIC;

-- ----------------------------
-- Records of dt_manager_role
-- ----------------------------
INSERT INTO `dt_manager_role` VALUES (1, '超级管理组', 1, 1);

-- ----------------------------
-- Table structure for dt_manager_role_value
-- ----------------------------
DROP TABLE IF EXISTS `dt_manager_role_value`;
CREATE TABLE `dt_manager_role_value`  (
  `id` int(11) NULL DEFAULT NULL,
  `role_id` int(11) NULL DEFAULT NULL,
  `nav_name` varchar(100) CHARACTER SET utf8 COLLATE utf8_general_ci NULL DEFAULT NULL,
  `action_type` varchar(50) CHARACTER SET utf8 COLLATE utf8_general_ci NULL DEFAULT NULL
) ENGINE = InnoDB CHARACTER SET = utf8 COLLATE = utf8_general_ci ROW_FORMAT = DYNAMIC;

-- ----------------------------
-- Records of dt_manager_role_value
-- ----------------------------

-- ----------------------------
-- Table structure for dt_navigation
-- ----------------------------
DROP TABLE IF EXISTS `dt_navigation`;
CREATE TABLE `dt_navigation`  (
  `id` int(11) NULL DEFAULT NULL,
  `parent_id` int(11) NULL DEFAULT NULL,
  `channel_id` int(11) NULL DEFAULT NULL,
  `nav_type` varchar(50) CHARACTER SET utf8 COLLATE utf8_general_ci NULL DEFAULT NULL,
  `name` varchar(50) CHARACTER SET utf8 COLLATE utf8_general_ci NULL DEFAULT NULL,
  `title` varchar(100) CHARACTER SET utf8 COLLATE utf8_general_ci NULL DEFAULT NULL,
  `sub_title` varchar(100) CHARACTER SET utf8 COLLATE utf8_general_ci NULL DEFAULT NULL,
  `icon_url` varchar(255) CHARACTER SET utf8 COLLATE utf8_general_ci NULL DEFAULT NULL,
  `link_url` varchar(255) CHARACTER SET utf8 COLLATE utf8_general_ci NULL DEFAULT NULL,
  `sort_id` int(11) NULL DEFAULT NULL,
  `is_lock` int(11) NULL DEFAULT NULL,
  `remark` varchar(255) CHARACTER SET utf8 COLLATE utf8_general_ci NULL DEFAULT NULL,
  `action_type` varchar(255) CHARACTER SET utf8 COLLATE utf8_general_ci NULL DEFAULT NULL,
  `is_sys` int(11) NULL DEFAULT NULL
) ENGINE = InnoDB AVG_ROW_LENGTH = 230 CHARACTER SET = utf8 COLLATE = utf8_general_ci ROW_FORMAT = DYNAMIC;

-- ----------------------------
-- Records of dt_navigation
-- ----------------------------
INSERT INTO `dt_navigation` VALUES (1, 0, 0, 'System', 'sys_contents', '站点管理', '站点', '/admin/skin/default/nav/home.png', '', 99, 0, '系统默认导航，不可更改导航ID', 'Show', 1);
INSERT INTO `dt_navigation` VALUES (2, 0, 0, 'System', 'sys_application', '应用管理', '应用', '/admin/skin/default/nav/pus.png', '', 100, 0, '系统默认导航，不可更改导航ID', 'Show', 1);
INSERT INTO `dt_navigation` VALUES (3, 0, 0, 'System', 'sys_users', '会员管理', '会员', '/admin/skin/default/nav/user.png', '', 101, 0, '系统默认导航，不可更改导航ID', 'Show', 1);
INSERT INTO `dt_navigation` VALUES (4, 0, 0, 'System', 'sys_controller', '控制面板', '控制面板', '/admin/skin/default/nav/sys.png', '', 103, 0, '系统默认导航，不可更改导航ID', 'Show', 0);
INSERT INTO `dt_navigation` VALUES (7, 4, 0, 'System', 'sys_manager', '系统用户', '', '', '', 103, 0, '', 'Show', 0);
INSERT INTO `dt_navigation` VALUES (8, 7, 0, 'System', 'manager_list', '管理员管理', '', '', 'manager/manager_list.aspx', 99, 0, '', 'Show,View,Add,Edit,Delete', 0);
INSERT INTO `dt_navigation` VALUES (9, 7, 0, 'System', 'manager_role', '角色管理', '', '', 'manager/role_list.aspx', 100, 0, '', 'Show,View,Add,Edit,Delete', 0);
INSERT INTO `dt_navigation` VALUES (10, 7, 0, 'System', 'manager_log', '管理日志', '', '', 'manager/manager_log.aspx', 101, 0, '', 'Show,View,Add,Edit,Delete', 0);
INSERT INTO `dt_navigation` VALUES (11, 4, 0, 'System', 'sys_settings', '系统管理', '', '', '', 99, 0, '', 'Show', 0);
INSERT INTO `dt_navigation` VALUES (12, 11, 0, 'System', 'sys_config', '系统设置', '', '', 'settings/sys_config.aspx', 99, 0, '', 'Show,View,Edit', 0);
INSERT INTO `dt_navigation` VALUES (13, 11, 0, 'System', 'sys_plugin_config', '插件设置', '', '', 'settings/plugin_list.aspx', 100, 0, '', 'Show,View,Build,Instal,Unload', 0);
INSERT INTO `dt_navigation` VALUES (14, 11, 0, 'System', 'sys_url_rewrite', 'URL配置', '', '', 'settings/url_rewrite_list.aspx', 102, 0, '', 'Show,View,Add,Edit,Delete', 0);
INSERT INTO `dt_navigation` VALUES (15, 4, 0, 'System', 'sys_site_settings', '站点设置', '', '', '', 100, 0, '', 'Show', 0);
INSERT INTO `dt_navigation` VALUES (16, 15, 0, 'System', 'sys_site_manage', '站点管理', '', '', 'channel/site_list.aspx', 99, 0, '', 'Show,View,Add,Edit,Delete', 0);
INSERT INTO `dt_navigation` VALUES (17, 15, 0, 'System', 'sys_channel_manage', '频道管理', '', '', 'channel/channel_list.aspx', 100, 0, '', 'Show,View,Add,Edit,Delete', 0);
INSERT INTO `dt_navigation` VALUES (18, 15, 0, 'System', 'sys_channel_field', '扩展字段', '', '', 'channel/attribute_field_list.aspx', 101, 0, '', 'Show,View,Add,Edit,Delete', 0);
INSERT INTO `dt_navigation` VALUES (19, 4, 0, 'System', 'sys_design', '界面管理', '', '', '', 102, 0, '', 'Show', 0);
INSERT INTO `dt_navigation` VALUES (20, 19, 0, 'System', 'sys_site_templet', '站点模板管理', '', '', 'settings/templet_list.aspx', 99, 0, '', 'Show,View,Add,Edit,Delete,Build', 0);
INSERT INTO `dt_navigation` VALUES (21, 19, 0, 'System', 'sys_builder_html', '生成静态管理', '', '', 'settings/builder_html.aspx', 100, 0, '', 'Show,View,Build', 0);
INSERT INTO `dt_navigation` VALUES (22, 19, 0, 'System', 'sys_navigation', '后台导航管理', '', '', 'settings/nav_list.aspx', 102, 0, '', 'Show,View,Add,Edit,Delete', 0);
INSERT INTO `dt_navigation` VALUES (23, 0, 0, 'System', 'sys_orders', '订单管理', '订单', '/admin/skin/default/nav/order.png', '', 102, 0, '', 'Show', 0);
INSERT INTO `dt_navigation` VALUES (25, 1, 0, 'System', 'channel_main', '默认站点', '', '', '', 99, 0, '', 'Show', 1);
INSERT INTO `dt_navigation` VALUES (26, 2, 0, 'System', 'sys_plugin_manage', '插件管理', '', '', '', 99, 0, '', 'Show,View', 1);
INSERT INTO `dt_navigation` VALUES (31, 25, 6, 'System', 'channel_news', '新闻资讯', '', NULL, '', 99, 0, '', 'Show', 1);
INSERT INTO `dt_navigation` VALUES (32, 31, 6, 'System', 'channel_news_list', '内容管理', '', NULL, 'article/article_list.aspx', 99, 0, '', 'Show,View,Add,Edit,Delete,Audit', 1);
INSERT INTO `dt_navigation` VALUES (33, 31, 6, 'System', 'channel_news_category', '栏目类别', '', NULL, 'article/category_list.aspx', 100, 0, '', 'Show,View,Add,Edit,Delete', 1);
INSERT INTO `dt_navigation` VALUES (34, 31, 6, 'System', 'channel_news_comment', '评论管理', '', NULL, 'article/comment_list.aspx', 101, 0, '', 'Show,View,Delete,Reply', 1);
INSERT INTO `dt_navigation` VALUES (35, 23, 0, 'System', 'order_manage', '订单管理', '', '', '', 99, 0, '', 'Show', 0);
INSERT INTO `dt_navigation` VALUES (36, 23, 0, 'System', 'order_settings', '订单设置', '', '', '', 100, 0, '', 'Show', 0);
INSERT INTO `dt_navigation` VALUES (37, 36, 0, 'System', 'order_config', '订单参数设置', '', '', 'order/order_config.aspx', 99, 0, '', 'Show,View,Edit', 0);
INSERT INTO `dt_navigation` VALUES (38, 36, 0, 'System', 'order_payment', '支付方式设置', '', '', 'order/payment_list.aspx', 100, 0, '', 'Show,View,Edit', 0);
INSERT INTO `dt_navigation` VALUES (39, 36, 0, 'System', 'order_express', '配送方式设置', '', '', 'order/express_list.aspx', 101, 0, '', 'Show,View,Add,Edit,Delete', 0);
INSERT INTO `dt_navigation` VALUES (41, 35, 0, 'System', 'order_confirm', '待确认订单', '', '', 'order/order_confirm.aspx', 99, 0, '', 'Show,View,Confirm', 0);
INSERT INTO `dt_navigation` VALUES (42, 35, 0, 'System', 'order_list', '全部订单', '', '', 'order/order_list.aspx', 100, 0, '', 'Show,View,Add,Edit,Delete,Confirm,Cancel,Invalid', 0);
INSERT INTO `dt_navigation` VALUES (43, 3, 0, 'System', 'user_manage', '会员管理', '', '', '', 99, 0, '', 'Show', 0);
INSERT INTO `dt_navigation` VALUES (44, 43, 0, 'System', 'user_audit', '审核会员', '', '', 'users/user_audit.aspx', 99, 0, '', 'Show,View,Audit', 0);
INSERT INTO `dt_navigation` VALUES (45, 43, 0, 'System', 'user_list', '所有会员', '', '', 'users/user_list.aspx', 100, 0, '', 'Show,View,Add,Edit,Delete', 0);
INSERT INTO `dt_navigation` VALUES (46, 43, 0, 'System', 'user_group', '会员组别', '', '', 'users/group_list.aspx', 101, 0, '', 'Show,View,Add,Edit,Delete', 0);
INSERT INTO `dt_navigation` VALUES (47, 3, 0, 'System', 'user_log', '会员日志', '', '', '', 100, 0, '', 'Show', 0);
INSERT INTO `dt_navigation` VALUES (48, 47, 0, 'System', 'user_sms', '发送短信', '', '', 'users/user_sms.aspx', 99, 0, '', 'Show,View,Add', 0);
INSERT INTO `dt_navigation` VALUES (49, 47, 0, 'System', 'user_message', '站内消息', '', '', 'users/message_list.aspx', 100, 0, '', 'Show,View,Add,Delete', 0);
INSERT INTO `dt_navigation` VALUES (50, 47, 0, 'System', 'user_recharge_log', '充值记录', '', '', 'users/recharge_list.aspx', 101, 0, '', 'Show,View,Add,Delete', 0);
INSERT INTO `dt_navigation` VALUES (51, 47, 0, 'System', 'user_amount_log', '消费记录', '', '', 'users/amount_log.aspx', 102, 0, '', 'Show,View,Delete', 0);
INSERT INTO `dt_navigation` VALUES (52, 47, 0, 'System', 'user_point_log', '积分记录', '', '', 'users/point_log.aspx', 103, 0, '', 'Show,View,Delete', 0);
INSERT INTO `dt_navigation` VALUES (53, 3, 0, 'System', 'user_settings', '会员设置', '', '', '', 101, 0, '', 'Show', 0);
INSERT INTO `dt_navigation` VALUES (54, 53, 0, 'System', 'user_config', '参数设置', '', '', 'users/user_config.aspx', 99, 0, '', 'Show,View,Edit', 0);
INSERT INTO `dt_navigation` VALUES (55, 53, 0, 'System', 'user_sms_template', '短信模板', '', '', 'users/sms_template_list.aspx', 101, 0, '', 'Show,View,Add,Edit,Delete', 0);
INSERT INTO `dt_navigation` VALUES (56, 53, 0, 'System', 'user_mail_template', '邮件模板', '', '', 'users/mail_template_list.aspx', 102, 0, '', 'Show,View,Add,Edit,Delete', 0);
INSERT INTO `dt_navigation` VALUES (57, 53, 0, 'System', 'user_oauth', 'OAuth设置', '', '', 'users/oauth_app_list.aspx', 100, 0, '', 'Show,View,Add,Edit,Delete', 0);
INSERT INTO `dt_navigation` VALUES (60, 25, 7, 'System', 'channel_goods', '购物商城', '', NULL, '', 100, 0, '', 'Show', 1);
INSERT INTO `dt_navigation` VALUES (61, 60, 7, 'System', 'channel_goods_list', '内容管理', '', NULL, 'article/article_list.aspx', 99, 0, '', 'Show,View,Add,Edit,Delete,Audit', 1);
INSERT INTO `dt_navigation` VALUES (62, 60, 7, 'System', 'channel_goods_category', '栏目类别', '', NULL, 'article/category_list.aspx', 100, 0, '', 'Show,View,Add,Edit,Delete', 1);
INSERT INTO `dt_navigation` VALUES (63, 60, 7, 'System', 'channel_goods_comment', '评论管理', '', NULL, 'article/comment_list.aspx', 101, 0, '', 'Show,View,Delete,Reply', 1);
INSERT INTO `dt_navigation` VALUES (64, 25, 8, 'System', 'channel_video', '视频专区', '', NULL, '', 101, 0, '', 'Show', 1);
INSERT INTO `dt_navigation` VALUES (65, 64, 8, 'System', 'channel_video_list', '内容管理', '', NULL, 'article/article_list.aspx', 99, 0, '', 'Show,View,Add,Edit,Delete,Audit', 1);
INSERT INTO `dt_navigation` VALUES (66, 64, 8, 'System', 'channel_video_category', '栏目类别', '', NULL, 'article/category_list.aspx', 100, 0, '', 'Show,View,Add,Edit,Delete', 1);
INSERT INTO `dt_navigation` VALUES (67, 64, 8, 'System', 'channel_video_comment', '评论管理', '', NULL, 'article/comment_list.aspx', 101, 0, '', 'Show,View,Delete,Reply', 1);
INSERT INTO `dt_navigation` VALUES (68, 25, 9, 'System', 'channel_photo', '图片分享', '', NULL, '', 102, 0, '', 'Show', 1);
INSERT INTO `dt_navigation` VALUES (69, 68, 9, 'System', 'channel_photo_list', '内容管理', '', NULL, 'article/article_list.aspx', 99, 0, '', 'Show,View,Add,Edit,Delete,Audit', 1);
INSERT INTO `dt_navigation` VALUES (70, 68, 9, 'System', 'channel_photo_category', '栏目类别', '', NULL, 'article/category_list.aspx', 100, 0, '', 'Show,View,Add,Edit,Delete', 1);
INSERT INTO `dt_navigation` VALUES (71, 68, 9, 'System', 'channel_photo_comment', '评论管理', '', NULL, 'article/comment_list.aspx', 101, 0, '', 'Show,View,Delete,Reply', 1);
INSERT INTO `dt_navigation` VALUES (72, 25, 10, 'System', 'channel_down', '资源下载', '', NULL, '', 103, 0, '', 'Show', 1);
INSERT INTO `dt_navigation` VALUES (73, 72, 10, 'System', 'channel_down_list', '内容管理', '', NULL, 'article/article_list.aspx', 99, 0, '', 'Show,View,Add,Edit,Delete,Audit', 1);
INSERT INTO `dt_navigation` VALUES (74, 72, 10, 'System', 'channel_down_category', '栏目类别', '', NULL, 'article/category_list.aspx', 100, 0, '', 'Show,View,Add,Edit,Delete', 1);
INSERT INTO `dt_navigation` VALUES (75, 72, 10, 'System', 'channel_down_comment', '评论管理', '', NULL, 'article/comment_list.aspx', 101, 0, '', 'Show,View,Delete,Reply', 1);
INSERT INTO `dt_navigation` VALUES (76, 25, 11, 'System', 'channel_content', '公司介绍', '', NULL, '', 104, 0, '', 'Show', 1);
INSERT INTO `dt_navigation` VALUES (77, 76, 11, 'System', 'channel_content_list', '内容管理', '', NULL, 'article/article_list.aspx', 99, 0, '', 'Show,View,Add,Edit,Delete,Audit', 1);
INSERT INTO `dt_navigation` VALUES (78, 76, 11, 'System', 'channel_content_category', '栏目类别', '', NULL, 'article/category_list.aspx', 100, 0, '', 'Show,View,Add,Edit,Delete', 1);
INSERT INTO `dt_navigation` VALUES (79, 76, 11, 'System', 'channel_content_comment', '评论管理', '', NULL, 'article/comment_list.aspx', 101, 0, '', 'Show,View,Delete,Reply', 1);
INSERT INTO `dt_navigation` VALUES (80, 26, 0, 'System', 'plugin_feedback', '留言管理', '', NULL, '/plugins/feedback/admin/index.aspx', 0, 0, '', 'Show,View,Delete,Audit,Reply', 1);
INSERT INTO `dt_navigation` VALUES (81, 26, 0, 'System', 'plugin_link', '链接管理', '', NULL, '/plugins/link/admin/index.aspx', 0, 0, '', 'Show,View,Add,Edit,Delete,Audit', 1);

-- ----------------------------
-- Table structure for dt_order_goods
-- ----------------------------
DROP TABLE IF EXISTS `dt_order_goods`;
CREATE TABLE `dt_order_goods`  (
  `id` int(11) NULL DEFAULT NULL,
  `article_id` int(11) NULL DEFAULT NULL,
  `order_id` int(11) NULL DEFAULT NULL,
  `goods_no` varchar(50) CHARACTER SET utf8 COLLATE utf8_general_ci NULL DEFAULT NULL,
  `goods_title` varchar(100) CHARACTER SET utf8 COLLATE utf8_general_ci NULL DEFAULT NULL,
  `img_url` varchar(255) CHARACTER SET utf8 COLLATE utf8_general_ci NULL DEFAULT NULL,
  `spec_text` longtext CHARACTER SET utf8 COLLATE utf8_general_ci NULL,
  `goods_price` double NULL DEFAULT NULL,
  `real_price` double NULL DEFAULT NULL,
  `quantity` int(11) NULL DEFAULT NULL,
  `point` int(11) NULL DEFAULT NULL
) ENGINE = InnoDB CHARACTER SET = utf8 COLLATE = utf8_general_ci ROW_FORMAT = DYNAMIC;

-- ----------------------------
-- Records of dt_order_goods
-- ----------------------------

-- ----------------------------
-- Table structure for dt_orders
-- ----------------------------
DROP TABLE IF EXISTS `dt_orders`;
CREATE TABLE `dt_orders`  (
  `id` int(11) NULL DEFAULT NULL,
  `order_no` varchar(100) CHARACTER SET utf8 COLLATE utf8_general_ci NULL DEFAULT NULL,
  `trade_no` varchar(100) CHARACTER SET utf8 COLLATE utf8_general_ci NULL DEFAULT NULL,
  `user_id` int(11) NULL DEFAULT NULL,
  `user_name` varchar(100) CHARACTER SET utf8 COLLATE utf8_general_ci NULL DEFAULT NULL,
  `payment_id` int(11) NULL DEFAULT NULL,
  `payment_fee` double NULL DEFAULT NULL,
  `payment_status` int(11) NULL DEFAULT NULL,
  `payment_time` timestamp NOT NULL DEFAULT CURRENT_TIMESTAMP ON UPDATE CURRENT_TIMESTAMP,
  `express_id` int(11) NULL DEFAULT NULL,
  `express_no` varchar(100) CHARACTER SET utf8 COLLATE utf8_general_ci NULL DEFAULT NULL,
  `express_fee` double NULL DEFAULT NULL,
  `express_status` int(11) NULL DEFAULT NULL,
  `express_time` timestamp NOT NULL DEFAULT '2019-01-01 00:00:00',
  `accept_name` varchar(50) CHARACTER SET utf8 COLLATE utf8_general_ci NULL DEFAULT NULL,
  `post_code` varchar(20) CHARACTER SET utf8 COLLATE utf8_general_ci NULL DEFAULT NULL,
  `telphone` varchar(30) CHARACTER SET utf8 COLLATE utf8_general_ci NULL DEFAULT NULL,
  `mobile` varchar(20) CHARACTER SET utf8 COLLATE utf8_general_ci NULL DEFAULT NULL,
  `email` varchar(30) CHARACTER SET utf8 COLLATE utf8_general_ci NULL DEFAULT NULL,
  `area` varchar(100) CHARACTER SET utf8 COLLATE utf8_general_ci NULL DEFAULT NULL,
  `address` varchar(255) CHARACTER SET utf8 COLLATE utf8_general_ci NULL DEFAULT NULL,
  `message` varchar(255) CHARACTER SET utf8 COLLATE utf8_general_ci NULL DEFAULT NULL,
  `remark` varchar(255) CHARACTER SET utf8 COLLATE utf8_general_ci NULL DEFAULT NULL,
  `is_invoice` int(11) NULL DEFAULT NULL,
  `invoice_title` varchar(100) CHARACTER SET utf8 COLLATE utf8_general_ci NULL DEFAULT NULL,
  `invoice_taxes` double NULL DEFAULT NULL,
  `payable_amount` double NULL DEFAULT NULL,
  `real_amount` double NULL DEFAULT NULL,
  `order_amount` double NULL DEFAULT NULL,
  `point` int(11) NULL DEFAULT NULL,
  `status` int(11) NULL DEFAULT NULL,
  `add_time` timestamp NOT NULL DEFAULT '2019-01-01 00:00:00',
  `confirm_time` timestamp NOT NULL DEFAULT '2019-01-01 00:00:00',
  `complete_time` timestamp NOT NULL DEFAULT '2019-01-01 00:00:00'
) ENGINE = InnoDB CHARACTER SET = utf8 COLLATE = utf8_general_ci ROW_FORMAT = DYNAMIC;

-- ----------------------------
-- Records of dt_orders
-- ----------------------------

-- ----------------------------
-- Table structure for dt_payment
-- ----------------------------
DROP TABLE IF EXISTS `dt_payment`;
CREATE TABLE `dt_payment`  (
  `id` int(11) NULL DEFAULT NULL,
  `title` varchar(100) CHARACTER SET utf8 COLLATE utf8_general_ci NULL DEFAULT NULL,
  `img_url` varchar(255) CHARACTER SET utf8 COLLATE utf8_general_ci NULL DEFAULT NULL,
  `remark` varchar(255) CHARACTER SET utf8 COLLATE utf8_general_ci NULL DEFAULT NULL,
  `type` int(11) NULL DEFAULT NULL,
  `poundage_type` int(11) NULL DEFAULT NULL,
  `poundage_amount` double NULL DEFAULT NULL,
  `sort_id` int(11) NULL DEFAULT NULL,
  `is_lock` int(11) NULL DEFAULT NULL,
  `api_path` varchar(100) CHARACTER SET utf8 COLLATE utf8_general_ci NULL DEFAULT NULL
) ENGINE = InnoDB AVG_ROW_LENGTH = 4096 CHARACTER SET = utf8 COLLATE = utf8_general_ci ROW_FORMAT = DYNAMIC;

-- ----------------------------
-- Records of dt_payment
-- ----------------------------
INSERT INTO `dt_payment` VALUES (1, '货到付款', '', '收到商品后进行支付，支持现金和刷卡服务。', 2, 2, 0, 99, 0, '');
INSERT INTO `dt_payment` VALUES (2, '账户余额', '', '账户余额是客户在您网站上的账户虚拟资金', 1, 2, 0, 100, 0, 'balance');
INSERT INTO `dt_payment` VALUES (3, '支付宝', '', '付款后立即到账，无预付/年费，单笔费率阶梯最低0.7%，无流量限制。<a href=\"https://www.alipay.com/himalayas/practicality_customer.htm?customer_external_id=C433530444855584111X&market_type=from_agent_contract&pro_codes=61F99645EC0DC4380ADE569DD132AD7A\" target=\"_blank\">立即申请</a>', 1, 2, 0, 101, 0, 'alipaypc');
INSERT INTO `dt_payment` VALUES (4, '财付通', '', '费率最低至<span style=\"color:#FF0000;font-weight: bold;\">0.61%</span>，并赠送价值千元企业QQ。<a href=\"http://union.tenpay.com/mch/mch_register.shtml?sp_suggestuser=1202822001\" target=\"_blank\">中小商家签约入口</a>', 1, 2, 0, 102, 0, 'tenpaypc');

-- ----------------------------
-- Table structure for dt_sms_template
-- ----------------------------
DROP TABLE IF EXISTS `dt_sms_template`;
CREATE TABLE `dt_sms_template`  (
  `id` int(11) NULL DEFAULT NULL,
  `title` varchar(100) CHARACTER SET utf8 COLLATE utf8_general_ci NULL DEFAULT NULL,
  `call_index` varchar(50) CHARACTER SET utf8 COLLATE utf8_general_ci NULL DEFAULT NULL,
  `content` longtext CHARACTER SET utf8 COLLATE utf8_general_ci NULL,
  `is_sys` int(11) NULL DEFAULT NULL
) ENGINE = InnoDB AVG_ROW_LENGTH = 3276 CHARACTER SET = utf8 COLLATE = utf8_general_ci ROW_FORMAT = DYNAMIC;

-- ----------------------------
-- Records of dt_sms_template
-- ----------------------------
INSERT INTO `dt_sms_template` VALUES (1, '会员验证码短信', 'usercode', '您的验证码为：{code}，{valid}分钟内有效。', 1);
INSERT INTO `dt_sms_template` VALUES (2, '欢迎新用户短信', 'welcomemsg', '欢迎成为{webname}会员，你的用户名为：{username}，注意保管好您的账户信息。', 1);
INSERT INTO `dt_sms_template` VALUES (3, '订单确认通知', 'order_confirm', '尊敬的{username}，您在{webname}的订单已确认，订单号为：{orderno}，共计{amount}元，我们会尽快安排发货。', 1);
INSERT INTO `dt_sms_template` VALUES (4, '订单发货通知', 'order_express', '尊敬的{username}，您在{webname}的订单已发货，订单号为：{orderno}，请注意查收。', 1);
INSERT INTO `dt_sms_template` VALUES (5, '订单完成通知', 'order_complete', '尊敬的{username}，您在{webname}的一笔订单交易完成，订单号为：{orderno}，期待下次光临，祝您购物愉快。', 1);

-- ----------------------------
-- Table structure for dt_user_amount_log
-- ----------------------------
DROP TABLE IF EXISTS `dt_user_amount_log`;
CREATE TABLE `dt_user_amount_log`  (
  `id` int(11) NULL DEFAULT NULL,
  `user_id` int(11) NULL DEFAULT NULL,
  `user_name` varchar(100) CHARACTER SET utf8 COLLATE utf8_general_ci NULL DEFAULT NULL,
  `payment_id` int(11) NULL DEFAULT NULL,
  `value` double NULL DEFAULT NULL,
  `remark` varchar(255) CHARACTER SET utf8 COLLATE utf8_general_ci NULL DEFAULT NULL,
  `add_time` timestamp NOT NULL DEFAULT CURRENT_TIMESTAMP ON UPDATE CURRENT_TIMESTAMP
) ENGINE = InnoDB CHARACTER SET = utf8 COLLATE = utf8_general_ci ROW_FORMAT = DYNAMIC;

-- ----------------------------
-- Records of dt_user_amount_log
-- ----------------------------

-- ----------------------------
-- Table structure for dt_user_attach_log
-- ----------------------------
DROP TABLE IF EXISTS `dt_user_attach_log`;
CREATE TABLE `dt_user_attach_log`  (
  `id` int(11) NULL DEFAULT NULL,
  `user_id` int(11) NULL DEFAULT NULL,
  `user_name` varchar(100) CHARACTER SET utf8 COLLATE utf8_general_ci NULL DEFAULT NULL,
  `attach_id` int(11) NULL DEFAULT NULL,
  `file_name` varchar(255) CHARACTER SET utf8 COLLATE utf8_general_ci NULL DEFAULT NULL,
  `add_time` timestamp NOT NULL DEFAULT CURRENT_TIMESTAMP ON UPDATE CURRENT_TIMESTAMP
) ENGINE = InnoDB CHARACTER SET = utf8 COLLATE = utf8_general_ci ROW_FORMAT = DYNAMIC;

-- ----------------------------
-- Records of dt_user_attach_log
-- ----------------------------

-- ----------------------------
-- Table structure for dt_user_code
-- ----------------------------
DROP TABLE IF EXISTS `dt_user_code`;
CREATE TABLE `dt_user_code`  (
  `id` int(11) NULL DEFAULT NULL,
  `user_id` int(11) NULL DEFAULT NULL,
  `user_name` varchar(100) CHARACTER SET utf8 COLLATE utf8_general_ci NULL DEFAULT NULL,
  `type` varchar(20) CHARACTER SET utf8 COLLATE utf8_general_ci NULL DEFAULT NULL,
  `str_code` varchar(255) CHARACTER SET utf8 COLLATE utf8_general_ci NULL DEFAULT NULL,
  `count` int(11) NULL DEFAULT NULL,
  `status` int(11) NULL DEFAULT NULL,
  `user_ip` varchar(20) CHARACTER SET utf8 COLLATE utf8_general_ci NULL DEFAULT NULL,
  `eff_time` timestamp NOT NULL DEFAULT CURRENT_TIMESTAMP ON UPDATE CURRENT_TIMESTAMP,
  `add_time` timestamp NOT NULL DEFAULT '2019-01-01 00:00:00'
) ENGINE = InnoDB CHARACTER SET = utf8 COLLATE = utf8_general_ci ROW_FORMAT = DYNAMIC;

-- ----------------------------
-- Records of dt_user_code
-- ----------------------------

-- ----------------------------
-- Table structure for dt_user_group_price
-- ----------------------------
DROP TABLE IF EXISTS `dt_user_group_price`;
CREATE TABLE `dt_user_group_price`  (
  `id` int(11) NULL DEFAULT NULL,
  `article_id` int(11) NULL DEFAULT NULL,
  `group_id` int(11) NULL DEFAULT NULL,
  `price` double NULL DEFAULT NULL
) ENGINE = InnoDB AVG_ROW_LENGTH = 4096 CHARACTER SET = utf8 COLLATE = utf8_general_ci ROW_FORMAT = DYNAMIC;

-- ----------------------------
-- Records of dt_user_group_price
-- ----------------------------
INSERT INTO `dt_user_group_price` VALUES (1, 89, 1, 2199);
INSERT INTO `dt_user_group_price` VALUES (2, 89, 2, 2177.01);
INSERT INTO `dt_user_group_price` VALUES (3, 89, 3, 2155.02);
INSERT INTO `dt_user_group_price` VALUES (4, 89, 4, 2089.05);

-- ----------------------------
-- Table structure for dt_user_groups
-- ----------------------------
DROP TABLE IF EXISTS `dt_user_groups`;
CREATE TABLE `dt_user_groups`  (
  `id` int(11) NULL DEFAULT NULL,
  `title` varchar(100) CHARACTER SET utf8 COLLATE utf8_general_ci NULL DEFAULT NULL,
  `grade` int(11) NULL DEFAULT NULL,
  `upgrade_exp` int(11) NULL DEFAULT NULL,
  `amount` double NULL DEFAULT NULL,
  `point` int(11) NULL DEFAULT NULL,
  `discount` int(11) NULL DEFAULT NULL,
  `is_default` int(11) NULL DEFAULT NULL,
  `is_upgrade` int(11) NULL DEFAULT NULL,
  `is_lock` int(11) NULL DEFAULT NULL
) ENGINE = InnoDB AVG_ROW_LENGTH = 4096 CHARACTER SET = utf8 COLLATE = utf8_general_ci ROW_FORMAT = DYNAMIC;

-- ----------------------------
-- Records of dt_user_groups
-- ----------------------------
INSERT INTO `dt_user_groups` VALUES (1, '注册会员', 1, 0, 0, 0, 100, 1, 0, 0);
INSERT INTO `dt_user_groups` VALUES (2, '高级会员', 2, 1000, 0, 0, 99, 0, 1, 0);
INSERT INTO `dt_user_groups` VALUES (3, '中级会员', 3, 2000, 1, 10, 98, 0, 1, 0);
INSERT INTO `dt_user_groups` VALUES (4, '钻石会员', 4, 3000, 2, 20, 95, 0, 1, 0);

-- ----------------------------
-- Table structure for dt_user_login_log
-- ----------------------------
DROP TABLE IF EXISTS `dt_user_login_log`;
CREATE TABLE `dt_user_login_log`  (
  `id` int(11) NULL DEFAULT NULL,
  `user_id` int(11) NULL DEFAULT NULL,
  `user_name` varchar(100) CHARACTER SET utf8 COLLATE utf8_general_ci NULL DEFAULT NULL,
  `remark` varchar(255) CHARACTER SET utf8 COLLATE utf8_general_ci NULL DEFAULT NULL,
  `login_time` timestamp NOT NULL DEFAULT CURRENT_TIMESTAMP ON UPDATE CURRENT_TIMESTAMP,
  `login_ip` varchar(50) CHARACTER SET utf8 COLLATE utf8_general_ci NULL DEFAULT NULL
) ENGINE = InnoDB CHARACTER SET = utf8 COLLATE = utf8_general_ci ROW_FORMAT = DYNAMIC;

-- ----------------------------
-- Records of dt_user_login_log
-- ----------------------------

-- ----------------------------
-- Table structure for dt_user_message
-- ----------------------------
DROP TABLE IF EXISTS `dt_user_message`;
CREATE TABLE `dt_user_message`  (
  `id` int(11) NULL DEFAULT NULL,
  `type` int(11) NULL DEFAULT NULL,
  `post_user_name` varchar(100) CHARACTER SET utf8 COLLATE utf8_general_ci NULL DEFAULT NULL,
  `accept_user_name` varchar(100) CHARACTER SET utf8 COLLATE utf8_general_ci NULL DEFAULT NULL,
  `is_read` int(11) NULL DEFAULT NULL,
  `title` varchar(100) CHARACTER SET utf8 COLLATE utf8_general_ci NULL DEFAULT NULL,
  `content` longtext CHARACTER SET utf8 COLLATE utf8_general_ci NULL,
  `post_time` timestamp NOT NULL DEFAULT CURRENT_TIMESTAMP ON UPDATE CURRENT_TIMESTAMP,
  `read_time` timestamp NOT NULL DEFAULT '2019-01-01 00:00:00'
) ENGINE = InnoDB CHARACTER SET = utf8 COLLATE = utf8_general_ci ROW_FORMAT = DYNAMIC;

-- ----------------------------
-- Records of dt_user_message
-- ----------------------------

-- ----------------------------
-- Table structure for dt_user_oauth
-- ----------------------------
DROP TABLE IF EXISTS `dt_user_oauth`;
CREATE TABLE `dt_user_oauth`  (
  `id` int(11) NULL DEFAULT NULL,
  `user_id` int(11) NULL DEFAULT NULL,
  `user_name` varchar(100) CHARACTER SET utf8 COLLATE utf8_general_ci NULL DEFAULT NULL,
  `oauth_name` varchar(50) CHARACTER SET utf8 COLLATE utf8_general_ci NULL DEFAULT NULL,
  `oauth_access_token` varchar(255) CHARACTER SET utf8 COLLATE utf8_general_ci NULL DEFAULT NULL,
  `oauth_openid` varchar(255) CHARACTER SET utf8 COLLATE utf8_general_ci NULL DEFAULT NULL,
  `add_time` timestamp NOT NULL DEFAULT CURRENT_TIMESTAMP ON UPDATE CURRENT_TIMESTAMP
) ENGINE = InnoDB CHARACTER SET = utf8 COLLATE = utf8_general_ci ROW_FORMAT = DYNAMIC;

-- ----------------------------
-- Records of dt_user_oauth
-- ----------------------------

-- ----------------------------
-- Table structure for dt_user_oauth_app
-- ----------------------------
DROP TABLE IF EXISTS `dt_user_oauth_app`;
CREATE TABLE `dt_user_oauth_app`  (
  `id` int(11) NULL DEFAULT NULL,
  `title` varchar(100) CHARACTER SET utf8 COLLATE utf8_general_ci NULL DEFAULT NULL,
  `img_url` varchar(255) CHARACTER SET utf8 COLLATE utf8_general_ci NULL DEFAULT NULL,
  `app_id` varchar(100) CHARACTER SET utf8 COLLATE utf8_general_ci NULL DEFAULT NULL,
  `app_key` varchar(255) CHARACTER SET utf8 COLLATE utf8_general_ci NULL DEFAULT NULL,
  `remark` varchar(255) CHARACTER SET utf8 COLLATE utf8_general_ci NULL DEFAULT NULL,
  `sort_id` int(11) NULL DEFAULT NULL,
  `is_lock` int(11) NULL DEFAULT NULL,
  `api_path` varchar(255) CHARACTER SET utf8 COLLATE utf8_general_ci NULL DEFAULT NULL
) ENGINE = InnoDB AVG_ROW_LENGTH = 2730 CHARACTER SET = utf8 COLLATE = utf8_general_ci ROW_FORMAT = DYNAMIC;

-- ----------------------------
-- Records of dt_user_oauth_app
-- ----------------------------
INSERT INTO `dt_user_oauth_app` VALUES (1, '用QQ帐号登录', '/images/oauth/qq.png', 'API Key', 'Secret Key', 'QQ互联开放平台', 99, 0, 'qq');
INSERT INTO `dt_user_oauth_app` VALUES (2, '用新浪微博登录', '/images/oauth/weibo.png', 'API Key', 'Secret Key', '新浪微博开放平台', 100, 0, 'sina');
INSERT INTO `dt_user_oauth_app` VALUES (3, '用淘宝账号登录', '/images/oauth/taobao.png', 'API Key', 'Secret Key', '淘宝开放平台', 101, 0, 'taobao');
INSERT INTO `dt_user_oauth_app` VALUES (4, '用开心网帐号登录', '/images/oauth/kaixin.png', 'API Key', 'Secret Key', '开心网开放平台', 102, 0, 'kaixin');
INSERT INTO `dt_user_oauth_app` VALUES (5, '用人人网帐号登录', '/images/oauth/renren.png', 'API Key', 'Secret Key', '人人网开放平台', 103, 0, 'renren');
INSERT INTO `dt_user_oauth_app` VALUES (6, '用飞信账号登录', '/images/oauth/feixin.png', 'API Key', 'Secret Key', '中国移动飞信开放平台', 104, 0, 'feixin');

-- ----------------------------
-- Table structure for dt_user_point_log
-- ----------------------------
DROP TABLE IF EXISTS `dt_user_point_log`;
CREATE TABLE `dt_user_point_log`  (
  `id` int(11) NULL DEFAULT NULL,
  `user_id` int(11) NULL DEFAULT NULL,
  `user_name` varchar(100) CHARACTER SET utf8 COLLATE utf8_general_ci NULL DEFAULT NULL,
  `value` int(11) NULL DEFAULT NULL,
  `remark` varchar(255) CHARACTER SET utf8 COLLATE utf8_general_ci NULL DEFAULT NULL,
  `add_time` timestamp NOT NULL DEFAULT CURRENT_TIMESTAMP ON UPDATE CURRENT_TIMESTAMP
) ENGINE = InnoDB CHARACTER SET = utf8 COLLATE = utf8_general_ci ROW_FORMAT = DYNAMIC;

-- ----------------------------
-- Records of dt_user_point_log
-- ----------------------------

-- ----------------------------
-- Table structure for dt_user_recharge
-- ----------------------------
DROP TABLE IF EXISTS `dt_user_recharge`;
CREATE TABLE `dt_user_recharge`  (
  `id` int(11) NULL DEFAULT NULL,
  `user_id` int(11) NULL DEFAULT NULL,
  `user_name` varchar(100) CHARACTER SET utf8 COLLATE utf8_general_ci NULL DEFAULT NULL,
  `recharge_no` varchar(100) CHARACTER SET utf8 COLLATE utf8_general_ci NULL DEFAULT NULL,
  `payment_id` int(11) NULL DEFAULT NULL,
  `amount` double NULL DEFAULT NULL,
  `status` int(11) NULL DEFAULT NULL,
  `add_time` timestamp NOT NULL DEFAULT CURRENT_TIMESTAMP ON UPDATE CURRENT_TIMESTAMP,
  `complete_time` timestamp NOT NULL DEFAULT '2019-01-01 00:00:00'
) ENGINE = InnoDB CHARACTER SET = utf8 COLLATE = utf8_general_ci ROW_FORMAT = DYNAMIC;

-- ----------------------------
-- Records of dt_user_recharge
-- ----------------------------

-- ----------------------------
-- Table structure for dt_users
-- ----------------------------
DROP TABLE IF EXISTS `dt_users`;
CREATE TABLE `dt_users`  (
  `id` int(11) NULL DEFAULT NULL,
  `group_id` int(11) NULL DEFAULT NULL,
  `user_name` varchar(100) CHARACTER SET utf8 COLLATE utf8_general_ci NULL DEFAULT NULL,
  `salt` varchar(20) CHARACTER SET utf8 COLLATE utf8_general_ci NULL DEFAULT NULL,
  `password` varchar(100) CHARACTER SET utf8 COLLATE utf8_general_ci NULL DEFAULT NULL,
  `mobile` varchar(20) CHARACTER SET utf8 COLLATE utf8_general_ci NULL DEFAULT NULL,
  `email` varchar(50) CHARACTER SET utf8 COLLATE utf8_general_ci NULL DEFAULT NULL,
  `avatar` varchar(255) CHARACTER SET utf8 COLLATE utf8_general_ci NULL DEFAULT NULL,
  `nick_name` varchar(100) CHARACTER SET utf8 COLLATE utf8_general_ci NULL DEFAULT NULL,
  `sex` varchar(20) CHARACTER SET utf8 COLLATE utf8_general_ci NULL DEFAULT NULL,
  `birthday` timestamp NOT NULL DEFAULT CURRENT_TIMESTAMP ON UPDATE CURRENT_TIMESTAMP,
  `telphone` varchar(50) CHARACTER SET utf8 COLLATE utf8_general_ci NULL DEFAULT NULL,
  `area` varchar(255) CHARACTER SET utf8 COLLATE utf8_general_ci NULL DEFAULT NULL,
  `address` varchar(255) CHARACTER SET utf8 COLLATE utf8_general_ci NULL DEFAULT NULL,
  `qq` varchar(20) CHARACTER SET utf8 COLLATE utf8_general_ci NULL DEFAULT NULL,
  `msn` varchar(100) CHARACTER SET utf8 COLLATE utf8_general_ci NULL DEFAULT NULL,
  `amount` double NULL DEFAULT NULL,
  `point` int(11) NULL DEFAULT NULL,
  `exp` int(11) NULL DEFAULT NULL,
  `status` int(11) NULL DEFAULT NULL,
  `reg_time` timestamp NOT NULL DEFAULT '2019-01-01 00:00:00',
  `reg_ip` varchar(20) CHARACTER SET utf8 COLLATE utf8_general_ci NULL DEFAULT NULL
) ENGINE = InnoDB CHARACTER SET = utf8 COLLATE = utf8_general_ci ROW_FORMAT = DYNAMIC;

-- ----------------------------
-- Records of dt_users
-- ----------------------------
INSERT INTO `dt_users` VALUES (1, 1, 'test', '4B2H04', 'ED60EDEC7283B95C', '13800138000', 'test@dtcms.net', '', '测试', '保密', '2016-12-06 17:04:18', '', '', '', '', '', 230, 10, 20, 0, '2015-03-30 19:43:42', '127.0.0.1');

SET FOREIGN_KEY_CHECKS = 1;
